start_sec,end_sec,duration,similarity,prototype,source_file,segment_filename
422.466,436.158,13.692000000000007,0.9590741395950317,19,A:\A _ Working\Researching\B - AIoT Lab VN\VITOSA\another_test\Get_More\audio\9D00xkJM2ww.wav,9D00xkJM2ww_1.wav
355.874,368.702,12.827999999999975,0.9531190395355225,19,A:\A _ Working\Researching\B - AIoT Lab VN\VITOSA\another_test\Get_More\audio\9D00xkJM2ww.wav,9D00xkJM2ww_2.wav
589.218,596.798,7.580000000000041,0.9525525569915771,19,A:\A _ Working\Researching\B - AIoT Lab VN\VITOSA\another_test\Get_More\audio\9D00xkJM2ww.wav,9D00xkJM2ww_3.wav
234.434,240.638,6.204000000000008,0.9476022124290466,6,A:\A _ Working\Researching\B - AIoT Lab VN\VITOSA\another_test\Get_More\audio\eUFVxaNfhzA.wav,eUFVxaNfhzA_1.wav
285.506,297.246,11.740000000000009,0.946463406085968,2,A:\A _ Working\Researching\B - AIoT Lab VN\VITOSA\another_test\Get_More\audio\eUFVxaNfhzA.wav,eUFVxaNfhzA_2.wav
637.762,647.838,10.076000000000022,0.9448042511940002,19,A:\A _ Working\Researching\B - AIoT Lab VN\VITOSA\another_test\Get_More\audio\9D00xkJM2ww.wav,9D00xkJM2ww_4.wav
78.114,90.43,12.316000000000003,0.9447235465049744,19,A:\A _ Working\Researching\B - AIoT Lab VN\VITOSA\another_test\Get_More\audio\7kB_BvGGN6s.wav,7kB_BvGGN6s_1.wav
435.874,448.702,12.827999999999975,0.9433045387268066,7,A:\A _ Working\Researching\B - AIoT Lab VN\VITOSA\another_test\Get_More\audio\7kB_BvGGN6s.wav,7kB_BvGGN6s_2.wav
231.682,243.71,12.02800000000002,0.941377580165863,19,A:\A _ Working\Researching\B - AIoT Lab VN\VITOSA\another_test\Get_More\audio\9D00xkJM2ww.wav,9D00xkJM2ww_5.wav
595.81,604.83,9.020000000000095,0.9408397674560547,7,A:\A _ Working\Researching\B - AIoT Lab VN\VITOSA\another_test\Get_More\audio\R6g946lCMPs.wav,R6g946lCMPs_1.wav
890.658,900.414,9.755999999999972,0.9407424926757812,2,A:\A _ Working\Researching\B - AIoT Lab VN\VITOSA\another_test\Get_More\audio\eUFVxaNfhzA.wav,eUFVxaNfhzA_3.wav
523.234,529.95,6.716000000000008,0.9406266808509827,1,A:\A _ Working\Researching\B - AIoT Lab VN\VITOSA\another_test\Get_More\audio\S18XXLEo6uE.wav,S18XXLEo6uE_1.wav
159.682,173.214,13.53200000000001,0.9402599334716797,7,A:\A _ Working\Researching\B - AIoT Lab VN\VITOSA\another_test\Get_More\audio\7kB_BvGGN6s.wav,7kB_BvGGN6s_3.wav
1077.506,1086.174,8.667999999999893,0.9402429461479187,9,A:\A _ Working\Researching\B - AIoT Lab VN\VITOSA\another_test\Get_More\audio\S18XXLEo6uE.wav,S18XXLEo6uE_2.wav
3584.706,3589.598,4.891999999999825,0.940010130405426,7,A:\A _ Working\Researching\B - AIoT Lab VN\VITOSA\another_test\Get_More\audio\Xs286Xdd4Nc.wav,Xs286Xdd4Nc_1.wav
662.146,666.878,4.732000000000085,0.9398422837257385,7,A:\A _ Working\Researching\B - AIoT Lab VN\VITOSA\another_test\Get_More\audio\R6g946lCMPs.wav,R6g946lCMPs_2.wav
5297.282,5309.95,12.667999999999665,0.939019501209259,17,A:\A _ Working\Researching\B - AIoT Lab VN\VITOSA\another_test\Get_More\audio\qXHma6XYctI.wav,qXHma6XYctI_1.wav
314.946,323.966,9.019999999999982,0.9386703968048096,9,A:\A _ Working\Researching\B - AIoT Lab VN\VITOSA\another_test\Get_More\audio\jRU0twOCBeQ.wav,jRU0twOCBeQ_1.wav
5052.482,5063.806,11.323999999999614,0.9386559724807739,17,A:\A _ Working\Researching\B - AIoT Lab VN\VITOSA\another_test\Get_More\audio\qXHma6XYctI.wav,qXHma6XYctI_2.wav
1099.522,1103.774,4.251999999999953,0.9386247992515564,17,A:\A _ Working\Researching\B - AIoT Lab VN\VITOSA\another_test\Get_More\audio\S18XXLEo6uE.wav,S18XXLEo6uE_3.wav
189.89,197.022,7.132000000000005,0.9385316967964172,19,A:\A _ Working\Researching\B - AIoT Lab VN\VITOSA\another_test\Get_More\audio\7kB_BvGGN6s.wav,7kB_BvGGN6s_4.wav
473.538,479.166,5.627999999999986,0.9382096529006958,7,A:\A _ Working\Researching\B - AIoT Lab VN\VITOSA\another_test\Get_More\audio\7kB_BvGGN6s.wav,7kB_BvGGN6s_5.wav
3635.522,3647.71,12.188000000000102,0.9381923079490662,19,A:\A _ Working\Researching\B - AIoT Lab VN\VITOSA\another_test\Get_More\audio\jRU0twOCBeQ.wav,jRU0twOCBeQ_2.wav
1137.89,1149.502,11.611999999999853,0.9378169178962708,9,A:\A _ Working\Researching\B - AIoT Lab VN\VITOSA\another_test\Get_More\audio\ONBa0kwBjmQ.wav,ONBa0kwBjmQ_1.wav
2958.21,2964.446,6.235999999999876,0.9368910193443298,5,A:\A _ Working\Researching\B - AIoT Lab VN\VITOSA\another_test\Get_More\audio\ZL8rrh9cEQk.wav,ZL8rrh9cEQk_1.wav
785.922,792.094,6.1720000000000255,0.9368834495544434,12,A:\A _ Working\Researching\B - AIoT Lab VN\VITOSA\another_test\Get_More\audio\ZL8rrh9cEQk.wav,ZL8rrh9cEQk_2.wav
86.786,95.806,9.019999999999996,0.9367442727088928,7,A:\A _ Working\Researching\B - AIoT Lab VN\VITOSA\another_test\Get_More\audio\fMfos_YBT0o.wav,fMfos_YBT0o_1.wav
208.45,215.998,7.548000000000002,0.936234176158905,17,A:\A _ Working\Researching\B - AIoT Lab VN\VITOSA\another_test\Get_More\audio\7kB_BvGGN6s.wav,7kB_BvGGN6s_6.wav
3971.234,3978.686,7.4520000000002256,0.9359300136566162,9,A:\A _ Working\Researching\B - AIoT Lab VN\VITOSA\another_test\Get_More\audio\ZL8rrh9cEQk.wav,ZL8rrh9cEQk_3.wav
256.418,262.558,6.139999999999986,0.9357060194015503,7,A:\A _ Working\Researching\B - AIoT Lab VN\VITOSA\another_test\Get_More\audio\9D00xkJM2ww.wav,9D00xkJM2ww_6.wav
269.122,277.63,8.507999999999981,0.9351798295974731,7,A:\A _ Working\Researching\B - AIoT Lab VN\VITOSA\another_test\Get_More\audio\5PJoMB03vwI.wav,5PJoMB03vwI_1.wav
576.13,584.766,8.635999999999967,0.9351481795310974,19,A:\A _ Working\Researching\B - AIoT Lab VN\VITOSA\another_test\Get_More\audio\qXHma6XYctI.wav,qXHma6XYctI_3.wav
813.25,821.47,8.220000000000027,0.9351373910903931,18,A:\A _ Working\Researching\B - AIoT Lab VN\VITOSA\another_test\Get_More\audio\7kB_BvGGN6s.wav,7kB_BvGGN6s_7.wav
308.77,321.95,13.180000000000007,0.934934139251709,19,A:\A _ Working\Researching\B - AIoT Lab VN\VITOSA\another_test\Get_More\audio\5RbEHUr5ezA.wav,5RbEHUr5ezA_1.wav
467.586,480.574,12.988,0.9347560405731201,19,A:\A _ Working\Researching\B - AIoT Lab VN\VITOSA\another_test\Get_More\audio\9D00xkJM2ww.wav,9D00xkJM2ww_7.wav
1710.178,1722.718,12.539999999999964,0.9345250725746155,7,A:\A _ Working\Researching\B - AIoT Lab VN\VITOSA\another_test\Get_More\audio\5RbEHUr5ezA.wav,5RbEHUr5ezA_2.wav
3163.49,3175.262,11.77200000000039,0.9338945150375366,2,A:\A _ Working\Researching\B - AIoT Lab VN\VITOSA\another_test\Get_More\audio\ZL8rrh9cEQk.wav,ZL8rrh9cEQk_4.wav
323.426,331.326,7.900000000000034,0.9338692426681519,19,A:\A _ Working\Researching\B - AIoT Lab VN\VITOSA\another_test\Get_More\audio\3bbPKJQL5Pc.wav,3bbPKJQL5Pc_1.wav
873.634,882.974,9.340000000000032,0.9338081479072571,6,A:\A _ Working\Researching\B - AIoT Lab VN\VITOSA\another_test\Get_More\audio\R6g946lCMPs.wav,R6g946lCMPs_3.wav
2023.01,2035.678,12.66800000000012,0.9337232112884521,9,A:\A _ Working\Researching\B - AIoT Lab VN\VITOSA\another_test\Get_More\audio\Xs286Xdd4Nc.wav,Xs286Xdd4Nc_2.wav
445.922,454.59,8.66799999999995,0.9336730241775513,19,A:\A _ Working\Researching\B - AIoT Lab VN\VITOSA\another_test\Get_More\audio\5RbEHUr5ezA.wav,5RbEHUr5ezA_3.wav
446.274,455.742,9.468000000000018,0.9331521391868591,9,A:\A _ Working\Researching\B - AIoT Lab VN\VITOSA\another_test\Get_More\audio\ONBa0kwBjmQ.wav,ONBa0kwBjmQ_2.wav
485.634,495.422,9.788000000000011,0.9330077171325684,9,A:\A _ Working\Researching\B - AIoT Lab VN\VITOSA\another_test\Get_More\audio\hrS5Tdh0VTU.wav,hrS5Tdh0VTU_1.wav
364.642,375.23,10.588000000000022,0.9329909086227417,6,A:\A _ Working\Researching\B - AIoT Lab VN\VITOSA\another_test\Get_More\audio\fMfos_YBT0o.wav,fMfos_YBT0o_2.wav
480.514,490.942,10.427999999999997,0.9329767227172852,9,A:\A _ Working\Researching\B - AIoT Lab VN\VITOSA\another_test\Get_More\audio\ONBa0kwBjmQ.wav,ONBa0kwBjmQ_3.wav
201.154,210.91,9.756,0.932868480682373,15,A:\A _ Working\Researching\B - AIoT Lab VN\VITOSA\another_test\Get_More\audio\hrS5Tdh0VTU.wav,hrS5Tdh0VTU_2.wav
395.522,402.59,7.067999999999984,0.9328651428222656,17,A:\A _ Working\Researching\B - AIoT Lab VN\VITOSA\another_test\Get_More\audio\9D00xkJM2ww.wav,9D00xkJM2ww_8.wav
1014.466,1028.222,13.755999999999972,0.9327107071876526,18,A:\A _ Working\Researching\B - AIoT Lab VN\VITOSA\another_test\Get_More\audio\9D00xkJM2ww.wav,9D00xkJM2ww_9.wav
172.29,176.798,4.50800000000001,0.9325152635574341,7,A:\A _ Working\Researching\B - AIoT Lab VN\VITOSA\another_test\Get_More\audio\5RbEHUr5ezA.wav,5RbEHUr5ezA_4.wav
1930.658,1942.75,12.092000000000098,0.9323956966400146,18,A:\A _ Working\Researching\B - AIoT Lab VN\VITOSA\another_test\Get_More\audio\R6g946lCMPs.wav,R6g946lCMPs_4.wav
3577.25,3584.99,7.739999999999782,0.9323427677154541,17,A:\A _ Working\Researching\B - AIoT Lab VN\VITOSA\another_test\Get_More\audio\RlOmT9AueBw.wav,RlOmT9AueBw_1.wav
323.97,334.046,10.075999999999965,0.9320974349975586,18,A:\A _ Working\Researching\B - AIoT Lab VN\VITOSA\another_test\Get_More\audio\eUFVxaNfhzA.wav,eUFVxaNfhzA_4.wav
404.962,415.582,10.620000000000005,0.9318833351135254,16,A:\A _ Working\Researching\B - AIoT Lab VN\VITOSA\another_test\Get_More\audio\S18XXLEo6uE.wav,S18XXLEo6uE_4.wav
268.546,277.15,8.603999999999985,0.9318123459815979,9,A:\A _ Working\Researching\B - AIoT Lab VN\VITOSA\another_test\Get_More\audio\jRU0twOCBeQ.wav,jRU0twOCBeQ_3.wav
1284.13,1294.046,9.91599999999994,0.9316835403442383,9,A:\A _ Working\Researching\B - AIoT Lab VN\VITOSA\another_test\Get_More\audio\S18XXLEo6uE.wav,S18XXLEo6uE_5.wav
492.898,498.142,5.243999999999971,0.9312436580657959,12,A:\A _ Working\Researching\B - AIoT Lab VN\VITOSA\another_test\Get_More\audio\7kB_BvGGN6s.wav,7kB_BvGGN6s_8.wav
305.154,313.79,8.636000000000024,0.9312114715576172,2,A:\A _ Working\Researching\B - AIoT Lab VN\VITOSA\another_test\Get_More\audio\eUFVxaNfhzA.wav,eUFVxaNfhzA_5.wav
99.074,105.054,5.980000000000004,0.9310603737831116,19,A:\A _ Working\Researching\B - AIoT Lab VN\VITOSA\another_test\Get_More\audio\eUFVxaNfhzA.wav,eUFVxaNfhzA_6.wav
1987.106,1993.214,6.107999999999947,0.931032657623291,9,A:\A _ Working\Researching\B - AIoT Lab VN\VITOSA\another_test\Get_More\audio\S18XXLEo6uE.wav,S18XXLEo6uE_6.wav
380.226,392.414,12.187999999999988,0.9309589862823486,6,A:\A _ Working\Researching\B - AIoT Lab VN\VITOSA\another_test\Get_More\audio\eUFVxaNfhzA.wav,eUFVxaNfhzA_7.wav
1160.61,1166.494,5.8840000000000146,0.9302192330360413,0,A:\A _ Working\Researching\B - AIoT Lab VN\VITOSA\another_test\Get_More\audio\ONBa0kwBjmQ.wav,ONBa0kwBjmQ_4.wav
2296.066,2309.726,13.66000000000031,0.9300616979598999,9,A:\A _ Working\Researching\B - AIoT Lab VN\VITOSA\another_test\Get_More\audio\R6g946lCMPs.wav,R6g946lCMPs_5.wav
576.322,587.614,11.29200000000003,0.9297522902488708,19,A:\A _ Working\Researching\B - AIoT Lab VN\VITOSA\another_test\Get_More\audio\R6g946lCMPs.wav,R6g946lCMPs_6.wav
1080.578,1094.526,13.948000000000093,0.9296267032623291,15,A:\A _ Working\Researching\B - AIoT Lab VN\VITOSA\another_test\Get_More\audio\ONBa0kwBjmQ.wav,ONBa0kwBjmQ_5.wav
3357.378,3369.47,12.091999999999643,0.9295676946640015,7,A:\A _ Working\Researching\B - AIoT Lab VN\VITOSA\another_test\Get_More\audio\5PJoMB03vwI.wav,5PJoMB03vwI_2.wav
5000.098,5010.878,10.779999999999745,0.9294765591621399,17,A:\A _ Working\Researching\B - AIoT Lab VN\VITOSA\another_test\Get_More\audio\qXHma6XYctI.wav,qXHma6XYctI_4.wav
1517.154,1526.014,8.8599999999999,0.9294439554214478,9,A:\A _ Working\Researching\B - AIoT Lab VN\VITOSA\another_test\Get_More\audio\ZL8rrh9cEQk.wav,ZL8rrh9cEQk_5.wav
2183.906,2191.454,7.548000000000229,0.9293563961982727,9,A:\A _ Working\Researching\B - AIoT Lab VN\VITOSA\another_test\Get_More\audio\5PJoMB03vwI.wav,5PJoMB03vwI_3.wav
1631.042,1640.606,9.564000000000078,0.9293012619018555,9,A:\A _ Working\Researching\B - AIoT Lab VN\VITOSA\another_test\Get_More\audio\R6g946lCMPs.wav,R6g946lCMPs_7.wav
1377.762,1391.614,13.85200000000009,0.9292476773262024,9,A:\A _ Working\Researching\B - AIoT Lab VN\VITOSA\another_test\Get_More\audio\ZL8rrh9cEQk.wav,ZL8rrh9cEQk_6.wav
67.298,78.142,10.843999999999994,0.929214596748352,19,A:\A _ Working\Researching\B - AIoT Lab VN\VITOSA\another_test\Get_More\audio\fMfos_YBT0o.wav,fMfos_YBT0o_3.wav
616.034,626.046,10.012000000000057,0.9292051792144775,9,A:\A _ Working\Researching\B - AIoT Lab VN\VITOSA\another_test\Get_More\audio\S18XXLEo6uE.wav,S18XXLEo6uE_7.wav
2085.762,2094.782,9.019999999999982,0.9290241599082947,9,A:\A _ Working\Researching\B - AIoT Lab VN\VITOSA\another_test\Get_More\audio\F0FDCeoa41k.wav,F0FDCeoa41k_1.wav
554.338,559.934,5.596000000000004,0.9282925724983215,19,A:\A _ Working\Researching\B - AIoT Lab VN\VITOSA\another_test\Get_More\audio\7kB_BvGGN6s.wav,7kB_BvGGN6s_9.wav
543.426,552.158,8.731999999999971,0.9279881715774536,8,A:\A _ Working\Researching\B - AIoT Lab VN\VITOSA\another_test\Get_More\audio\9D00xkJM2ww.wav,9D00xkJM2ww_10.wav
2153.698,2158.846,5.148000000000138,0.9277244806289673,9,A:\A _ Working\Researching\B - AIoT Lab VN\VITOSA\another_test\Get_More\audio\ZL8rrh9cEQk.wav,ZL8rrh9cEQk_7.wav
334.306,341.342,7.036000000000001,0.9277139902114868,17,A:\A _ Working\Researching\B - AIoT Lab VN\VITOSA\another_test\Get_More\audio\5RbEHUr5ezA.wav,5RbEHUr5ezA_5.wav
1268.482,1275.262,6.779999999999973,0.9277085661888123,9,A:\A _ Working\Researching\B - AIoT Lab VN\VITOSA\another_test\Get_More\audio\S18XXLEo6uE.wav,S18XXLEo6uE_8.wav
2279.714,2288.766,9.052000000000135,0.927635908126831,9,A:\A _ Working\Researching\B - AIoT Lab VN\VITOSA\another_test\Get_More\audio\R6g946lCMPs.wav,R6g946lCMPs_8.wav
3134.274,3138.142,3.867999999999938,0.9274932146072388,5,A:\A _ Working\Researching\B - AIoT Lab VN\VITOSA\another_test\Get_More\audio\eUFVxaNfhzA.wav,eUFVxaNfhzA_8.wav
132.002,141.95,9.947999999999979,0.9273805618286133,19,A:\A _ Working\Researching\B - AIoT Lab VN\VITOSA\another_test\Get_More\audio\5RbEHUr5ezA.wav,5RbEHUr5ezA_6.wav
564.226,575.998,11.772000000000048,0.9272379875183105,2,A:\A _ Working\Researching\B - AIoT Lab VN\VITOSA\another_test\Get_More\audio\eUFVxaNfhzA.wav,eUFVxaNfhzA_9.wav
1794.05,1801.79,7.740000000000009,0.9271203875541687,18,A:\A _ Working\Researching\B - AIoT Lab VN\VITOSA\another_test\Get_More\audio\y-6gIUvZ6f4.wav,y-6gIUvZ6f4_1.wav
377.826,391.39,13.563999999999965,0.926945686340332,12,A:\A _ Working\Researching\B - AIoT Lab VN\VITOSA\another_test\Get_More\audio\7kB_BvGGN6s.wav,7kB_BvGGN6s_10.wav
3460.066,3465.278,5.211999999999989,0.9267624616622925,7,A:\A _ Working\Researching\B - AIoT Lab VN\VITOSA\another_test\Get_More\audio\_agW7zGT4nM.wav,_agW7zGT4nM_1.wav
1044.93,1055.326,10.395999999999958,0.9267237782478333,9,A:\A _ Working\Researching\B - AIoT Lab VN\VITOSA\another_test\Get_More\audio\S18XXLEo6uE.wav,S18XXLEo6uE_9.wav
468.482,481.598,13.115999999999985,0.9266653060913086,6,A:\A _ Working\Researching\B - AIoT Lab VN\VITOSA\another_test\Get_More\audio\S18XXLEo6uE.wav,S18XXLEo6uE_10.wav
1821.89,1832.03,10.139999999999873,0.9266438484191895,9,A:\A _ Working\Researching\B - AIoT Lab VN\VITOSA\another_test\Get_More\audio\S18XXLEo6uE.wav,S18XXLEo6uE_11.wav
2283.362,2288.574,5.211999999999989,0.9266291260719299,9,A:\A _ Working\Researching\B - AIoT Lab VN\VITOSA\another_test\Get_More\audio\ZL8rrh9cEQk.wav,ZL8rrh9cEQk_8.wav
1848.418,1855.582,7.164000000000215,0.9264577031135559,9,A:\A _ Working\Researching\B - AIoT Lab VN\VITOSA\another_test\Get_More\audio\ONBa0kwBjmQ.wav,ONBa0kwBjmQ_6.wav
3530.274,3542.846,12.572000000000116,0.9263627529144287,9,A:\A _ Working\Researching\B - AIoT Lab VN\VITOSA\another_test\Get_More\audio\ONBa0kwBjmQ.wav,ONBa0kwBjmQ_7.wav
194.722,207.902,13.179999999999978,0.9261345863342285,17,A:\A _ Working\Researching\B - AIoT Lab VN\VITOSA\another_test\Get_More\audio\eUFVxaNfhzA.wav,eUFVxaNfhzA_10.wav
2342.594,2352.062,9.467999999999847,0.9260903000831604,0,A:\A _ Working\Researching\B - AIoT Lab VN\VITOSA\another_test\Get_More\audio\R6g946lCMPs.wav,R6g946lCMPs_9.wav
4022.786,4027.102,4.3159999999998035,0.9260592460632324,18,A:\A _ Working\Researching\B - AIoT Lab VN\VITOSA\another_test\Get_More\audio\ZL8rrh9cEQk.wav,ZL8rrh9cEQk_9.wav
217.794,229.118,11.323999999999984,0.9260514378547668,17,A:\A _ Working\Researching\B - AIoT Lab VN\VITOSA\another_test\Get_More\audio\5RbEHUr5ezA.wav,5RbEHUr5ezA_7.wav
2111.65,2122.174,10.523999999999887,0.9260354042053223,9,A:\A _ Working\Researching\B - AIoT Lab VN\VITOSA\another_test\Get_More\audio\R6g946lCMPs.wav,R6g946lCMPs_10.wav
234.082,243.262,9.180000000000007,0.9259893298149109,9,A:\A _ Working\Researching\B - AIoT Lab VN\VITOSA\another_test\Get_More\audio\jRU0twOCBeQ.wav,jRU0twOCBeQ_4.wav
3989.506,3998.942,9.43600000000015,0.9258596897125244,18,A:\A _ Working\Researching\B - AIoT Lab VN\VITOSA\another_test\Get_More\audio\5kfLCjQhB9E.wav,5kfLCjQhB9E_1.wav
3138.082,3144.798,6.7159999999998945,0.9257253408432007,19,A:\A _ Working\Researching\B - AIoT Lab VN\VITOSA\another_test\Get_More\audio\w_Fr7m0rntQ.wav,w_Fr7m0rntQ_1.wav
5319.81,5330.046,10.235999999999876,0.925700306892395,17,A:\A _ Working\Researching\B - AIoT Lab VN\VITOSA\another_test\Get_More\audio\qXHma6XYctI.wav,qXHma6XYctI_5.wav
3483.938,3493.918,9.980000000000018,0.925685465335846,9,A:\A _ Working\Researching\B - AIoT Lab VN\VITOSA\another_test\Get_More\audio\hrS5Tdh0VTU.wav,hrS5Tdh0VTU_3.wav
434.786,443.134,8.348000000000013,0.9256524443626404,7,A:\A _ Working\Researching\B - AIoT Lab VN\VITOSA\another_test\Get_More\audio\eUFVxaNfhzA.wav,eUFVxaNfhzA_11.wav
230.466,239.998,9.531999999999982,0.9255015850067139,19,A:\A _ Working\Researching\B - AIoT Lab VN\VITOSA\another_test\Get_More\audio\fMfos_YBT0o.wav,fMfos_YBT0o_4.wav
2074.978,2082.654,7.675999999999931,0.9254851341247559,9,A:\A _ Working\Researching\B - AIoT Lab VN\VITOSA\another_test\Get_More\audio\ZL8rrh9cEQk.wav,ZL8rrh9cEQk_10.wav
2640.194,2647.358,7.164000000000215,0.925323486328125,9,A:\A _ Working\Researching\B - AIoT Lab VN\VITOSA\another_test\Get_More\audio\Xs286Xdd4Nc.wav,Xs286Xdd4Nc_3.wav
2055.362,2065.246,9.884000000000015,0.9253075122833252,0,A:\A _ Working\Researching\B - AIoT Lab VN\VITOSA\another_test\Get_More\audio\Xs286Xdd4Nc.wav,Xs286Xdd4Nc_4.wav
162.978,176.03,13.051999999999992,0.9252266883850098,15,A:\A _ Working\Researching\B - AIoT Lab VN\VITOSA\another_test\Get_More\audio\eUFVxaNfhzA.wav,eUFVxaNfhzA_12.wav
2963.49,2969.118,5.628000000000156,0.9251583814620972,17,A:\A _ Working\Researching\B - AIoT Lab VN\VITOSA\another_test\Get_More\audio\y-6gIUvZ6f4.wav,y-6gIUvZ6f4_2.wav
306.882,319.934,13.052000000000021,0.9250972867012024,6,A:\A _ Working\Researching\B - AIoT Lab VN\VITOSA\another_test\Get_More\audio\ONBa0kwBjmQ.wav,ONBa0kwBjmQ_8.wav
625.506,630.942,5.4360000000000355,0.9249811172485352,17,A:\A _ Working\Researching\B - AIoT Lab VN\VITOSA\another_test\Get_More\audio\fMfos_YBT0o.wav,fMfos_YBT0o_5.wav
1131.714,1139.934,8.220000000000027,0.9249717593193054,17,A:\A _ Working\Researching\B - AIoT Lab VN\VITOSA\another_test\Get_More\audio\R6g946lCMPs.wav,R6g946lCMPs_11.wav
296.706,302.238,5.531999999999982,0.9248954057693481,19,A:\A _ Working\Researching\B - AIoT Lab VN\VITOSA\another_test\Get_More\audio\5RbEHUr5ezA.wav,5RbEHUr5ezA_8.wav
3952.45,3964.51,12.0600000000004,0.9248936176300049,9,A:\A _ Working\Researching\B - AIoT Lab VN\VITOSA\another_test\Get_More\audio\ZL8rrh9cEQk.wav,ZL8rrh9cEQk_11.wav
139.17,152.318,13.148000000000025,0.9248583316802979,17,A:\A _ Working\Researching\B - AIoT Lab VN\VITOSA\another_test\Get_More\audio\jRU0twOCBeQ.wav,jRU0twOCBeQ_5.wav
3609.09,3616.638,7.5479999999997744,0.9244195222854614,8,A:\A _ Working\Researching\B - AIoT Lab VN\VITOSA\another_test\Get_More\audio\5kfLCjQhB9E.wav,5kfLCjQhB9E_2.wav
2587.49,2593.63,6.140000000000327,0.9243533611297607,9,A:\A _ Working\Researching\B - AIoT Lab VN\VITOSA\another_test\Get_More\audio\S18XXLEo6uE.wav,S18XXLEo6uE_12.wav
1001.026,1009.214,8.188000000000102,0.9241200685501099,9,A:\A _ Working\Researching\B - AIoT Lab VN\VITOSA\another_test\Get_More\audio\9D00xkJM2ww.wav,9D00xkJM2ww_11.wav
360.45,366.11,5.660000000000025,0.9241151809692383,15,A:\A _ Working\Researching\B - AIoT Lab VN\VITOSA\another_test\Get_More\audio\hrS5Tdh0VTU.wav,hrS5Tdh0VTU_4.wav
319.682,332.766,13.084000000000003,0.9240919351577759,17,A:\A _ Working\Researching\B - AIoT Lab VN\VITOSA\another_test\Get_More\audio\9D00xkJM2ww.wav,9D00xkJM2ww_12.wav
4329.186,4336.894,7.708000000000538,0.9240028262138367,7,A:\A _ Working\Researching\B - AIoT Lab VN\VITOSA\another_test\Get_More\audio\R6g946lCMPs.wav,R6g946lCMPs_12.wav
62.114,67.678,5.564,0.9239750504493713,2,A:\A _ Working\Researching\B - AIoT Lab VN\VITOSA\another_test\Get_More\audio\eUFVxaNfhzA.wav,eUFVxaNfhzA_13.wav
677.666,684.958,7.291999999999916,0.9238952994346619,2,A:\A _ Working\Researching\B - AIoT Lab VN\VITOSA\another_test\Get_More\audio\R6g946lCMPs.wav,R6g946lCMPs_13.wav
849.73,858.558,8.827999999999975,0.9238296151161194,7,A:\A _ Working\Researching\B - AIoT Lab VN\VITOSA\another_test\Get_More\audio\ZL8rrh9cEQk.wav,ZL8rrh9cEQk_12.wav
2390.626,2400.062,9.435999999999694,0.9237649440765381,7,A:\A _ Working\Researching\B - AIoT Lab VN\VITOSA\another_test\Get_More\audio\eUFVxaNfhzA.wav,eUFVxaNfhzA_14.wav
254.498,265.214,10.716000000000008,0.9237614870071411,19,A:\A _ Working\Researching\B - AIoT Lab VN\VITOSA\another_test\Get_More\audio\5RbEHUr5ezA.wav,5RbEHUr5ezA_9.wav
2319.138,2326.014,6.876000000000204,0.9236980080604553,9,A:\A _ Working\Researching\B - AIoT Lab VN\VITOSA\another_test\Get_More\audio\ZL8rrh9cEQk.wav,ZL8rrh9cEQk_13.wav
1794.658,1801.566,6.908000000000129,0.9236823320388794,14,A:\A _ Working\Researching\B - AIoT Lab VN\VITOSA\another_test\Get_More\audio\_agW7zGT4nM.wav,_agW7zGT4nM_2.wav
806.69,814.622,7.931999999999903,0.9236801862716675,1,A:\A _ Working\Researching\B - AIoT Lab VN\VITOSA\another_test\Get_More\audio\ZL8rrh9cEQk.wav,ZL8rrh9cEQk_14.wav
1201.506,1213.022,11.515999999999849,0.923662543296814,9,A:\A _ Working\Researching\B - AIoT Lab VN\VITOSA\another_test\Get_More\audio\S18XXLEo6uE.wav,S18XXLEo6uE_13.wav
2121.794,2131.806,10.012000000000171,0.9235744476318359,9,A:\A _ Working\Researching\B - AIoT Lab VN\VITOSA\another_test\Get_More\audio\ZL8rrh9cEQk.wav,ZL8rrh9cEQk_15.wav
2056.61,2066.526,9.915999999999713,0.9232805967330933,5,A:\A _ Working\Researching\B - AIoT Lab VN\VITOSA\another_test\Get_More\audio\S18XXLEo6uE.wav,S18XXLEo6uE_14.wav
253.442,259.582,6.139999999999986,0.9232553243637085,1,A:\A _ Working\Researching\B - AIoT Lab VN\VITOSA\another_test\Get_More\audio\ONBa0kwBjmQ.wav,ONBa0kwBjmQ_9.wav
3045.922,3058.622,12.699999999999818,0.9231736660003662,6,A:\A _ Working\Researching\B - AIoT Lab VN\VITOSA\another_test\Get_More\audio\hrS5Tdh0VTU.wav,hrS5Tdh0VTU_5.wav
282.946,291.934,8.988,0.92316734790802,15,A:\A _ Working\Researching\B - AIoT Lab VN\VITOSA\another_test\Get_More\audio\Xs286Xdd4Nc.wav,Xs286Xdd4Nc_5.wav
1022.882,1028.574,5.692000000000121,0.9231629371643066,7,A:\A _ Working\Researching\B - AIoT Lab VN\VITOSA\another_test\Get_More\audio\7kB_BvGGN6s.wav,7kB_BvGGN6s_11.wav
1664.066,1669.246,5.180000000000064,0.9231302738189697,9,A:\A _ Working\Researching\B - AIoT Lab VN\VITOSA\another_test\Get_More\audio\R6g946lCMPs.wav,R6g946lCMPs_14.wav
932.61,938.142,5.532000000000039,0.9230783581733704,9,A:\A _ Working\Researching\B - AIoT Lab VN\VITOSA\another_test\Get_More\audio\ONBa0kwBjmQ.wav,ONBa0kwBjmQ_10.wav
2239.746,2250.494,10.748000000000047,0.9230105876922607,9,A:\A _ Working\Researching\B - AIoT Lab VN\VITOSA\another_test\Get_More\audio\R6g946lCMPs.wav,R6g946lCMPs_15.wav
2024.898,2033.566,8.66800000000012,0.9229857325553894,9,A:\A _ Working\Researching\B - AIoT Lab VN\VITOSA\another_test\Get_More\audio\S18XXLEo6uE.wav,S18XXLEo6uE_15.wav
742.338,752.862,10.524000000000001,0.9229822158813477,19,A:\A _ Working\Researching\B - AIoT Lab VN\VITOSA\another_test\Get_More\audio\R6g946lCMPs.wav,R6g946lCMPs_16.wav
1430.338,1438.878,8.539999999999964,0.9228959083557129,3,A:\A _ Working\Researching\B - AIoT Lab VN\VITOSA\another_test\Get_More\audio\5kfLCjQhB9E.wav,5kfLCjQhB9E_3.wav
641.186,652.19,11.004000000000019,0.922857403755188,3,A:\A _ Working\Researching\B - AIoT Lab VN\VITOSA\another_test\Get_More\audio\qXHma6XYctI.wav,qXHma6XYctI_6.wav
1804.834,1813.31,8.475999999999885,0.9228295087814331,7,A:\A _ Working\Researching\B - AIoT Lab VN\VITOSA\another_test\Get_More\audio\5RbEHUr5ezA.wav,5RbEHUr5ezA_10.wav
450.914,458.846,7.932000000000016,0.9226831793785095,9,A:\A _ Working\Researching\B - AIoT Lab VN\VITOSA\another_test\Get_More\audio\w_Fr7m0rntQ.wav,w_Fr7m0rntQ_2.wav
439.65,449.086,9.436000000000035,0.9225583076477051,9,A:\A _ Working\Researching\B - AIoT Lab VN\VITOSA\another_test\Get_More\audio\S18XXLEo6uE.wav,S18XXLEo6uE_16.wav
4553.538,4565.534,11.996000000000095,0.9224894046783447,17,A:\A _ Working\Researching\B - AIoT Lab VN\VITOSA\another_test\Get_More\audio\R6g946lCMPs.wav,R6g946lCMPs_17.wav
3073.474,3079.134,5.6599999999998545,0.9224438667297363,5,A:\A _ Working\Researching\B - AIoT Lab VN\VITOSA\another_test\Get_More\audio\eUFVxaNfhzA.wav,eUFVxaNfhzA_15.wav
3937.186,3946.174,8.987999999999829,0.9222254753112793,6,A:\A _ Working\Researching\B - AIoT Lab VN\VITOSA\another_test\Get_More\audio\ZL8rrh9cEQk.wav,ZL8rrh9cEQk_16.wav
867.554,874.014,6.460000000000036,0.922159731388092,19,A:\A _ Working\Researching\B - AIoT Lab VN\VITOSA\another_test\Get_More\audio\_agW7zGT4nM.wav,_agW7zGT4nM_3.wav
203.298,208.862,5.563999999999993,0.9220755100250244,6,A:\A _ Working\Researching\B - AIoT Lab VN\VITOSA\another_test\Get_More\audio\y-6gIUvZ6f4.wav,y-6gIUvZ6f4_3.wav
1820.834,1829.406,8.571999999999889,0.9218509793281555,3,A:\A _ Working\Researching\B - AIoT Lab VN\VITOSA\another_test\Get_More\audio\y-6gIUvZ6f4.wav,y-6gIUvZ6f4_4.wav
195.65,206.782,11.132000000000005,0.921841561794281,9,A:\A _ Working\Researching\B - AIoT Lab VN\VITOSA\another_test\Get_More\audio\ef_lApT7r54.wav,ef_lApT7r54_1.wav
126.498,138.846,12.347999999999999,0.9218261241912842,3,A:\A _ Working\Researching\B - AIoT Lab VN\VITOSA\another_test\Get_More\audio\hrS5Tdh0VTU.wav,hrS5Tdh0VTU_6.wav
825.154,829.214,4.060000000000059,0.9217215180397034,5,A:\A _ Working\Researching\B - AIoT Lab VN\VITOSA\another_test\Get_More\audio\ZL8rrh9cEQk.wav,ZL8rrh9cEQk_17.wav
675.17,684.254,9.08400000000006,0.9216997027397156,5,A:\A _ Working\Researching\B - AIoT Lab VN\VITOSA\another_test\Get_More\audio\fMfos_YBT0o.wav,fMfos_YBT0o_6.wav
3133.57,3139.806,6.235999999999876,0.921552300453186,9,A:\A _ Working\Researching\B - AIoT Lab VN\VITOSA\another_test\Get_More\audio\ONBa0kwBjmQ.wav,ONBa0kwBjmQ_11.wav
352.482,363.678,11.19599999999997,0.9214871525764465,9,A:\A _ Working\Researching\B - AIoT Lab VN\VITOSA\another_test\Get_More\audio\ONBa0kwBjmQ.wav,ONBa0kwBjmQ_12.wav
1095.554,1100.638,5.083999999999833,0.9214363694190979,5,A:\A _ Working\Researching\B - AIoT Lab VN\VITOSA\another_test\Get_More\audio\hrS5Tdh0VTU.wav,hrS5Tdh0VTU_7.wav
911.874,921.31,9.435999999999922,0.9212003946304321,9,A:\A _ Working\Researching\B - AIoT Lab VN\VITOSA\another_test\Get_More\audio\hrS5Tdh0VTU.wav,hrS5Tdh0VTU_8.wav
2902.498,2909.022,6.523999999999887,0.9211977124214172,17,A:\A _ Working\Researching\B - AIoT Lab VN\VITOSA\another_test\Get_More\audio\ef_lApT7r54.wav,ef_lApT7r54_2.wav
2092.29,2100.414,8.124000000000251,0.9211044311523438,9,A:\A _ Working\Researching\B - AIoT Lab VN\VITOSA\another_test\Get_More\audio\ZL8rrh9cEQk.wav,ZL8rrh9cEQk_18.wav
3578.37,3589.246,10.876000000000204,0.9209383130073547,1,A:\A _ Working\Researching\B - AIoT Lab VN\VITOSA\another_test\Get_More\audio\S18XXLEo6uE.wav,S18XXLEo6uE_17.wav
67.618,79.838,12.219999999999999,0.9206787347793579,2,A:\A _ Working\Researching\B - AIoT Lab VN\VITOSA\another_test\Get_More\audio\qXHma6XYctI.wav,qXHma6XYctI_7.wav
376.258,381.758,5.5,0.9206016063690186,17,A:\A _ Working\Researching\B - AIoT Lab VN\VITOSA\another_test\Get_More\audio\ONBa0kwBjmQ.wav,ONBa0kwBjmQ_13.wav
464.93,473.406,8.475999999999999,0.9204267859458923,10,A:\A _ Working\Researching\B - AIoT Lab VN\VITOSA\another_test\Get_More\audio\ONBa0kwBjmQ.wav,ONBa0kwBjmQ_14.wav
212.322,219.87,7.548000000000002,0.9203952550888062,12,A:\A _ Working\Researching\B - AIoT Lab VN\VITOSA\another_test\Get_More\audio\ef_lApT7r54.wav,ef_lApT7r54_3.wav
327.33,333.918,6.588000000000022,0.920289158821106,17,A:\A _ Working\Researching\B - AIoT Lab VN\VITOSA\another_test\Get_More\audio\7kB_BvGGN6s.wav,7kB_BvGGN6s_12.wav
888.194,898.398,10.204000000000065,0.9202864170074463,17,A:\A _ Working\Researching\B - AIoT Lab VN\VITOSA\another_test\Get_More\audio\R6g946lCMPs.wav,R6g946lCMPs_18.wav
550.114,559.326,9.211999999999989,0.9200159907341003,1,A:\A _ Working\Researching\B - AIoT Lab VN\VITOSA\another_test\Get_More\audio\S18XXLEo6uE.wav,S18XXLEo6uE_18.wav
1188.226,1193.982,5.755999999999858,0.9199685454368591,18,A:\A _ Working\Researching\B - AIoT Lab VN\VITOSA\another_test\Get_More\audio\jRU0twOCBeQ.wav,jRU0twOCBeQ_6.wav
3905.73,3912.83,7.099999999999909,0.9199325442314148,7,A:\A _ Working\Researching\B - AIoT Lab VN\VITOSA\another_test\Get_More\audio\ZL8rrh9cEQk.wav,ZL8rrh9cEQk_19.wav
2393.058,2405.918,12.860000000000127,0.9197559356689453,6,A:\A _ Working\Researching\B - AIoT Lab VN\VITOSA\another_test\Get_More\audio\5kfLCjQhB9E.wav,5kfLCjQhB9E_4.wav
112.226,118.686,6.460000000000008,0.919696569442749,2,A:\A _ Working\Researching\B - AIoT Lab VN\VITOSA\another_test\Get_More\audio\jRU0twOCBeQ.wav,jRU0twOCBeQ_7.wav
1646.498,1656.286,9.788000000000011,0.9196742177009583,9,A:\A _ Working\Researching\B - AIoT Lab VN\VITOSA\another_test\Get_More\audio\R6g946lCMPs.wav,R6g946lCMPs_19.wav
468.994,475.742,6.7479999999999905,0.9195724725723267,14,A:\A _ Working\Researching\B - AIoT Lab VN\VITOSA\another_test\Get_More\audio\5kfLCjQhB9E.wav,5kfLCjQhB9E_5.wav
2940.226,2951.038,10.811999999999898,0.9194869995117188,9,A:\A _ Working\Researching\B - AIoT Lab VN\VITOSA\another_test\Get_More\audio\ZL8rrh9cEQk.wav,ZL8rrh9cEQk_20.wav
689.058,694.494,5.4360000000000355,0.9194289445877075,19,A:\A _ Working\Researching\B - AIoT Lab VN\VITOSA\another_test\Get_More\audio\ZL8rrh9cEQk.wav,ZL8rrh9cEQk_21.wav
358.914,363.134,4.220000000000027,0.9193247556686401,7,A:\A _ Working\Researching\B - AIoT Lab VN\VITOSA\another_test\Get_More\audio\Xs286Xdd4Nc.wav,Xs286Xdd4Nc_6.wav
287.682,295.518,7.835999999999956,0.9192614555358887,11,A:\A _ Working\Researching\B - AIoT Lab VN\VITOSA\another_test\Get_More\audio\ONBa0kwBjmQ.wav,ONBa0kwBjmQ_15.wav
546.434,555.806,9.372000000000071,0.9191603064537048,7,A:\A _ Working\Researching\B - AIoT Lab VN\VITOSA\another_test\Get_More\audio\kr0ypY0jAJI.wav,kr0ypY0jAJI_1.wav
1282.786,1295.742,12.955999999999904,0.9191066026687622,0,A:\A _ Working\Researching\B - AIoT Lab VN\VITOSA\another_test\Get_More\audio\w_Fr7m0rntQ.wav,w_Fr7m0rntQ_3.wav
115.842,124.446,8.604,0.9189885854721069,18,A:\A _ Working\Researching\B - AIoT Lab VN\VITOSA\another_test\Get_More\audio\F0FDCeoa41k.wav,F0FDCeoa41k_2.wav
1774.626,1780.83,6.203999999999951,0.9189809560775757,9,A:\A _ Working\Researching\B - AIoT Lab VN\VITOSA\another_test\Get_More\audio\S18XXLEo6uE.wav,S18XXLEo6uE_19.wav
3101.698,3109.598,7.900000000000091,0.9187582731246948,17,A:\A _ Working\Researching\B - AIoT Lab VN\VITOSA\another_test\Get_More\audio\_agW7zGT4nM.wav,_agW7zGT4nM_4.wav
855.298,869.022,13.724000000000046,0.9187468886375427,2,A:\A _ Working\Researching\B - AIoT Lab VN\VITOSA\another_test\Get_More\audio\5RbEHUr5ezA.wav,5RbEHUr5ezA_11.wav
328.386,334.142,5.755999999999972,0.9186513423919678,9,A:\A _ Working\Researching\B - AIoT Lab VN\VITOSA\another_test\Get_More\audio\Xs286Xdd4Nc.wav,Xs286Xdd4Nc_7.wav
2137.698,2147.198,9.5,0.9186180233955383,9,A:\A _ Working\Researching\B - AIoT Lab VN\VITOSA\another_test\Get_More\audio\ZL8rrh9cEQk.wav,ZL8rrh9cEQk_22.wav
339.554,349.278,9.724000000000046,0.9185888767242432,15,A:\A _ Working\Researching\B - AIoT Lab VN\VITOSA\another_test\Get_More\audio\eUFVxaNfhzA.wav,eUFVxaNfhzA_16.wav
1856.194,1862.366,6.1720000000000255,0.9185802936553955,9,A:\A _ Working\Researching\B - AIoT Lab VN\VITOSA\another_test\Get_More\audio\eUFVxaNfhzA.wav,eUFVxaNfhzA_17.wav
3659.714,3672.926,13.211999999999989,0.9184620380401611,19,A:\A _ Working\Researching\B - AIoT Lab VN\VITOSA\another_test\Get_More\audio\RlOmT9AueBw.wav,RlOmT9AueBw_2.wav
443.106,449.022,5.915999999999997,0.9184429049491882,17,A:\A _ Working\Researching\B - AIoT Lab VN\VITOSA\another_test\Get_More\audio\9D00xkJM2ww.wav,9D00xkJM2ww_13.wav
413.122,424.702,11.579999999999984,0.9182500839233398,9,A:\A _ Working\Researching\B - AIoT Lab VN\VITOSA\another_test\Get_More\audio\5PJoMB03vwI.wav,5PJoMB03vwI_4.wav
1031.906,1037.022,5.1159999999999854,0.9182018637657166,9,A:\A _ Working\Researching\B - AIoT Lab VN\VITOSA\another_test\Get_More\audio\S18XXLEo6uE.wav,S18XXLEo6uE_20.wav
245.762,254.11,8.348000000000013,0.9179084897041321,19,A:\A _ Working\Researching\B - AIoT Lab VN\VITOSA\another_test\Get_More\audio\fMfos_YBT0o.wav,fMfos_YBT0o_7.wav
1111.426,1121.662,10.236000000000104,0.9178962111473083,3,A:\A _ Working\Researching\B - AIoT Lab VN\VITOSA\another_test\Get_More\audio\F0FDCeoa41k.wav,F0FDCeoa41k_3.wav
3302.018,3306.782,4.764000000000124,0.9178447127342224,18,A:\A _ Working\Researching\B - AIoT Lab VN\VITOSA\another_test\Get_More\audio\5kfLCjQhB9E.wav,5kfLCjQhB9E_6.wav
4539.682,4546.718,7.036000000000058,0.917838990688324,2,A:\A _ Working\Researching\B - AIoT Lab VN\VITOSA\another_test\Get_More\audio\R6g946lCMPs.wav,R6g946lCMPs_20.wav
3594.85,3604.638,9.788000000000011,0.917656660079956,9,A:\A _ Working\Researching\B - AIoT Lab VN\VITOSA\another_test\Get_More\audio\S18XXLEo6uE.wav,S18XXLEo6uE_21.wav
1991.17,1998.334,7.163999999999987,0.9176322221755981,9,A:\A _ Working\Researching\B - AIoT Lab VN\VITOSA\another_test\Get_More\audio\7kB_BvGGN6s.wav,7kB_BvGGN6s_13.wav
428.258,437.246,8.988,0.9175801277160645,9,A:\A _ Working\Researching\B - AIoT Lab VN\VITOSA\another_test\Get_More\audio\w_Fr7m0rntQ.wav,w_Fr7m0rntQ_4.wav
5184.77,5193.47,8.699999999999818,0.9175242185592651,17,A:\A _ Working\Researching\B - AIoT Lab VN\VITOSA\another_test\Get_More\audio\qXHma6XYctI.wav,qXHma6XYctI_8.wav
448.162,458.046,9.884000000000015,0.9175159931182861,9,A:\A _ Working\Researching\B - AIoT Lab VN\VITOSA\another_test\Get_More\audio\hrS5Tdh0VTU.wav,hrS5Tdh0VTU_9.wav
3495.906,3502.942,7.036000000000058,0.9174938201904297,17,A:\A _ Working\Researching\B - AIoT Lab VN\VITOSA\another_test\Get_More\audio\Xs286Xdd4Nc.wav,Xs286Xdd4Nc_8.wav
3172.418,3185.662,13.243999999999687,0.9173791408538818,9,A:\A _ Working\Researching\B - AIoT Lab VN\VITOSA\another_test\Get_More\audio\R6g946lCMPs.wav,R6g946lCMPs_21.wav
159.202,166.878,7.675999999999988,0.9172553420066833,7,A:\A _ Working\Researching\B - AIoT Lab VN\VITOSA\another_test\Get_More\audio\Xs286Xdd4Nc.wav,Xs286Xdd4Nc_9.wav
2208.546,2222.526,13.980000000000018,0.9170100688934326,9,A:\A _ Working\Researching\B - AIoT Lab VN\VITOSA\another_test\Get_More\audio\R6g946lCMPs.wav,R6g946lCMPs_22.wav
2820.77,2833.598,12.827999999999975,0.9167962074279785,3,A:\A _ Working\Researching\B - AIoT Lab VN\VITOSA\another_test\Get_More\audio\y-6gIUvZ6f4.wav,y-6gIUvZ6f4_5.wav
1051.298,1059.486,8.188000000000102,0.9167308807373047,15,A:\A _ Working\Researching\B - AIoT Lab VN\VITOSA\another_test\Get_More\audio\ONBa0kwBjmQ.wav,ONBa0kwBjmQ_16.wav
1184.162,1193.246,9.08400000000006,0.9164633750915527,5,A:\A _ Working\Researching\B - AIoT Lab VN\VITOSA\another_test\Get_More\audio\R6g946lCMPs.wav,R6g946lCMPs_23.wav
383.874,392.35,8.475999999999999,0.9164382219314575,9,A:\A _ Working\Researching\B - AIoT Lab VN\VITOSA\another_test\Get_More\audio\5PJoMB03vwI.wav,5PJoMB03vwI_5.wav
1076.514,1085.502,8.988000000000056,0.9163782596588135,9,A:\A _ Working\Researching\B - AIoT Lab VN\VITOSA\another_test\Get_More\audio\y-6gIUvZ6f4.wav,y-6gIUvZ6f4_6.wav
2189.474,2196.862,7.38799999999992,0.916375994682312,9,A:\A _ Working\Researching\B - AIoT Lab VN\VITOSA\another_test\Get_More\audio\w_Fr7m0rntQ.wav,w_Fr7m0rntQ_5.wav
187.298,199.71,12.412000000000006,0.916370153427124,17,A:\A _ Working\Researching\B - AIoT Lab VN\VITOSA\another_test\Get_More\audio\Xs286Xdd4Nc.wav,Xs286Xdd4Nc_10.wav
3251.906,3260.51,8.60400000000027,0.9163663983345032,3,A:\A _ Working\Researching\B - AIoT Lab VN\VITOSA\another_test\Get_More\audio\9D00xkJM2ww.wav,9D00xkJM2ww_14.wav
44.61,50.974,6.363999999999997,0.9163646697998047,19,A:\A _ Working\Researching\B - AIoT Lab VN\VITOSA\another_test\Get_More\audio\fMfos_YBT0o.wav,fMfos_YBT0o_8.wav
27.842,36.574,8.732,0.9163402318954468,19,A:\A _ Working\Researching\B - AIoT Lab VN\VITOSA\another_test\Get_More\audio\fMfos_YBT0o.wav,fMfos_YBT0o_9.wav
411.01,417.438,6.427999999999997,0.9163323640823364,8,A:\A _ Working\Researching\B - AIoT Lab VN\VITOSA\another_test\Get_More\audio\fMfos_YBT0o.wav,fMfos_YBT0o_10.wav
235.234,247.774,12.539999999999992,0.9162875413894653,9,A:\A _ Working\Researching\B - AIoT Lab VN\VITOSA\another_test\Get_More\audio\y-6gIUvZ6f4.wav,y-6gIUvZ6f4_7.wav
387.586,393.918,6.331999999999994,0.9162848591804504,19,A:\A _ Working\Researching\B - AIoT Lab VN\VITOSA\another_test\Get_More\audio\Xs286Xdd4Nc.wav,Xs286Xdd4Nc_11.wav
168.642,175.934,7.292000000000002,0.9162305593490601,2,A:\A _ Working\Researching\B - AIoT Lab VN\VITOSA\another_test\Get_More\audio\fMfos_YBT0o.wav,fMfos_YBT0o_11.wav
493.186,498.782,5.596000000000004,0.9161696434020996,9,A:\A _ Working\Researching\B - AIoT Lab VN\VITOSA\another_test\Get_More\audio\w_Fr7m0rntQ.wav,w_Fr7m0rntQ_6.wav
2974.978,2980.062,5.083999999999833,0.9161434173583984,17,A:\A _ Working\Researching\B - AIoT Lab VN\VITOSA\another_test\Get_More\audio\hrS5Tdh0VTU.wav,hrS5Tdh0VTU_10.wav
3509.57,3515.806,6.235999999999876,0.9161040186882019,9,A:\A _ Working\Researching\B - AIoT Lab VN\VITOSA\another_test\Get_More\audio\hrS5Tdh0VTU.wav,hrS5Tdh0VTU_11.wav
918.178,926.462,8.283999999999992,0.9160988926887512,8,A:\A _ Working\Researching\B - AIoT Lab VN\VITOSA\another_test\Get_More\audio\R6g946lCMPs.wav,R6g946lCMPs_24.wav
503.522,509.054,5.531999999999982,0.9160665273666382,0,A:\A _ Working\Researching\B - AIoT Lab VN\VITOSA\another_test\Get_More\audio\ONBa0kwBjmQ.wav,ONBa0kwBjmQ_17.wav
1965.186,1973.374,8.188000000000102,0.9160279631614685,9,A:\A _ Working\Researching\B - AIoT Lab VN\VITOSA\another_test\Get_More\audio\ONBa0kwBjmQ.wav,ONBa0kwBjmQ_18.wav
536.098,545.726,9.628000000000043,0.916012167930603,19,A:\A _ Working\Researching\B - AIoT Lab VN\VITOSA\another_test\Get_More\audio\R6g946lCMPs.wav,R6g946lCMPs_25.wav
1952.034,1961.054,9.019999999999982,0.9159948825836182,9,A:\A _ Working\Researching\B - AIoT Lab VN\VITOSA\another_test\Get_More\audio\S18XXLEo6uE.wav,S18XXLEo6uE_22.wav
505.698,513.022,7.324000000000069,0.9159817695617676,12,A:\A _ Working\Researching\B - AIoT Lab VN\VITOSA\another_test\Get_More\audio\ZL8rrh9cEQk.wav,ZL8rrh9cEQk_23.wav
1753.474,1763.966,10.491999999999962,0.9159385561943054,9,A:\A _ Working\Researching\B - AIoT Lab VN\VITOSA\another_test\Get_More\audio\S18XXLEo6uE.wav,S18XXLEo6uE_23.wav
747.906,753.566,5.660000000000082,0.9158965349197388,15,A:\A _ Working\Researching\B - AIoT Lab VN\VITOSA\another_test\Get_More\audio\ZL8rrh9cEQk.wav,ZL8rrh9cEQk_24.wav
300.77,309.886,9.116000000000042,0.9158897399902344,15,A:\A _ Working\Researching\B - AIoT Lab VN\VITOSA\another_test\Get_More\audio\jRU0twOCBeQ.wav,jRU0twOCBeQ_8.wav
3124.034,3131.966,7.931999999999789,0.915817379951477,9,A:\A _ Working\Researching\B - AIoT Lab VN\VITOSA\another_test\Get_More\audio\jRU0twOCBeQ.wav,jRU0twOCBeQ_9.wav
1355.906,1367.582,11.676000000000158,0.9157728552818298,9,A:\A _ Working\Researching\B - AIoT Lab VN\VITOSA\another_test\Get_More\audio\ZL8rrh9cEQk.wav,ZL8rrh9cEQk_25.wav
1961.666,1967.806,6.1400000000001,0.9156575202941895,9,A:\A _ Working\Researching\B - AIoT Lab VN\VITOSA\another_test\Get_More\audio\R6g946lCMPs.wav,R6g946lCMPs_26.wav
2134.818,2140.382,5.563999999999851,0.9156047105789185,12,A:\A _ Working\Researching\B - AIoT Lab VN\VITOSA\another_test\Get_More\audio\jRU0twOCBeQ.wav,jRU0twOCBeQ_10.wav
2523.234,2532.094,8.860000000000127,0.915562093257904,9,A:\A _ Working\Researching\B - AIoT Lab VN\VITOSA\another_test\Get_More\audio\ONBa0kwBjmQ.wav,ONBa0kwBjmQ_19.wav
651.554,664.67,13.115999999999985,0.9153552055358887,2,A:\A _ Working\Researching\B - AIoT Lab VN\VITOSA\another_test\Get_More\audio\ZL8rrh9cEQk.wav,ZL8rrh9cEQk_26.wav
1675.394,1684.542,9.14799999999991,0.9152949452400208,9,A:\A _ Working\Researching\B - AIoT Lab VN\VITOSA\another_test\Get_More\audio\ONBa0kwBjmQ.wav,ONBa0kwBjmQ_20.wav
718.37,724.926,6.55600000000004,0.9152734279632568,11,A:\A _ Working\Researching\B - AIoT Lab VN\VITOSA\another_test\Get_More\audio\ZL8rrh9cEQk.wav,ZL8rrh9cEQk_27.wav
2339.01,2352.958,13.947999999999865,0.9152302742004395,9,A:\A _ Working\Researching\B - AIoT Lab VN\VITOSA\another_test\Get_More\audio\ZL8rrh9cEQk.wav,ZL8rrh9cEQk_28.wav
3423.362,3432.222,8.860000000000127,0.9151924252510071,16,A:\A _ Working\Researching\B - AIoT Lab VN\VITOSA\another_test\Get_More\audio\ef_lApT7r54.wav,ef_lApT7r54_4.wav
3520.322,3531.358,11.036000000000058,0.9151591062545776,17,A:\A _ Working\Researching\B - AIoT Lab VN\VITOSA\another_test\Get_More\audio\w_Fr7m0rntQ.wav,w_Fr7m0rntQ_7.wav
1531.234,1542.59,11.355999999999995,0.9150756597518921,1,A:\A _ Working\Researching\B - AIoT Lab VN\VITOSA\another_test\Get_More\audio\ZL8rrh9cEQk.wav,ZL8rrh9cEQk_29.wav
418.37,430.558,12.187999999999988,0.9150712490081787,9,A:\A _ Working\Researching\B - AIoT Lab VN\VITOSA\another_test\Get_More\audio\ONBa0kwBjmQ.wav,ONBa0kwBjmQ_21.wav
497.89,507.486,9.596000000000004,0.9150004982948303,11,A:\A _ Working\Researching\B - AIoT Lab VN\VITOSA\another_test\Get_More\audio\5PJoMB03vwI.wav,5PJoMB03vwI_6.wav
3065.762,3076.062,10.299999999999727,0.9148108959197998,9,A:\A _ Working\Researching\B - AIoT Lab VN\VITOSA\another_test\Get_More\audio\F0FDCeoa41k.wav,F0FDCeoa41k_4.wav
463.618,471.966,8.348000000000013,0.9147446155548096,9,A:\A _ Working\Researching\B - AIoT Lab VN\VITOSA\another_test\Get_More\audio\hrS5Tdh0VTU.wav,hrS5Tdh0VTU_12.wav
1919.074,1925.598,6.523999999999887,0.9146119356155396,9,A:\A _ Working\Researching\B - AIoT Lab VN\VITOSA\another_test\Get_More\audio\S18XXLEo6uE.wav,S18XXLEo6uE_24.wav
923.81,935.966,12.156000000000063,0.9146078824996948,2,A:\A _ Working\Researching\B - AIoT Lab VN\VITOSA\another_test\Get_More\audio\eUFVxaNfhzA.wav,eUFVxaNfhzA_18.wav
1694.562,1703.198,8.636000000000195,0.9144718050956726,3,A:\A _ Working\Researching\B - AIoT Lab VN\VITOSA\another_test\Get_More\audio\ONBa0kwBjmQ.wav,ONBa0kwBjmQ_22.wav
554.754,567.646,12.891999999999939,0.9142550826072693,7,A:\A _ Working\Researching\B - AIoT Lab VN\VITOSA\another_test\Get_More\audio\5RbEHUr5ezA.wav,5RbEHUr5ezA_12.wav
2294.658,2304.478,9.820000000000164,0.9142338633537292,9,A:\A _ Working\Researching\B - AIoT Lab VN\VITOSA\another_test\Get_More\audio\ZL8rrh9cEQk.wav,ZL8rrh9cEQk_30.wav
315.394,326.462,11.067999999999984,0.9141995310783386,6,A:\A _ Working\Researching\B - AIoT Lab VN\VITOSA\another_test\Get_More\audio\kr0ypY0jAJI.wav,kr0ypY0jAJI_2.wav
386.242,399.806,13.563999999999965,0.9141885638237,11,A:\A _ Working\Researching\B - AIoT Lab VN\VITOSA\another_test\Get_More\audio\F0FDCeoa41k.wav,F0FDCeoa41k_5.wav
2417.378,2428.606,11.228000000000065,0.9139832854270935,3,A:\A _ Working\Researching\B - AIoT Lab VN\VITOSA\another_test\Get_More\audio\5kfLCjQhB9E.wav,5kfLCjQhB9E_7.wav
339.714,345.374,5.660000000000025,0.9139121770858765,19,A:\A _ Working\Researching\B - AIoT Lab VN\VITOSA\another_test\Get_More\audio\R6g946lCMPs.wav,R6g946lCMPs_27.wav
2202.018,2208.414,6.3960000000001855,0.9139041900634766,0,A:\A _ Working\Researching\B - AIoT Lab VN\VITOSA\another_test\Get_More\audio\w_Fr7m0rntQ.wav,w_Fr7m0rntQ_8.wav
586.626,590.302,3.6760000000000446,0.9138971567153931,19,A:\A _ Working\Researching\B - AIoT Lab VN\VITOSA\another_test\Get_More\audio\eUFVxaNfhzA.wav,eUFVxaNfhzA_19.wav
448.386,453.47,5.084000000000003,0.9137654900550842,17,A:\A _ Working\Researching\B - AIoT Lab VN\VITOSA\another_test\Get_More\audio\eUFVxaNfhzA.wav,eUFVxaNfhzA_20.wav
331.01,340.062,9.052000000000021,0.9137283563613892,9,A:\A _ Working\Researching\B - AIoT Lab VN\VITOSA\another_test\Get_More\audio\hrS5Tdh0VTU.wav,hrS5Tdh0VTU_13.wav
3176.322,3185.086,8.763999999999669,0.9136948585510254,19,A:\A _ Working\Researching\B - AIoT Lab VN\VITOSA\another_test\Get_More\audio\jRU0twOCBeQ.wav,jRU0twOCBeQ_11.wav
2909.442,2922.75,13.307999999999993,0.9136514663696289,17,A:\A _ Working\Researching\B - AIoT Lab VN\VITOSA\another_test\Get_More\audio\F0FDCeoa41k.wav,F0FDCeoa41k_6.wav
3109.602,3117.15,7.548000000000229,0.9136326313018799,9,A:\A _ Working\Researching\B - AIoT Lab VN\VITOSA\another_test\Get_More\audio\ZL8rrh9cEQk.wav,ZL8rrh9cEQk_31.wav
3181.378,3189.086,7.707999999999629,0.9135233163833618,9,A:\A _ Working\Researching\B - AIoT Lab VN\VITOSA\another_test\Get_More\audio\eUFVxaNfhzA.wav,eUFVxaNfhzA_21.wav
3083.842,3092.286,8.44399999999996,0.9134939312934875,17,A:\A _ Working\Researching\B - AIoT Lab VN\VITOSA\another_test\Get_More\audio\ONBa0kwBjmQ.wav,ONBa0kwBjmQ_23.wav
4599.106,4607.134,8.028000000000247,0.913480818271637,17,A:\A _ Working\Researching\B - AIoT Lab VN\VITOSA\another_test\Get_More\audio\R6g946lCMPs.wav,R6g946lCMPs_28.wav
1412.226,1421.79,9.56399999999985,0.9133700132369995,3,A:\A _ Working\Researching\B - AIoT Lab VN\VITOSA\another_test\Get_More\audio\5kfLCjQhB9E.wav,5kfLCjQhB9E_8.wav
2653.346,2659.806,6.460000000000036,0.9133083820343018,0,A:\A _ Working\Researching\B - AIoT Lab VN\VITOSA\another_test\Get_More\audio\Xs286Xdd4Nc.wav,Xs286Xdd4Nc_12.wav
1699.714,1706.014,6.2999999999999545,0.9132494330406189,6,A:\A _ Working\Researching\B - AIoT Lab VN\VITOSA\another_test\Get_More\audio\R6g946lCMPs.wav,R6g946lCMPs_29.wav
3251.81,3261.502,9.692000000000007,0.9131566882133484,7,A:\A _ Working\Researching\B - AIoT Lab VN\VITOSA\another_test\Get_More\audio\S18XXLEo6uE.wav,S18XXLEo6uE_25.wav
553.634,559.998,6.364000000000033,0.9130480289459229,19,A:\A _ Working\Researching\B - AIoT Lab VN\VITOSA\another_test\Get_More\audio\R6g946lCMPs.wav,R6g946lCMPs_30.wav
2264.834,2276.35,11.516000000000076,0.9130426049232483,9,A:\A _ Working\Researching\B - AIoT Lab VN\VITOSA\another_test\Get_More\audio\ZL8rrh9cEQk.wav,ZL8rrh9cEQk_32.wav
3444.834,3452.382,7.548000000000229,0.9129643440246582,9,A:\A _ Working\Researching\B - AIoT Lab VN\VITOSA\another_test\Get_More\audio\jRU0twOCBeQ.wav,jRU0twOCBeQ_12.wav
357.506,365.47,7.9640000000000555,0.9129445552825928,12,A:\A _ Working\Researching\B - AIoT Lab VN\VITOSA\another_test\Get_More\audio\eUFVxaNfhzA.wav,eUFVxaNfhzA_22.wav
413.602,421.15,7.548000000000002,0.9127923250198364,17,A:\A _ Working\Researching\B - AIoT Lab VN\VITOSA\another_test\Get_More\audio\eUFVxaNfhzA.wav,eUFVxaNfhzA_23.wav
471.458,476.542,5.083999999999946,0.9127762317657471,9,A:\A _ Working\Researching\B - AIoT Lab VN\VITOSA\another_test\Get_More\audio\eUFVxaNfhzA.wav,eUFVxaNfhzA_24.wav
3074.914,3085.438,10.523999999999887,0.9127095341682434,3,A:\A _ Working\Researching\B - AIoT Lab VN\VITOSA\another_test\Get_More\audio\w_Fr7m0rntQ.wav,w_Fr7m0rntQ_9.wav
428.834,437.566,8.731999999999971,0.9125733375549316,8,A:\A _ Working\Researching\B - AIoT Lab VN\VITOSA\another_test\Get_More\audio\5kfLCjQhB9E.wav,5kfLCjQhB9E_9.wav
163.81,173.47,9.659999999999997,0.9125615358352661,17,A:\A _ Working\Researching\B - AIoT Lab VN\VITOSA\another_test\Get_More\audio\jRU0twOCBeQ.wav,jRU0twOCBeQ_13.wav
2120.13,2128.254,8.123999999999796,0.9125157594680786,9,A:\A _ Working\Researching\B - AIoT Lab VN\VITOSA\another_test\Get_More\audio\F0FDCeoa41k.wav,F0FDCeoa41k_7.wav
1874.082,1881.278,7.195999999999913,0.9125036597251892,3,A:\A _ Working\Researching\B - AIoT Lab VN\VITOSA\another_test\Get_More\audio\ef_lApT7r54.wav,ef_lApT7r54_5.wav
3746.978,3749.79,2.811999999999898,0.9124486446380615,2,A:\A _ Working\Researching\B - AIoT Lab VN\VITOSA\another_test\Get_More\audio\ZL8rrh9cEQk.wav,ZL8rrh9cEQk_33.wav
493.25,501.598,8.348000000000013,0.9123390913009644,15,A:\A _ Working\Researching\B - AIoT Lab VN\VITOSA\another_test\Get_More\audio\S18XXLEo6uE.wav,S18XXLEo6uE_26.wav
544.226,552.766,8.539999999999964,0.9122923016548157,9,A:\A _ Working\Researching\B - AIoT Lab VN\VITOSA\another_test\Get_More\audio\eUFVxaNfhzA.wav,eUFVxaNfhzA_25.wav
100.482,114.366,13.884,0.9122275114059448,7,A:\A _ Working\Researching\B - AIoT Lab VN\VITOSA\another_test\Get_More\audio\7kB_BvGGN6s.wav,7kB_BvGGN6s_14.wav
3364.514,3372.51,7.996000000000095,0.912206768989563,3,A:\A _ Working\Researching\B - AIoT Lab VN\VITOSA\another_test\Get_More\audio\ONBa0kwBjmQ.wav,ONBa0kwBjmQ_24.wav
382.562,389.246,6.683999999999969,0.9120529890060425,17,A:\A _ Working\Researching\B - AIoT Lab VN\VITOSA\another_test\Get_More\audio\fMfos_YBT0o.wav,fMfos_YBT0o_12.wav
1454.338,1467.166,12.827999999999975,0.9119292497634888,3,A:\A _ Working\Researching\B - AIoT Lab VN\VITOSA\another_test\Get_More\audio\5kfLCjQhB9E.wav,5kfLCjQhB9E_10.wav
4058.882,4068.286,9.403999999999996,0.9119116067886353,15,A:\A _ Working\Researching\B - AIoT Lab VN\VITOSA\another_test\Get_More\audio\ZL8rrh9cEQk.wav,ZL8rrh9cEQk_34.wav
85.154,95.23,10.076000000000008,0.9118966460227966,9,A:\A _ Working\Researching\B - AIoT Lab VN\VITOSA\another_test\Get_More\audio\5RbEHUr5ezA.wav,5RbEHUr5ezA_13.wav
507.33,520.574,13.243999999999971,0.9118703603744507,8,A:\A _ Working\Researching\B - AIoT Lab VN\VITOSA\another_test\Get_More\audio\9D00xkJM2ww.wav,9D00xkJM2ww_15.wav
330.754,341.086,10.331999999999994,0.9118032455444336,0,A:\A _ Working\Researching\B - AIoT Lab VN\VITOSA\another_test\Get_More\audio\jRU0twOCBeQ.wav,jRU0twOCBeQ_14.wav
225.25,233.566,8.316000000000003,0.9117982983589172,17,A:\A _ Working\Researching\B - AIoT Lab VN\VITOSA\another_test\Get_More\audio\w_Fr7m0rntQ.wav,w_Fr7m0rntQ_10.wav
3521.378,3527.934,6.55600000000004,0.9117782115936279,9,A:\A _ Working\Researching\B - AIoT Lab VN\VITOSA\another_test\Get_More\audio\hrS5Tdh0VTU.wav,hrS5Tdh0VTU_14.wav
1223.49,1232.382,8.892000000000053,0.9116938710212708,11,A:\A _ Working\Researching\B - AIoT Lab VN\VITOSA\another_test\Get_More\audio\hrS5Tdh0VTU.wav,hrS5Tdh0VTU_15.wav
216.93,220.126,3.195999999999998,0.91166090965271,7,A:\A _ Working\Researching\B - AIoT Lab VN\VITOSA\another_test\Get_More\audio\eUFVxaNfhzA.wav,eUFVxaNfhzA_26.wav
2435.618,2443.806,8.188000000000102,0.9115910530090332,9,A:\A _ Working\Researching\B - AIoT Lab VN\VITOSA\another_test\Get_More\audio\hrS5Tdh0VTU.wav,hrS5Tdh0VTU_16.wav
127.074,139.23,12.155999999999992,0.9115861654281616,3,A:\A _ Working\Researching\B - AIoT Lab VN\VITOSA\another_test\Get_More\audio\y-6gIUvZ6f4.wav,y-6gIUvZ6f4_8.wav
382.594,389.182,6.588000000000022,0.9114997386932373,17,A:\A _ Working\Researching\B - AIoT Lab VN\VITOSA\another_test\Get_More\audio\9D00xkJM2ww.wav,9D00xkJM2ww_16.wav
669.25,680.83,11.580000000000041,0.9114959239959717,3,A:\A _ Working\Researching\B - AIoT Lab VN\VITOSA\another_test\Get_More\audio\_agW7zGT4nM.wav,_agW7zGT4nM_5.wav
2485.954,2494.782,8.827999999999975,0.9114891290664673,3,A:\A _ Working\Researching\B - AIoT Lab VN\VITOSA\another_test\Get_More\audio\_agW7zGT4nM.wav,_agW7zGT4nM_6.wav
2350.85,2360.094,9.244000000000142,0.9114604592323303,7,A:\A _ Working\Researching\B - AIoT Lab VN\VITOSA\another_test\Get_More\audio\kr0ypY0jAJI.wav,kr0ypY0jAJI_3.wav
3389.826,3398.206,8.38000000000011,0.9114286303520203,17,A:\A _ Working\Researching\B - AIoT Lab VN\VITOSA\another_test\Get_More\audio\ef_lApT7r54.wav,ef_lApT7r54_6.wav
1916.386,1928.638,12.251999999999953,0.9113490581512451,16,A:\A _ Working\Researching\B - AIoT Lab VN\VITOSA\another_test\Get_More\audio\ONBa0kwBjmQ.wav,ONBa0kwBjmQ_25.wav
3376.93,3386.238,9.307999999999993,0.9113002419471741,2,A:\A _ Working\Researching\B - AIoT Lab VN\VITOSA\another_test\Get_More\audio\Xs286Xdd4Nc.wav,Xs286Xdd4Nc_13.wav
308.866,316.478,7.612000000000023,0.9112766981124878,11,A:\A _ Working\Researching\B - AIoT Lab VN\VITOSA\another_test\Get_More\audio\Xs286Xdd4Nc.wav,Xs286Xdd4Nc_14.wav
2158.21,2164.574,6.364000000000033,0.9111133813858032,9,A:\A _ Working\Researching\B - AIoT Lab VN\VITOSA\another_test\Get_More\audio\R6g946lCMPs.wav,R6g946lCMPs_31.wav
3439.17,3451.646,12.476000000000113,0.9109906554222107,12,A:\A _ Working\Researching\B - AIoT Lab VN\VITOSA\another_test\Get_More\audio\ZL8rrh9cEQk.wav,ZL8rrh9cEQk_35.wav
973.762,983.55,9.788000000000011,0.9109570384025574,7,A:\A _ Working\Researching\B - AIoT Lab VN\VITOSA\another_test\Get_More\audio\9D00xkJM2ww.wav,9D00xkJM2ww_17.wav
947.458,954.174,6.716000000000008,0.9109354615211487,9,A:\A _ Working\Researching\B - AIoT Lab VN\VITOSA\another_test\Get_More\audio\5PJoMB03vwI.wav,5PJoMB03vwI_7.wav
1642.882,1653.374,10.491999999999962,0.9108971357345581,3,A:\A _ Working\Researching\B - AIoT Lab VN\VITOSA\another_test\Get_More\audio\y-6gIUvZ6f4.wav,y-6gIUvZ6f4_9.wav
1909.154,1922.142,12.988000000000056,0.9108896255493164,9,A:\A _ Working\Researching\B - AIoT Lab VN\VITOSA\another_test\Get_More\audio\R6g946lCMPs.wav,R6g946lCMPs_32.wav
1031.394,1038.398,7.003999999999905,0.9108552932739258,9,A:\A _ Working\Researching\B - AIoT Lab VN\VITOSA\another_test\Get_More\audio\5RbEHUr5ezA.wav,5RbEHUr5ezA_14.wav
267.682,273.086,5.403999999999996,0.9108389616012573,15,A:\A _ Working\Researching\B - AIoT Lab VN\VITOSA\another_test\Get_More\audio\7kB_BvGGN6s.wav,7kB_BvGGN6s_15.wav
1036.418,1042.494,6.076000000000022,0.9107380509376526,3,A:\A _ Working\Researching\B - AIoT Lab VN\VITOSA\another_test\Get_More\audio\ONBa0kwBjmQ.wav,ONBa0kwBjmQ_26.wav
5163.586,5167.358,3.7719999999999345,0.9106444120407104,17,A:\A _ Working\Researching\B - AIoT Lab VN\VITOSA\another_test\Get_More\audio\qXHma6XYctI.wav,qXHma6XYctI_9.wav
2912.322,2920.702,8.38000000000011,0.9105637073516846,18,A:\A _ Working\Researching\B - AIoT Lab VN\VITOSA\another_test\Get_More\audio\5kfLCjQhB9E.wav,5kfLCjQhB9E_11.wav
3229.506,3238.75,9.244000000000142,0.9105578660964966,17,A:\A _ Working\Researching\B - AIoT Lab VN\VITOSA\another_test\Get_More\audio\S18XXLEo6uE.wav,S18XXLEo6uE_27.wav
469.57,475.166,5.596000000000004,0.9104668498039246,19,A:\A _ Working\Researching\B - AIoT Lab VN\VITOSA\another_test\Get_More\audio\5RbEHUr5ezA.wav,5RbEHUr5ezA_15.wav
2517.186,2523.102,5.915999999999713,0.9103935956954956,9,A:\A _ Working\Researching\B - AIoT Lab VN\VITOSA\another_test\Get_More\audio\eUFVxaNfhzA.wav,eUFVxaNfhzA_27.wav
2434.658,2444.03,9.372000000000298,0.910311222076416,7,A:\A _ Working\Researching\B - AIoT Lab VN\VITOSA\another_test\Get_More\audio\y-6gIUvZ6f4.wav,y-6gIUvZ6f4_10.wav
1549.826,1562.878,13.051999999999907,0.9103049039840698,11,A:\A _ Working\Researching\B - AIoT Lab VN\VITOSA\another_test\Get_More\audio\ZL8rrh9cEQk.wav,ZL8rrh9cEQk_36.wav
348.194,360.254,12.060000000000002,0.910225510597229,10,A:\A _ Working\Researching\B - AIoT Lab VN\VITOSA\another_test\Get_More\audio\w_Fr7m0rntQ.wav,w_Fr7m0rntQ_11.wav
756.738,767.966,11.227999999999952,0.9100865125656128,7,A:\A _ Working\Researching\B - AIoT Lab VN\VITOSA\another_test\Get_More\audio\eUFVxaNfhzA.wav,eUFVxaNfhzA_28.wav
509.794,517.246,7.451999999999998,0.9100521802902222,12,A:\A _ Working\Researching\B - AIoT Lab VN\VITOSA\another_test\Get_More\audio\qXHma6XYctI.wav,qXHma6XYctI_10.wav
2545.282,2551.198,5.915999999999713,0.9100184440612793,3,A:\A _ Working\Researching\B - AIoT Lab VN\VITOSA\another_test\Get_More\audio\_agW7zGT4nM.wav,_agW7zGT4nM_7.wav
3620.194,3630.526,10.33199999999988,0.909994900226593,3,A:\A _ Working\Researching\B - AIoT Lab VN\VITOSA\another_test\Get_More\audio\F0FDCeoa41k.wav,F0FDCeoa41k_8.wav
306.21,313.246,7.036000000000001,0.9099434614181519,9,A:\A _ Working\Researching\B - AIoT Lab VN\VITOSA\another_test\Get_More\audio\hrS5Tdh0VTU.wav,hrS5Tdh0VTU_17.wav
2867.394,2875.006,7.61200000000008,0.9099180698394775,9,A:\A _ Working\Researching\B - AIoT Lab VN\VITOSA\another_test\Get_More\audio\hrS5Tdh0VTU.wav,hrS5Tdh0VTU_18.wav
945.634,955.39,9.755999999999972,0.9097911715507507,3,A:\A _ Working\Researching\B - AIoT Lab VN\VITOSA\another_test\Get_More\audio\ef_lApT7r54.wav,ef_lApT7r54_7.wav
253.794,267.358,13.563999999999993,0.9097893834114075,7,A:\A _ Working\Researching\B - AIoT Lab VN\VITOSA\another_test\Get_More\audio\F0FDCeoa41k.wav,F0FDCeoa41k_9.wav
3197.666,3205.854,8.187999999999647,0.9097470045089722,3,A:\A _ Working\Researching\B - AIoT Lab VN\VITOSA\another_test\Get_More\audio\7kB_BvGGN6s.wav,7kB_BvGGN6s_16.wav
218.498,229.438,10.939999999999998,0.9097440242767334,13,A:\A _ Working\Researching\B - AIoT Lab VN\VITOSA\another_test\Get_More\audio\y-6gIUvZ6f4.wav,y-6gIUvZ6f4_11.wav
5395.586,5409.182,13.595999999999549,0.9096384048461914,17,A:\A _ Working\Researching\B - AIoT Lab VN\VITOSA\another_test\Get_More\audio\qXHma6XYctI.wav,qXHma6XYctI_11.wav
38.786,52.446,13.659999999999997,0.9095898866653442,3,A:\A _ Working\Researching\B - AIoT Lab VN\VITOSA\another_test\Get_More\audio\ONBa0kwBjmQ.wav,ONBa0kwBjmQ_27.wav
88.386,99.326,10.939999999999998,0.9095031023025513,9,A:\A _ Working\Researching\B - AIoT Lab VN\VITOSA\another_test\Get_More\audio\5kfLCjQhB9E.wav,5kfLCjQhB9E_12.wav
253.282,265.118,11.835999999999984,0.9093855619430542,7,A:\A _ Working\Researching\B - AIoT Lab VN\VITOSA\another_test\Get_More\audio\w_Fr7m0rntQ.wav,w_Fr7m0rntQ_12.wav
2172.898,2184.446,11.547999999999774,0.9093682765960693,9,A:\A _ Working\Researching\B - AIoT Lab VN\VITOSA\another_test\Get_More\audio\w_Fr7m0rntQ.wav,w_Fr7m0rntQ_13.wav
4123.938,4136.318,12.38000000000011,0.9091300964355469,19,A:\A _ Working\Researching\B - AIoT Lab VN\VITOSA\another_test\Get_More\audio\5kfLCjQhB9E.wav,5kfLCjQhB9E_13.wav
1053.442,1065.918,12.475999999999885,0.9090345501899719,17,A:\A _ Working\Researching\B - AIoT Lab VN\VITOSA\another_test\Get_More\audio\R6g946lCMPs.wav,R6g946lCMPs_33.wav
1895.33,1906.398,11.067999999999984,0.9088849425315857,7,A:\A _ Working\Researching\B - AIoT Lab VN\VITOSA\another_test\Get_More\audio\S18XXLEo6uE.wav,S18XXLEo6uE_28.wav
3572.61,3578.814,6.2039999999997235,0.9088056087493896,6,A:\A _ Working\Researching\B - AIoT Lab VN\VITOSA\another_test\Get_More\audio\ZL8rrh9cEQk.wav,ZL8rrh9cEQk_37.wav
270.626,275.07,4.444000000000017,0.9087727069854736,19,A:\A _ Working\Researching\B - AIoT Lab VN\VITOSA\another_test\Get_More\audio\eUFVxaNfhzA.wav,eUFVxaNfhzA_29.wav
1172.77,1182.142,9.372000000000071,0.9087536334991455,9,A:\A _ Working\Researching\B - AIoT Lab VN\VITOSA\another_test\Get_More\audio\F0FDCeoa41k.wav,F0FDCeoa41k_10.wav
95.81,102.814,7.003999999999991,0.9087221622467041,8,A:\A _ Working\Researching\B - AIoT Lab VN\VITOSA\another_test\Get_More\audio\9D00xkJM2ww.wav,9D00xkJM2ww_18.wav
1100.578,1109.15,8.572000000000116,0.9086616635322571,9,A:\A _ Working\Researching\B - AIoT Lab VN\VITOSA\another_test\Get_More\audio\ONBa0kwBjmQ.wav,ONBa0kwBjmQ_28.wav
2720.674,2728.414,7.7400000000002365,0.9086432456970215,18,A:\A _ Working\Researching\B - AIoT Lab VN\VITOSA\another_test\Get_More\audio\_agW7zGT4nM.wav,_agW7zGT4nM_8.wav
2972.578,2983.038,10.460000000000036,0.9086170196533203,9,A:\A _ Working\Researching\B - AIoT Lab VN\VITOSA\another_test\Get_More\audio\ONBa0kwBjmQ.wav,ONBa0kwBjmQ_29.wav
1382.978,1392.574,9.596000000000004,0.9086063504219055,7,A:\A _ Working\Researching\B - AIoT Lab VN\VITOSA\another_test\Get_More\audio\5kfLCjQhB9E.wav,5kfLCjQhB9E_14.wav
2203.426,2214.206,10.7800000000002,0.9085786938667297,9,A:\A _ Working\Researching\B - AIoT Lab VN\VITOSA\another_test\Get_More\audio\5PJoMB03vwI.wav,5PJoMB03vwI_8.wav
5358.978,5367.55,8.572000000000116,0.9085725545883179,17,A:\A _ Working\Researching\B - AIoT Lab VN\VITOSA\another_test\Get_More\audio\qXHma6XYctI.wav,qXHma6XYctI_12.wav
405.346,412.318,6.97199999999998,0.908423125743866,12,A:\A _ Working\Researching\B - AIoT Lab VN\VITOSA\another_test\Get_More\audio\ONBa0kwBjmQ.wav,ONBa0kwBjmQ_30.wav
3085.666,3095.102,9.435999999999694,0.9082931280136108,19,A:\A _ Working\Researching\B - AIoT Lab VN\VITOSA\another_test\Get_More\audio\qXHma6XYctI.wav,qXHma6XYctI_13.wav
895.106,902.462,7.3559999999999945,0.9082304239273071,9,A:\A _ Working\Researching\B - AIoT Lab VN\VITOSA\another_test\Get_More\audio\hrS5Tdh0VTU.wav,hrS5Tdh0VTU_19.wav
1473.218,1480.222,7.003999999999905,0.908160924911499,17,A:\A _ Working\Researching\B - AIoT Lab VN\VITOSA\another_test\Get_More\audio\ZL8rrh9cEQk.wav,ZL8rrh9cEQk_38.wav
2159.746,2167.486,7.739999999999782,0.9080365896224976,9,A:\A _ Working\Researching\B - AIoT Lab VN\VITOSA\another_test\Get_More\audio\jRU0twOCBeQ.wav,jRU0twOCBeQ_15.wav
1150.05,1158.718,8.66800000000012,0.9079972505569458,9,A:\A _ Working\Researching\B - AIoT Lab VN\VITOSA\another_test\Get_More\audio\hrS5Tdh0VTU.wav,hrS5Tdh0VTU_20.wav
4419.298,4427.102,7.804000000000087,0.9079840183258057,3,A:\A _ Working\Researching\B - AIoT Lab VN\VITOSA\another_test\Get_More\audio\R6g946lCMPs.wav,R6g946lCMPs_34.wav
2791.842,2801.502,9.659999999999854,0.9079716205596924,3,A:\A _ Working\Researching\B - AIoT Lab VN\VITOSA\another_test\Get_More\audio\5PJoMB03vwI.wav,5PJoMB03vwI_9.wav
3552.93,3556.35,3.4200000000000728,0.9079467058181763,5,A:\A _ Working\Researching\B - AIoT Lab VN\VITOSA\another_test\Get_More\audio\5RbEHUr5ezA.wav,5RbEHUr5ezA_16.wav
554.882,565.438,10.55600000000004,0.9079418778419495,9,A:\A _ Working\Researching\B - AIoT Lab VN\VITOSA\another_test\Get_More\audio\ZL8rrh9cEQk.wav,ZL8rrh9cEQk_39.wav
868.418,879.774,11.355999999999995,0.90790855884552,12,A:\A _ Working\Researching\B - AIoT Lab VN\VITOSA\another_test\Get_More\audio\ZL8rrh9cEQk.wav,ZL8rrh9cEQk_40.wav
544.418,556.894,12.475999999999999,0.9077473878860474,17,A:\A _ Working\Researching\B - AIoT Lab VN\VITOSA\another_test\Get_More\audio\fMfos_YBT0o.wav,fMfos_YBT0o_13.wav
2155.714,2163.582,7.867999999999938,0.9076414704322815,3,A:\A _ Working\Researching\B - AIoT Lab VN\VITOSA\another_test\Get_More\audio\5PJoMB03vwI.wav,5PJoMB03vwI_10.wav
6.786,12.19,5.404,0.9075956344604492,17,A:\A _ Working\Researching\B - AIoT Lab VN\VITOSA\another_test\Get_More\audio\3bbPKJQL5Pc.wav,3bbPKJQL5Pc_2.wav
1106.21,1112.702,6.491999999999962,0.9075053930282593,3,A:\A _ Working\Researching\B - AIoT Lab VN\VITOSA\another_test\Get_More\audio\ef_lApT7r54.wav,ef_lApT7r54_8.wav
194.466,207.742,13.275999999999982,0.9074989557266235,19,A:\A _ Working\Researching\B - AIoT Lab VN\VITOSA\another_test\Get_More\audio\9D00xkJM2ww.wav,9D00xkJM2ww_19.wav
184.994,192.446,7.451999999999998,0.9074811935424805,7,A:\A _ Working\Researching\B - AIoT Lab VN\VITOSA\another_test\Get_More\audio\fMfos_YBT0o.wav,fMfos_YBT0o_14.wav
510.05,514.462,4.411999999999978,0.907451868057251,19,A:\A _ Working\Researching\B - AIoT Lab VN\VITOSA\another_test\Get_More\audio\eUFVxaNfhzA.wav,eUFVxaNfhzA_30.wav
4932.354,4939.038,6.683999999999287,0.9074108600616455,18,A:\A _ Working\Researching\B - AIoT Lab VN\VITOSA\another_test\Get_More\audio\qXHma6XYctI.wav,qXHma6XYctI_14.wav
3138.338,3149.214,10.875999999999749,0.9073357582092285,9,A:\A _ Working\Researching\B - AIoT Lab VN\VITOSA\another_test\Get_More\audio\ZL8rrh9cEQk.wav,ZL8rrh9cEQk_41.wav
3024.418,3033.822,9.403999999999996,0.9072859883308411,13,A:\A _ Working\Researching\B - AIoT Lab VN\VITOSA\another_test\Get_More\audio\Xs286Xdd4Nc.wav,Xs286Xdd4Nc_15.wav
33.89,39.582,5.692,0.9072362780570984,8,A:\A _ Working\Researching\B - AIoT Lab VN\VITOSA\another_test\Get_More\audio\7kB_BvGGN6s.wav,7kB_BvGGN6s_17.wav
298.114,310.27,12.156000000000006,0.9072107672691345,8,A:\A _ Working\Researching\B - AIoT Lab VN\VITOSA\another_test\Get_More\audio\9D00xkJM2ww.wav,9D00xkJM2ww_20.wav
349.122,356.862,7.740000000000009,0.9071937203407288,3,A:\A _ Working\Researching\B - AIoT Lab VN\VITOSA\another_test\Get_More\audio\RlOmT9AueBw.wav,RlOmT9AueBw_3.wav
370.626,379.806,9.180000000000007,0.9071801900863647,11,A:\A _ Working\Researching\B - AIoT Lab VN\VITOSA\another_test\Get_More\audio\F0FDCeoa41k.wav,F0FDCeoa41k_11.wav
1994.786,2003.102,8.316000000000031,0.9071629643440247,9,A:\A _ Working\Researching\B - AIoT Lab VN\VITOSA\another_test\Get_More\audio\R6g946lCMPs.wav,R6g946lCMPs_35.wav
3548.002,3555.71,7.708000000000084,0.9071523547172546,6,A:\A _ Working\Researching\B - AIoT Lab VN\VITOSA\another_test\Get_More\audio\w_Fr7m0rntQ.wav,w_Fr7m0rntQ_14.wav
1004.002,1009.694,5.692000000000007,0.9071466326713562,3,A:\A _ Working\Researching\B - AIoT Lab VN\VITOSA\another_test\Get_More\audio\Xs286Xdd4Nc.wav,Xs286Xdd4Nc_16.wav
4460.93,4467.966,7.036000000000058,0.9071244597434998,9,A:\A _ Working\Researching\B - AIoT Lab VN\VITOSA\another_test\Get_More\audio\R6g946lCMPs.wav,R6g946lCMPs_36.wav
2358.082,2364.67,6.588000000000193,0.9070460796356201,3,A:\A _ Working\Researching\B - AIoT Lab VN\VITOSA\another_test\Get_More\audio\R6g946lCMPs.wav,R6g946lCMPs_37.wav
5202.754,5210.782,8.028000000000247,0.90702223777771,3,A:\A _ Working\Researching\B - AIoT Lab VN\VITOSA\another_test\Get_More\audio\qXHma6XYctI.wav,qXHma6XYctI_15.wav
406.626,410.814,4.188000000000045,0.9069585204124451,17,A:\A _ Working\Researching\B - AIoT Lab VN\VITOSA\another_test\Get_More\audio\3bbPKJQL5Pc.wav,3bbPKJQL5Pc_3.wav
365.218,373.854,8.635999999999967,0.9069350361824036,3,A:\A _ Working\Researching\B - AIoT Lab VN\VITOSA\another_test\Get_More\audio\_agW7zGT4nM.wav,_agW7zGT4nM_9.wav
40.258,47.806,7.547999999999995,0.9068437218666077,3,A:\A _ Working\Researching\B - AIoT Lab VN\VITOSA\another_test\Get_More\audio\y-6gIUvZ6f4.wav,y-6gIUvZ6f4_12.wav
2041.73,2048.894,7.16399999999976,0.9067111015319824,9,A:\A _ Working\Researching\B - AIoT Lab VN\VITOSA\another_test\Get_More\audio\Xs286Xdd4Nc.wav,Xs286Xdd4Nc_17.wav
1900.29,1907.518,7.2280000000000655,0.906693696975708,3,A:\A _ Working\Researching\B - AIoT Lab VN\VITOSA\another_test\Get_More\audio\Xs286Xdd4Nc.wav,Xs286Xdd4Nc_18.wav
3088.386,3093.246,4.860000000000127,0.9066656827926636,9,A:\A _ Working\Researching\B - AIoT Lab VN\VITOSA\another_test\Get_More\audio\F0FDCeoa41k.wav,F0FDCeoa41k_12.wav
1269.762,1282.014,12.251999999999953,0.9065887928009033,3,A:\A _ Working\Researching\B - AIoT Lab VN\VITOSA\another_test\Get_More\audio\RlOmT9AueBw.wav,RlOmT9AueBw_4.wav
769.026,779.518,10.492000000000075,0.9065198302268982,15,A:\A _ Working\Researching\B - AIoT Lab VN\VITOSA\another_test\Get_More\audio\ZL8rrh9cEQk.wav,ZL8rrh9cEQk_42.wav
1476.418,1488.126,11.708000000000084,0.9064837098121643,3,A:\A _ Working\Researching\B - AIoT Lab VN\VITOSA\another_test\Get_More\audio\5kfLCjQhB9E.wav,5kfLCjQhB9E_15.wav
734.562,747.838,13.275999999999954,0.9064167737960815,13,A:\A _ Working\Researching\B - AIoT Lab VN\VITOSA\another_test\Get_More\audio\9D00xkJM2ww.wav,9D00xkJM2ww_21.wav
473.378,486.11,12.732000000000028,0.9063965082168579,17,A:\A _ Working\Researching\B - AIoT Lab VN\VITOSA\another_test\Get_More\audio\kr0ypY0jAJI.wav,kr0ypY0jAJI_4.wav
896.418,909.022,12.604000000000042,0.9063476324081421,10,A:\A _ Working\Researching\B - AIoT Lab VN\VITOSA\another_test\Get_More\audio\ONBa0kwBjmQ.wav,ONBa0kwBjmQ_31.wav
3034.786,3040.51,5.72400000000016,0.9062161445617676,9,A:\A _ Working\Researching\B - AIoT Lab VN\VITOSA\another_test\Get_More\audio\S18XXLEo6uE.wav,S18XXLEo6uE_29.wav
3506.626,3512.83,6.2039999999997235,0.906182050704956,9,A:\A _ Working\Researching\B - AIoT Lab VN\VITOSA\another_test\Get_More\audio\F0FDCeoa41k.wav,F0FDCeoa41k_13.wav
594.146,602.494,8.34800000000007,0.9061720371246338,7,A:\A _ Working\Researching\B - AIoT Lab VN\VITOSA\another_test\Get_More\audio\5RbEHUr5ezA.wav,5RbEHUr5ezA_17.wav
2949.41,2956.99,7.579999999999927,0.9061651229858398,3,A:\A _ Working\Researching\B - AIoT Lab VN\VITOSA\another_test\Get_More\audio\RlOmT9AueBw.wav,RlOmT9AueBw_5.wav
2998.658,3008.67,10.012000000000171,0.9061330556869507,9,A:\A _ Working\Researching\B - AIoT Lab VN\VITOSA\another_test\Get_More\audio\hrS5Tdh0VTU.wav,hrS5Tdh0VTU_21.wav
764.226,771.262,7.0359999999999445,0.9061155319213867,13,A:\A _ Working\Researching\B - AIoT Lab VN\VITOSA\another_test\Get_More\audio\qXHma6XYctI.wav,qXHma6XYctI_16.wav
3298.018,3302.078,4.059999999999945,0.9061099290847778,6,A:\A _ Working\Researching\B - AIoT Lab VN\VITOSA\another_test\Get_More\audio\jRU0twOCBeQ.wav,jRU0twOCBeQ_16.wav
784.514,796.638,12.124000000000024,0.9060635566711426,7,A:\A _ Working\Researching\B - AIoT Lab VN\VITOSA\another_test\Get_More\audio\7kB_BvGGN6s.wav,7kB_BvGGN6s_18.wav
2665.41,2674.014,8.60400000000027,0.9059579968452454,9,A:\A _ Working\Researching\B - AIoT Lab VN\VITOSA\another_test\Get_More\audio\ONBa0kwBjmQ.wav,ONBa0kwBjmQ_32.wav
663.042,673.662,10.620000000000005,0.9059185981750488,9,A:\A _ Working\Researching\B - AIoT Lab VN\VITOSA\another_test\Get_More\audio\S18XXLEo6uE.wav,S18XXLEo6uE_30.wav
1724.034,1732.126,8.09199999999987,0.9059132933616638,9,A:\A _ Working\Researching\B - AIoT Lab VN\VITOSA\another_test\Get_More\audio\hrS5Tdh0VTU.wav,hrS5Tdh0VTU_22.wav
1688.002,1698.462,10.460000000000036,0.9058769941329956,3,A:\A _ Working\Researching\B - AIoT Lab VN\VITOSA\another_test\Get_More\audio\ef_lApT7r54.wav,ef_lApT7r54_9.wav
1156.642,1165.79,9.14799999999991,0.9058303833007812,3,A:\A _ Working\Researching\B - AIoT Lab VN\VITOSA\another_test\Get_More\audio\R6g946lCMPs.wav,R6g946lCMPs_38.wav
2841.346,2853.502,12.155999999999949,0.9057737588882446,3,A:\A _ Working\Researching\B - AIoT Lab VN\VITOSA\another_test\Get_More\audio\F0FDCeoa41k.wav,F0FDCeoa41k_14.wav
4475.266,4481.566,6.300000000000182,0.9057204723358154,9,A:\A _ Working\Researching\B - AIoT Lab VN\VITOSA\another_test\Get_More\audio\R6g946lCMPs.wav,R6g946lCMPs_39.wav
3602.594,3608.158,5.563999999999851,0.9056208729743958,17,A:\A _ Working\Researching\B - AIoT Lab VN\VITOSA\another_test\Get_More\audio\Xs286Xdd4Nc.wav,Xs286Xdd4Nc_19.wav
2148.45,2156.254,7.804000000000087,0.9055812358856201,3,A:\A _ Working\Researching\B - AIoT Lab VN\VITOSA\another_test\Get_More\audio\w_Fr7m0rntQ.wav,w_Fr7m0rntQ_15.wav
2485.346,2498.11,12.764000000000124,0.9055643081665039,2,A:\A _ Working\Researching\B - AIoT Lab VN\VITOSA\another_test\Get_More\audio\eUFVxaNfhzA.wav,eUFVxaNfhzA_31.wav
4091.682,4101.822,10.140000000000327,0.9055544137954712,15,A:\A _ Working\Researching\B - AIoT Lab VN\VITOSA\another_test\Get_More\audio\ZL8rrh9cEQk.wav,ZL8rrh9cEQk_43.wav
1732.546,1743.07,10.523999999999887,0.9055435061454773,3,A:\A _ Working\Researching\B - AIoT Lab VN\VITOSA\another_test\Get_More\audio\_agW7zGT4nM.wav,_agW7zGT4nM_10.wav
3489.57,3495.582,6.011999999999716,0.9055202603340149,9,A:\A _ Working\Researching\B - AIoT Lab VN\VITOSA\another_test\Get_More\audio\F0FDCeoa41k.wav,F0FDCeoa41k_15.wav
1676.066,1682.238,6.1720000000000255,0.9055185914039612,9,A:\A _ Working\Researching\B - AIoT Lab VN\VITOSA\another_test\Get_More\audio\R6g946lCMPs.wav,R6g946lCMPs_40.wav
150.178,154.846,4.668000000000006,0.905472993850708,12,A:\A _ Working\Researching\B - AIoT Lab VN\VITOSA\another_test\Get_More\audio\fMfos_YBT0o.wav,fMfos_YBT0o_15.wav
2820.258,2831.326,11.068000000000211,0.9054709076881409,3,A:\A _ Working\Researching\B - AIoT Lab VN\VITOSA\another_test\Get_More\audio\Xs286Xdd4Nc.wav,Xs286Xdd4Nc_20.wav
3066.306,3076.382,10.076000000000022,0.9054645895957947,3,A:\A _ Working\Researching\B - AIoT Lab VN\VITOSA\another_test\Get_More\audio\qXHma6XYctI.wav,qXHma6XYctI_17.wav
393.634,404.702,11.067999999999984,0.9054493308067322,9,A:\A _ Working\Researching\B - AIoT Lab VN\VITOSA\another_test\Get_More\audio\5kfLCjQhB9E.wav,5kfLCjQhB9E_16.wav
1005.186,1008.318,3.131999999999948,0.9053499102592468,2,A:\A _ Working\Researching\B - AIoT Lab VN\VITOSA\another_test\Get_More\audio\eUFVxaNfhzA.wav,eUFVxaNfhzA_32.wav
1132.994,1142.014,9.019999999999982,0.9053332209587097,9,A:\A _ Working\Researching\B - AIoT Lab VN\VITOSA\another_test\Get_More\audio\eUFVxaNfhzA.wav,eUFVxaNfhzA_33.wav
3503.266,3516.286,13.019999999999982,0.9053223729133606,8,A:\A _ Working\Researching\B - AIoT Lab VN\VITOSA\another_test\Get_More\audio\ONBa0kwBjmQ.wav,ONBa0kwBjmQ_33.wav
3922.466,3928.83,6.364000000000033,0.9053151607513428,3,A:\A _ Working\Researching\B - AIoT Lab VN\VITOSA\another_test\Get_More\audio\R6g946lCMPs.wav,R6g946lCMPs_41.wav
3908.994,3914.622,5.627999999999702,0.9053072929382324,9,A:\A _ Working\Researching\B - AIoT Lab VN\VITOSA\another_test\Get_More\audio\R6g946lCMPs.wav,R6g946lCMPs_42.wav
3550.05,3558.462,8.411999999999807,0.905280351638794,7,A:\A _ Working\Researching\B - AIoT Lab VN\VITOSA\another_test\Get_More\audio\ZL8rrh9cEQk.wav,ZL8rrh9cEQk_44.wav
1901.922,1909.118,7.195999999999913,0.9052556753158569,9,A:\A _ Working\Researching\B - AIoT Lab VN\VITOSA\another_test\Get_More\audio\hrS5Tdh0VTU.wav,hrS5Tdh0VTU_23.wav
2386.466,2393.406,6.940000000000055,0.9052420854568481,9,A:\A _ Working\Researching\B - AIoT Lab VN\VITOSA\another_test\Get_More\audio\ZL8rrh9cEQk.wav,ZL8rrh9cEQk_45.wav
2825.954,2839.39,13.435999999999694,0.9050392508506775,17,A:\A _ Working\Researching\B - AIoT Lab VN\VITOSA\another_test\Get_More\audio\7kB_BvGGN6s.wav,7kB_BvGGN6s_19.wav
4899.106,4906.11,7.003999999999905,0.9049772620201111,2,A:\A _ Working\Researching\B - AIoT Lab VN\VITOSA\another_test\Get_More\audio\qXHma6XYctI.wav,qXHma6XYctI_18.wav
533.122,542.11,8.988000000000056,0.9049277305603027,12,A:\A _ Working\Researching\B - AIoT Lab VN\VITOSA\another_test\Get_More\audio\ZL8rrh9cEQk.wav,ZL8rrh9cEQk_46.wav
174.402,186.91,12.50800000000001,0.904683530330658,17,A:\A _ Working\Researching\B - AIoT Lab VN\VITOSA\another_test\Get_More\audio\5kfLCjQhB9E.wav,5kfLCjQhB9E_17.wav
1001.506,1014.462,12.956000000000017,0.9045809507369995,7,A:\A _ Working\Researching\B - AIoT Lab VN\VITOSA\another_test\Get_More\audio\5RbEHUr5ezA.wav,5RbEHUr5ezA_18.wav
108.386,115.454,7.067999999999998,0.9044798612594604,7,A:\A _ Working\Researching\B - AIoT Lab VN\VITOSA\another_test\Get_More\audio\fMfos_YBT0o.wav,fMfos_YBT0o_16.wav
909.954,917.15,7.196000000000026,0.9044396877288818,9,A:\A _ Working\Researching\B - AIoT Lab VN\VITOSA\another_test\Get_More\audio\eUFVxaNfhzA.wav,eUFVxaNfhzA_34.wav
2025.09,2037.694,12.604000000000042,0.9043995141983032,3,A:\A _ Working\Researching\B - AIoT Lab VN\VITOSA\another_test\Get_More\audio\5PJoMB03vwI.wav,5PJoMB03vwI_11.wav
800.546,807.39,6.843999999999937,0.9042721390724182,17,A:\A _ Working\Researching\B - AIoT Lab VN\VITOSA\another_test\Get_More\audio\qXHma6XYctI.wav,qXHma6XYctI_19.wav
948.674,955.038,6.364000000000033,0.9042617082595825,9,A:\A _ Working\Researching\B - AIoT Lab VN\VITOSA\another_test\Get_More\audio\ZL8rrh9cEQk.wav,ZL8rrh9cEQk_47.wav
694.018,701.214,7.196000000000026,0.9042397737503052,7,A:\A _ Working\Researching\B - AIoT Lab VN\VITOSA\another_test\Get_More\audio\R6g946lCMPs.wav,R6g946lCMPs_43.wav
370.018,377.854,7.836000000000013,0.9041166305541992,9,A:\A _ Working\Researching\B - AIoT Lab VN\VITOSA\another_test\Get_More\audio\Xs286Xdd4Nc.wav,Xs286Xdd4Nc_21.wav
1927.746,1935.582,7.836000000000013,0.9041121006011963,9,A:\A _ Working\Researching\B - AIoT Lab VN\VITOSA\another_test\Get_More\audio\hrS5Tdh0VTU.wav,hrS5Tdh0VTU_24.wav
136.066,141.726,5.659999999999997,0.904086172580719,6,A:\A _ Working\Researching\B - AIoT Lab VN\VITOSA\another_test\Get_More\audio\9D00xkJM2ww.wav,9D00xkJM2ww_22.wav
2904.354,2918.302,13.94800000000032,0.9040771722793579,6,A:\A _ Working\Researching\B - AIoT Lab VN\VITOSA\another_test\Get_More\audio\Xs286Xdd4Nc.wav,Xs286Xdd4Nc_22.wav
99.874,113.598,13.724000000000004,0.9040366411209106,7,A:\A _ Working\Researching\B - AIoT Lab VN\VITOSA\another_test\Get_More\audio\_agW7zGT4nM.wav,_agW7zGT4nM_11.wav
424.226,428.446,4.220000000000027,0.9038195610046387,17,A:\A _ Working\Researching\B - AIoT Lab VN\VITOSA\another_test\Get_More\audio\R6g946lCMPs.wav,R6g946lCMPs_44.wav
2719.33,2730.43,11.099999999999909,0.9038147926330566,13,A:\A _ Working\Researching\B - AIoT Lab VN\VITOSA\another_test\Get_More\audio\S18XXLEo6uE.wav,S18XXLEo6uE_31.wav
2970.946,2983.294,12.347999999999956,0.9037214517593384,12,A:\A _ Working\Researching\B - AIoT Lab VN\VITOSA\another_test\Get_More\audio\ZL8rrh9cEQk.wav,ZL8rrh9cEQk_48.wav
1185.218,1196.126,10.907999999999902,0.9036974906921387,3,A:\A _ Working\Researching\B - AIoT Lab VN\VITOSA\another_test\Get_More\audio\_agW7zGT4nM.wav,_agW7zGT4nM_12.wav
49.634,60.222,10.588000000000001,0.903644323348999,10,A:\A _ Working\Researching\B - AIoT Lab VN\VITOSA\another_test\Get_More\audio\S18XXLEo6uE.wav,S18XXLEo6uE_32.wav
2511.106,2521.95,10.843999999999596,0.9035947322845459,3,A:\A _ Working\Researching\B - AIoT Lab VN\VITOSA\another_test\Get_More\audio\_agW7zGT4nM.wav,_agW7zGT4nM_13.wav
4612.578,4618.174,5.595999999999549,0.9035426378250122,17,A:\A _ Working\Researching\B - AIoT Lab VN\VITOSA\another_test\Get_More\audio\R6g946lCMPs.wav,R6g946lCMPs_45.wav
689.346,700.094,10.748000000000047,0.9035325646400452,17,A:\A _ Working\Researching\B - AIoT Lab VN\VITOSA\another_test\Get_More\audio\5kfLCjQhB9E.wav,5kfLCjQhB9E_18.wav
376.45,386.846,10.396000000000015,0.9034899473190308,17,A:\A _ Working\Researching\B - AIoT Lab VN\VITOSA\another_test\Get_More\audio\hrS5Tdh0VTU.wav,hrS5Tdh0VTU_25.wav
3282.466,3291.582,9.115999999999985,0.9033929705619812,7,A:\A _ Working\Researching\B - AIoT Lab VN\VITOSA\another_test\Get_More\audio\5kfLCjQhB9E.wav,5kfLCjQhB9E_19.wav
2103.618,2110.366,6.748000000000047,0.9033774733543396,9,A:\A _ Working\Researching\B - AIoT Lab VN\VITOSA\another_test\Get_More\audio\F0FDCeoa41k.wav,F0FDCeoa41k_16.wav
3146.082,3156.446,10.364000000000033,0.9033703207969666,9,A:\A _ Working\Researching\B - AIoT Lab VN\VITOSA\another_test\Get_More\audio\ONBa0kwBjmQ.wav,ONBa0kwBjmQ_34.wav
314.818,325.47,10.652000000000044,0.9033627510070801,13,A:\A _ Working\Researching\B - AIoT Lab VN\VITOSA\another_test\Get_More\audio\5kfLCjQhB9E.wav,5kfLCjQhB9E_20.wav
2992.77,2997.822,5.052000000000135,0.9033169150352478,7,A:\A _ Working\Researching\B - AIoT Lab VN\VITOSA\another_test\Get_More\audio\kr0ypY0jAJI.wav,kr0ypY0jAJI_5.wav
693.538,704.606,11.067999999999984,0.9033101797103882,6,A:\A _ Working\Researching\B - AIoT Lab VN\VITOSA\another_test\Get_More\audio\7kB_BvGGN6s.wav,7kB_BvGGN6s_20.wav
152.738,164.67,11.931999999999988,0.9032132029533386,13,A:\A _ Working\Researching\B - AIoT Lab VN\VITOSA\another_test\Get_More\audio\RlOmT9AueBw.wav,RlOmT9AueBw_6.wav
3389.506,3402.782,13.276000000000295,0.9032090902328491,17,A:\A _ Working\Researching\B - AIoT Lab VN\VITOSA\another_test\Get_More\audio\F0FDCeoa41k.wav,F0FDCeoa41k_17.wav
3101.442,3113.374,11.931999999999789,0.9031714797019958,13,A:\A _ Working\Researching\B - AIoT Lab VN\VITOSA\another_test\Get_More\audio\RlOmT9AueBw.wav,RlOmT9AueBw_7.wav
164.546,176.158,11.611999999999995,0.9031237959861755,7,A:\A _ Working\Researching\B - AIoT Lab VN\VITOSA\another_test\Get_More\audio\F0FDCeoa41k.wav,F0FDCeoa41k_18.wav
479.33,483.934,4.604000000000042,0.9031057953834534,0,A:\A _ Working\Researching\B - AIoT Lab VN\VITOSA\another_test\Get_More\audio\5PJoMB03vwI.wav,5PJoMB03vwI_12.wav
3220.162,3225.438,5.276000000000295,0.9030809998512268,18,A:\A _ Working\Researching\B - AIoT Lab VN\VITOSA\another_test\Get_More\audio\7kB_BvGGN6s.wav,7kB_BvGGN6s_21.wav
200.738,209.022,8.283999999999992,0.9030485153198242,17,A:\A _ Working\Researching\B - AIoT Lab VN\VITOSA\another_test\Get_More\audio\_agW7zGT4nM.wav,_agW7zGT4nM_14.wav
34.85,47.966,13.116,0.9030076265335083,3,A:\A _ Working\Researching\B - AIoT Lab VN\VITOSA\another_test\Get_More\audio\jRU0twOCBeQ.wav,jRU0twOCBeQ_17.wav
1813.09,1821.854,8.764000000000124,0.9029719829559326,3,A:\A _ Working\Researching\B - AIoT Lab VN\VITOSA\another_test\Get_More\audio\ONBa0kwBjmQ.wav,ONBa0kwBjmQ_35.wav
325.058,333.918,8.860000000000014,0.9029452800750732,7,A:\A _ Working\Researching\B - AIoT Lab VN\VITOSA\another_test\Get_More\audio\F0FDCeoa41k.wav,F0FDCeoa41k_19.wav
116.226,125.374,9.147999999999996,0.9029107689857483,9,A:\A _ Working\Researching\B - AIoT Lab VN\VITOSA\another_test\Get_More\audio\qXHma6XYctI.wav,qXHma6XYctI_20.wav
3434.05,3441.566,7.515999999999622,0.9027879238128662,2,A:\A _ Working\Researching\B - AIoT Lab VN\VITOSA\another_test\Get_More\audio\ONBa0kwBjmQ.wav,ONBa0kwBjmQ_36.wav
3114.722,3123.262,8.539999999999964,0.9026104807853699,15,A:\A _ Working\Researching\B - AIoT Lab VN\VITOSA\another_test\Get_More\audio\ONBa0kwBjmQ.wav,ONBa0kwBjmQ_37.wav
304.194,312.574,8.379999999999995,0.9025891423225403,3,A:\A _ Working\Researching\B - AIoT Lab VN\VITOSA\another_test\Get_More\audio\ZL8rrh9cEQk.wav,ZL8rrh9cEQk_49.wav
3998.594,4003.582,4.987999999999829,0.9025353193283081,9,A:\A _ Working\Researching\B - AIoT Lab VN\VITOSA\another_test\Get_More\audio\ZL8rrh9cEQk.wav,ZL8rrh9cEQk_50.wav
3092.674,3104.094,11.420000000000073,0.902510404586792,3,A:\A _ Working\Researching\B - AIoT Lab VN\VITOSA\another_test\Get_More\audio\w_Fr7m0rntQ.wav,w_Fr7m0rntQ_16.wav
290.37,302.814,12.444000000000017,0.9024814367294312,17,A:\A _ Working\Researching\B - AIoT Lab VN\VITOSA\another_test\Get_More\audio\7kB_BvGGN6s.wav,7kB_BvGGN6s_22.wav
3113.89,3120.798,6.907999999999902,0.9024566411972046,9,A:\A _ Working\Researching\B - AIoT Lab VN\VITOSA\another_test\Get_More\audio\w_Fr7m0rntQ.wav,w_Fr7m0rntQ_17.wav
649.09,659.998,10.908000000000015,0.9023786187171936,3,A:\A _ Working\Researching\B - AIoT Lab VN\VITOSA\another_test\Get_More\audio\_agW7zGT4nM.wav,_agW7zGT4nM_15.wav
1131.138,1142.462,11.32400000000007,0.9021848440170288,9,A:\A _ Working\Researching\B - AIoT Lab VN\VITOSA\another_test\Get_More\audio\F0FDCeoa41k.wav,F0FDCeoa41k_20.wav
2242.37,2249.054,6.6840000000001965,0.9021320343017578,17,A:\A _ Working\Researching\B - AIoT Lab VN\VITOSA\another_test\Get_More\audio\ZL8rrh9cEQk.wav,ZL8rrh9cEQk_51.wav
668.482,677.726,9.244000000000028,0.9021143913269043,3,A:\A _ Working\Researching\B - AIoT Lab VN\VITOSA\another_test\Get_More\audio\qXHma6XYctI.wav,qXHma6XYctI_21.wav
362.562,370.846,8.283999999999992,0.9020779132843018,9,A:\A _ Working\Researching\B - AIoT Lab VN\VITOSA\another_test\Get_More\audio\RlOmT9AueBw.wav,RlOmT9AueBw_8.wav
858.21,872.094,13.884000000000015,0.9020054936408997,6,A:\A _ Working\Researching\B - AIoT Lab VN\VITOSA\another_test\Get_More\audio\9D00xkJM2ww.wav,9D00xkJM2ww_23.wav
999.938,1008.286,8.347999999999956,0.9019612073898315,13,A:\A _ Working\Researching\B - AIoT Lab VN\VITOSA\another_test\Get_More\audio\ef_lApT7r54.wav,ef_lApT7r54_10.wav
216.482,222.814,6.331999999999994,0.9019231200218201,1,A:\A _ Working\Researching\B - AIoT Lab VN\VITOSA\another_test\Get_More\audio\9D00xkJM2ww.wav,9D00xkJM2ww_24.wav
3050.818,3059.326,8.50799999999981,0.901890218257904,3,A:\A _ Working\Researching\B - AIoT Lab VN\VITOSA\another_test\Get_More\audio\eUFVxaNfhzA.wav,eUFVxaNfhzA_35.wav
3174.914,3181.854,6.9399999999996,0.9018791317939758,18,A:\A _ Working\Researching\B - AIoT Lab VN\VITOSA\another_test\Get_More\audio\RlOmT9AueBw.wav,RlOmT9AueBw_9.wav
1874.658,1881.886,7.2280000000000655,0.9018781185150146,1,A:\A _ Working\Researching\B - AIoT Lab VN\VITOSA\another_test\Get_More\audio\ONBa0kwBjmQ.wav,ONBa0kwBjmQ_38.wav
34.466,44.862,10.396,0.9018770456314087,3,A:\A _ Working\Researching\B - AIoT Lab VN\VITOSA\another_test\Get_More\audio\RlOmT9AueBw.wav,RlOmT9AueBw_10.wav
3137.762,3147.358,9.596000000000004,0.9018549919128418,13,A:\A _ Working\Researching\B - AIoT Lab VN\VITOSA\another_test\Get_More\audio\RlOmT9AueBw.wav,RlOmT9AueBw_11.wav
485.666,494.686,9.019999999999982,0.9018405675888062,19,A:\A _ Working\Researching\B - AIoT Lab VN\VITOSA\another_test\Get_More\audio\5RbEHUr5ezA.wav,5RbEHUr5ezA_19.wav
2739.042,2749.438,10.396000000000186,0.9018252491950989,7,A:\A _ Working\Researching\B - AIoT Lab VN\VITOSA\another_test\Get_More\audio\kr0ypY0jAJI.wav,kr0ypY0jAJI_6.wav
3733.698,3747.102,13.403999999999996,0.9017866253852844,3,A:\A _ Working\Researching\B - AIoT Lab VN\VITOSA\another_test\Get_More\audio\5kfLCjQhB9E.wav,5kfLCjQhB9E_21.wav
1171.938,1177.982,6.043999999999869,0.9017420411109924,9,A:\A _ Working\Researching\B - AIoT Lab VN\VITOSA\another_test\Get_More\audio\R6g946lCMPs.wav,R6g946lCMPs_46.wav
622.914,632.67,9.755999999999972,0.9017060995101929,3,A:\A _ Working\Researching\B - AIoT Lab VN\VITOSA\another_test\Get_More\audio\_agW7zGT4nM.wav,_agW7zGT4nM_16.wav
647.618,656.766,9.14799999999991,0.9015929698944092,3,A:\A _ Working\Researching\B - AIoT Lab VN\VITOSA\another_test\Get_More\audio\fMfos_YBT0o.wav,fMfos_YBT0o_17.wav
3742.85,3749.79,6.940000000000055,0.9015786051750183,3,A:\A _ Working\Researching\B - AIoT Lab VN\VITOSA\another_test\Get_More\audio\qXHma6XYctI.wav,qXHma6XYctI_22.wav
2535.106,2539.838,4.731999999999971,0.9015536904335022,18,A:\A _ Working\Researching\B - AIoT Lab VN\VITOSA\another_test\Get_More\audio\ef_lApT7r54.wav,ef_lApT7r54_11.wav
1049.826,1057.886,8.059999999999945,0.9014990925788879,3,A:\A _ Working\Researching\B - AIoT Lab VN\VITOSA\another_test\Get_More\audio\hrS5Tdh0VTU.wav,hrS5Tdh0VTU_26.wav
3600.45,3606.814,6.364000000000033,0.9014866352081299,9,A:\A _ Working\Researching\B - AIoT Lab VN\VITOSA\another_test\Get_More\audio\5RbEHUr5ezA.wav,5RbEHUr5ezA_20.wav
1037.698,1046.11,8.411999999999807,0.9014464020729065,3,A:\A _ Working\Researching\B - AIoT Lab VN\VITOSA\another_test\Get_More\audio\_agW7zGT4nM.wav,_agW7zGT4nM_17.wav
3540.45,3549.982,9.532000000000153,0.9014317989349365,18,A:\A _ Working\Researching\B - AIoT Lab VN\VITOSA\another_test\Get_More\audio\F0FDCeoa41k.wav,F0FDCeoa41k_21.wav
3711.778,3721.054,9.276000000000295,0.9013564586639404,9,A:\A _ Working\Researching\B - AIoT Lab VN\VITOSA\another_test\Get_More\audio\jRU0twOCBeQ.wav,jRU0twOCBeQ_18.wav
3551.714,3554.782,3.068000000000211,0.9013563394546509,2,A:\A _ Working\Researching\B - AIoT Lab VN\VITOSA\another_test\Get_More\audio\Xs286Xdd4Nc.wav,Xs286Xdd4Nc_23.wav
1143.074,1151.038,7.963999999999942,0.9012762308120728,13,A:\A _ Working\Researching\B - AIoT Lab VN\VITOSA\another_test\Get_More\audio\jRU0twOCBeQ.wav,jRU0twOCBeQ_19.wav
300.738,312.318,11.579999999999984,0.9012669324874878,13,A:\A _ Working\Researching\B - AIoT Lab VN\VITOSA\another_test\Get_More\audio\y-6gIUvZ6f4.wav,y-6gIUvZ6f4_13.wav
4114.818,4126.11,11.291999999999462,0.9012548923492432,13,A:\A _ Working\Researching\B - AIoT Lab VN\VITOSA\another_test\Get_More\audio\qXHma6XYctI.wav,qXHma6XYctI_23.wav
550.306,563.806,13.5,0.9012231230735779,9,A:\A _ Working\Researching\B - AIoT Lab VN\VITOSA\another_test\Get_More\audio\5kfLCjQhB9E.wav,5kfLCjQhB9E_22.wav
700.61,708.03,7.419999999999959,0.9012208580970764,7,A:\A _ Working\Researching\B - AIoT Lab VN\VITOSA\another_test\Get_More\audio\5RbEHUr5ezA.wav,5RbEHUr5ezA_21.wav
324.93,333.438,8.507999999999981,0.9011760950088501,3,A:\A _ Working\Researching\B - AIoT Lab VN\VITOSA\another_test\Get_More\audio\w_Fr7m0rntQ.wav,w_Fr7m0rntQ_18.wav
457.538,463.614,6.075999999999965,0.901172935962677,15,A:\A _ Working\Researching\B - AIoT Lab VN\VITOSA\another_test\Get_More\audio\ZL8rrh9cEQk.wav,ZL8rrh9cEQk_52.wav
864.962,875.646,10.683999999999969,0.9010542631149292,17,A:\A _ Working\Researching\B - AIoT Lab VN\VITOSA\another_test\Get_More\audio\7kB_BvGGN6s.wav,7kB_BvGGN6s_23.wav
2806.338,2815.742,9.403999999999996,0.9009954333305359,13,A:\A _ Working\Researching\B - AIoT Lab VN\VITOSA\another_test\Get_More\audio\7kB_BvGGN6s.wav,7kB_BvGGN6s_24.wav
416.45,427.326,10.876000000000033,0.9009944796562195,7,A:\A _ Working\Researching\B - AIoT Lab VN\VITOSA\another_test\Get_More\audio\hrS5Tdh0VTU.wav,hrS5Tdh0VTU_27.wav
2673.314,2680.574,7.260000000000218,0.9007509350776672,17,A:\A _ Working\Researching\B - AIoT Lab VN\VITOSA\another_test\Get_More\audio\F0FDCeoa41k.wav,F0FDCeoa41k_22.wav
3530.658,3532.862,2.2040000000001783,0.9007498025894165,18,A:\A _ Working\Researching\B - AIoT Lab VN\VITOSA\another_test\Get_More\audio\S18XXLEo6uE.wav,S18XXLEo6uE_33.wav
4010.434,4017.278,6.843999999999596,0.9007243514060974,9,A:\A _ Working\Researching\B - AIoT Lab VN\VITOSA\another_test\Get_More\audio\ZL8rrh9cEQk.wav,ZL8rrh9cEQk_53.wav
343.81,357.278,13.468000000000018,0.9006677269935608,11,A:\A _ Working\Researching\B - AIoT Lab VN\VITOSA\another_test\Get_More\audio\ef_lApT7r54.wav,ef_lApT7r54_12.wav
301.698,307.582,5.8840000000000146,0.9006032943725586,17,A:\A _ Working\Researching\B - AIoT Lab VN\VITOSA\another_test\Get_More\audio\F0FDCeoa41k.wav,F0FDCeoa41k_23.wav
691.49,695.358,3.867999999999938,0.9005588889122009,6,A:\A _ Working\Researching\B - AIoT Lab VN\VITOSA\another_test\Get_More\audio\qXHma6XYctI.wav,qXHma6XYctI_24.wav
758.306,763.198,4.891999999999939,0.9004160165786743,19,A:\A _ Working\Researching\B - AIoT Lab VN\VITOSA\another_test\Get_More\audio\R6g946lCMPs.wav,R6g946lCMPs_47.wav
4439.682,4447.358,7.676000000000386,0.9003310203552246,0,A:\A _ Working\Researching\B - AIoT Lab VN\VITOSA\another_test\Get_More\audio\R6g946lCMPs.wav,R6g946lCMPs_48.wav
2979.074,2985.79,6.7159999999998945,0.9003283977508545,15,A:\A _ Working\Researching\B - AIoT Lab VN\VITOSA\another_test\Get_More\audio\jRU0twOCBeQ.wav,jRU0twOCBeQ_20.wav
939.33,946.366,7.0359999999999445,0.9003127813339233,9,A:\A _ Working\Researching\B - AIoT Lab VN\VITOSA\another_test\Get_More\audio\fMfos_YBT0o.wav,fMfos_YBT0o_18.wav
404.002,411.71,7.70799999999997,0.9002542495727539,6,A:\A _ Working\Researching\B - AIoT Lab VN\VITOSA\another_test\Get_More\audio\y-6gIUvZ6f4.wav,y-6gIUvZ6f4_14.wav
2357.41,2365.246,7.83600000000024,0.900253415107727,13,A:\A _ Working\Researching\B - AIoT Lab VN\VITOSA\another_test\Get_More\audio\y-6gIUvZ6f4.wav,y-6gIUvZ6f4_15.wav
1955.426,1964.574,9.148000000000138,0.900117814540863,3,A:\A _ Working\Researching\B - AIoT Lab VN\VITOSA\another_test\Get_More\audio\_agW7zGT4nM.wav,_agW7zGT4nM_18.wav
3473.57,3482.91,9.33999999999969,0.9000519514083862,3,A:\A _ Working\Researching\B - AIoT Lab VN\VITOSA\another_test\Get_More\audio\5PJoMB03vwI.wav,5PJoMB03vwI_13.wav
3607.458,3614.11,6.652000000000044,0.9000439047813416,9,A:\A _ Working\Researching\B - AIoT Lab VN\VITOSA\another_test\Get_More\audio\ZL8rrh9cEQk.wav,ZL8rrh9cEQk_54.wav
3356.61,3365.79,9.179999999999836,0.9000284075737,3,A:\A _ Working\Researching\B - AIoT Lab VN\VITOSA\another_test\Get_More\audio\hrS5Tdh0VTU.wav,hrS5Tdh0VTU_28.wav
3654.178,3659.038,4.860000000000127,0.9000005722045898,7,A:\A _ Working\Researching\B - AIoT Lab VN\VITOSA\another_test\Get_More\audio\7kB_BvGGN6s.wav,7kB_BvGGN6s_25.wav
1996.45,2007.134,10.683999999999969,0.899994969367981,13,A:\A _ Working\Researching\B - AIoT Lab VN\VITOSA\another_test\Get_More\audio\Xs286Xdd4Nc.wav,Xs286Xdd4Nc_24.wav
3590.626,3600.574,9.947999999999865,0.899868369102478,17,A:\A _ Working\Researching\B - AIoT Lab VN\VITOSA\another_test\Get_More\audio\jRU0twOCBeQ.wav,jRU0twOCBeQ_21.wav
1041.57,1051.582,10.012000000000171,0.8998519778251648,7,A:\A _ Working\Researching\B - AIoT Lab VN\VITOSA\another_test\Get_More\audio\jRU0twOCBeQ.wav,jRU0twOCBeQ_22.wav
328.482,339.998,11.515999999999963,0.8998062014579773,13,A:\A _ Working\Researching\B - AIoT Lab VN\VITOSA\another_test\Get_More\audio\ZL8rrh9cEQk.wav,ZL8rrh9cEQk_55.wav
33.986,44.766,10.780000000000001,0.8997036814689636,13,A:\A _ Working\Researching\B - AIoT Lab VN\VITOSA\another_test\Get_More\audio\_agW7zGT4nM.wav,_agW7zGT4nM_19.wav
1112.002,1121.342,9.340000000000146,0.8995524644851685,2,A:\A _ Working\Researching\B - AIoT Lab VN\VITOSA\another_test\Get_More\audio\eUFVxaNfhzA.wav,eUFVxaNfhzA_36.wav
2028.418,2037.374,8.956000000000131,0.899470865726471,7,A:\A _ Working\Researching\B - AIoT Lab VN\VITOSA\another_test\Get_More\audio\RlOmT9AueBw.wav,RlOmT9AueBw_12.wav
81.474,90.43,8.956000000000003,0.8994170427322388,3,A:\A _ Working\Researching\B - AIoT Lab VN\VITOSA\another_test\Get_More\audio\kr0ypY0jAJI.wav,kr0ypY0jAJI_7.wav
4139.65,4150.206,10.556000000000495,0.8994044661521912,9,A:\A _ Working\Researching\B - AIoT Lab VN\VITOSA\another_test\Get_More\audio\ZL8rrh9cEQk.wav,ZL8rrh9cEQk_56.wav
1367.138,1375.966,8.827999999999975,0.8993960022926331,13,A:\A _ Working\Researching\B - AIoT Lab VN\VITOSA\another_test\Get_More\audio\5kfLCjQhB9E.wav,5kfLCjQhB9E_23.wav
3599.554,3606.43,6.875999999999749,0.8993567228317261,13,A:\A _ Working\Researching\B - AIoT Lab VN\VITOSA\another_test\Get_More\audio\F0FDCeoa41k.wav,F0FDCeoa41k_24.wav
3742.562,3750.846,8.284000000000106,0.8992385268211365,17,A:\A _ Working\Researching\B - AIoT Lab VN\VITOSA\another_test\Get_More\audio\5RbEHUr5ezA.wav,5RbEHUr5ezA_22.wav
1989.346,1996.926,7.579999999999927,0.8990387916564941,3,A:\A _ Working\Researching\B - AIoT Lab VN\VITOSA\another_test\Get_More\audio\qXHma6XYctI.wav,qXHma6XYctI_25.wav
1013.218,1026.302,13.083999999999946,0.8990333080291748,3,A:\A _ Working\Researching\B - AIoT Lab VN\VITOSA\another_test\Get_More\audio\qXHma6XYctI.wav,qXHma6XYctI_26.wav
95.522,106.686,11.164000000000001,0.8990288972854614,13,A:\A _ Working\Researching\B - AIoT Lab VN\VITOSA\another_test\Get_More\audio\Xs286Xdd4Nc.wav,Xs286Xdd4Nc_25.wav
250.786,261.31,10.524000000000001,0.8989886045455933,9,A:\A _ Working\Researching\B - AIoT Lab VN\VITOSA\another_test\Get_More\audio\jRU0twOCBeQ.wav,jRU0twOCBeQ_23.wav
3595.17,3603.614,8.44399999999996,0.8989824056625366,3,A:\A _ Working\Researching\B - AIoT Lab VN\VITOSA\another_test\Get_More\audio\5kfLCjQhB9E.wav,5kfLCjQhB9E_24.wav
536.514,544.51,7.995999999999981,0.8989220857620239,2,A:\A _ Working\Researching\B - AIoT Lab VN\VITOSA\another_test\Get_More\audio\5kfLCjQhB9E.wav,5kfLCjQhB9E_25.wav
296.322,304.318,7.995999999999981,0.8988608121871948,9,A:\A _ Working\Researching\B - AIoT Lab VN\VITOSA\another_test\Get_More\audio\RlOmT9AueBw.wav,RlOmT9AueBw_13.wav
2918.274,2927.422,9.148000000000138,0.8988199234008789,3,A:\A _ Working\Researching\B - AIoT Lab VN\VITOSA\another_test\Get_More\audio\w_Fr7m0rntQ.wav,w_Fr7m0rntQ_19.wav
3043.97,3055.614,11.644000000000233,0.8986207842826843,3,A:\A _ Working\Researching\B - AIoT Lab VN\VITOSA\another_test\Get_More\audio\F0FDCeoa41k.wav,F0FDCeoa41k_25.wav
58.85,70.878,12.027999999999999,0.898575484752655,3,A:\A _ Working\Researching\B - AIoT Lab VN\VITOSA\another_test\Get_More\audio\_agW7zGT4nM.wav,_agW7zGT4nM_20.wav
1181.922,1190.142,8.220000000000027,0.8985735177993774,15,A:\A _ Working\Researching\B - AIoT Lab VN\VITOSA\another_test\Get_More\audio\S18XXLEo6uE.wav,S18XXLEo6uE_34.wav
1218.114,1229.438,11.32400000000007,0.8983502388000488,10,A:\A _ Working\Researching\B - AIoT Lab VN\VITOSA\another_test\Get_More\audio\S18XXLEo6uE.wav,S18XXLEo6uE_35.wav
646.914,657.95,11.036000000000058,0.8983302712440491,11,A:\A _ Working\Researching\B - AIoT Lab VN\VITOSA\another_test\Get_More\audio\S18XXLEo6uE.wav,S18XXLEo6uE_36.wav
424.93,432.958,8.02800000000002,0.8982644081115723,17,A:\A _ Working\Researching\B - AIoT Lab VN\VITOSA\another_test\Get_More\audio\5RbEHUr5ezA.wav,5RbEHUr5ezA_23.wav
4973.698,4986.558,12.859999999999673,0.8982462882995605,18,A:\A _ Working\Researching\B - AIoT Lab VN\VITOSA\another_test\Get_More\audio\qXHma6XYctI.wav,qXHma6XYctI_27.wav
1940.258,1952.894,12.635999999999967,0.8981740474700928,8,A:\A _ Working\Researching\B - AIoT Lab VN\VITOSA\another_test\Get_More\audio\ONBa0kwBjmQ.wav,ONBa0kwBjmQ_39.wav
5150.466,5152.894,2.4279999999998836,0.8981730937957764,2,A:\A _ Working\Researching\B - AIoT Lab VN\VITOSA\another_test\Get_More\audio\qXHma6XYctI.wav,qXHma6XYctI_28.wav
123.362,133.886,10.524000000000001,0.8981638550758362,10,A:\A _ Working\Researching\B - AIoT Lab VN\VITOSA\another_test\Get_More\audio\ZL8rrh9cEQk.wav,ZL8rrh9cEQk_57.wav
2777.09,2784.062,6.971999999999753,0.8981245160102844,3,A:\A _ Working\Researching\B - AIoT Lab VN\VITOSA\another_test\Get_More\audio\S18XXLEo6uE.wav,S18XXLEo6uE_37.wav
525.986,532.478,6.491999999999962,0.8981077671051025,3,A:\A _ Working\Researching\B - AIoT Lab VN\VITOSA\another_test\Get_More\audio\5PJoMB03vwI.wav,5PJoMB03vwI_14.wav
3482.818,3490.718,7.899999999999636,0.8980996608734131,3,A:\A _ Working\Researching\B - AIoT Lab VN\VITOSA\another_test\Get_More\audio\S18XXLEo6uE.wav,S18XXLEo6uE_38.wav
2854.05,2867.614,13.56399999999985,0.898094892501831,16,A:\A _ Working\Researching\B - AIoT Lab VN\VITOSA\another_test\Get_More\audio\Xs286Xdd4Nc.wav,Xs286Xdd4Nc_26.wav
1825.538,1839.294,13.756000000000085,0.897990345954895,13,A:\A _ Working\Researching\B - AIoT Lab VN\VITOSA\another_test\Get_More\audio\ef_lApT7r54.wav,ef_lApT7r54_13.wav
4781.442,4791.454,10.011999999999716,0.8979284763336182,13,A:\A _ Working\Researching\B - AIoT Lab VN\VITOSA\another_test\Get_More\audio\qXHma6XYctI.wav,qXHma6XYctI_29.wav
1127.81,1134.59,6.779999999999973,0.8978902697563171,3,A:\A _ Working\Researching\B - AIoT Lab VN\VITOSA\another_test\Get_More\audio\9D00xkJM2ww.wav,9D00xkJM2ww_25.wav
381.474,389.726,8.25200000000001,0.8978630304336548,3,A:\A _ Working\Researching\B - AIoT Lab VN\VITOSA\another_test\Get_More\audio\RlOmT9AueBw.wav,RlOmT9AueBw_14.wav
2839.106,2846.782,7.675999999999931,0.8977915644645691,3,A:\A _ Working\Researching\B - AIoT Lab VN\VITOSA\another_test\Get_More\audio\y-6gIUvZ6f4.wav,y-6gIUvZ6f4_16.wav
131.586,145.214,13.627999999999986,0.8977837562561035,13,A:\A _ Working\Researching\B - AIoT Lab VN\VITOSA\another_test\Get_More\audio\F0FDCeoa41k.wav,F0FDCeoa41k_26.wav
1052.13,1061.374,9.243999999999915,0.8977596759796143,3,A:\A _ Working\Researching\B - AIoT Lab VN\VITOSA\another_test\Get_More\audio\5RbEHUr5ezA.wav,5RbEHUr5ezA_24.wav
4509.218,4515.55,6.332000000000335,0.8977505564689636,17,A:\A _ Working\Researching\B - AIoT Lab VN\VITOSA\another_test\Get_More\audio\R6g946lCMPs.wav,R6g946lCMPs_49.wav
1011.074,1022.014,10.940000000000055,0.8977342844009399,13,A:\A _ Working\Researching\B - AIoT Lab VN\VITOSA\another_test\Get_More\audio\y-6gIUvZ6f4.wav,y-6gIUvZ6f4_17.wav
268.642,278.686,10.043999999999983,0.8976948261260986,12,A:\A _ Working\Researching\B - AIoT Lab VN\VITOSA\another_test\Get_More\audio\9D00xkJM2ww.wav,9D00xkJM2ww_26.wav
2540.258,2551.166,10.908000000000357,0.8976883292198181,13,A:\A _ Working\Researching\B - AIoT Lab VN\VITOSA\another_test\Get_More\audio\7kB_BvGGN6s.wav,7kB_BvGGN6s_26.wav
2006.53,2019.71,13.180000000000064,0.8976480960845947,12,A:\A _ Working\Researching\B - AIoT Lab VN\VITOSA\another_test\Get_More\audio\jRU0twOCBeQ.wav,jRU0twOCBeQ_24.wav
2549.57,2562.622,13.05199999999968,0.8976268768310547,17,A:\A _ Working\Researching\B - AIoT Lab VN\VITOSA\another_test\Get_More\audio\ONBa0kwBjmQ.wav,ONBa0kwBjmQ_40.wav
1978.786,1989.022,10.235999999999876,0.8975192308425903,13,A:\A _ Working\Researching\B - AIoT Lab VN\VITOSA\another_test\Get_More\audio\5kfLCjQhB9E.wav,5kfLCjQhB9E_26.wav
548.77,558.334,9.563999999999965,0.8974583148956299,7,A:\A _ Working\Researching\B - AIoT Lab VN\VITOSA\another_test\Get_More\audio\_agW7zGT4nM.wav,_agW7zGT4nM_21.wav
183.554,189.15,5.596000000000004,0.8974544405937195,9,A:\A _ Working\Researching\B - AIoT Lab VN\VITOSA\another_test\Get_More\audio\_agW7zGT4nM.wav,_agW7zGT4nM_22.wav
4031.458,4043.006,11.547999999999774,0.8974317312240601,9,A:\A _ Working\Researching\B - AIoT Lab VN\VITOSA\another_test\Get_More\audio\5kfLCjQhB9E.wav,5kfLCjQhB9E_27.wav
3099.522,3107.422,7.900000000000091,0.897350013256073,16,A:\A _ Working\Researching\B - AIoT Lab VN\VITOSA\another_test\Get_More\audio\kr0ypY0jAJI.wav,kr0ypY0jAJI_8.wav
1137.954,1144.414,6.460000000000036,0.8973451852798462,3,A:\A _ Working\Researching\B - AIoT Lab VN\VITOSA\another_test\Get_More\audio\hrS5Tdh0VTU.wav,hrS5Tdh0VTU_29.wav
1883.17,1891.582,8.412000000000035,0.8973440527915955,9,A:\A _ Working\Researching\B - AIoT Lab VN\VITOSA\another_test\Get_More\audio\R6g946lCMPs.wav,R6g946lCMPs_50.wav
3654.274,3665.534,11.260000000000218,0.897339403629303,17,A:\A _ Working\Researching\B - AIoT Lab VN\VITOSA\another_test\Get_More\audio\jRU0twOCBeQ.wav,jRU0twOCBeQ_25.wav
154.114,162.302,8.187999999999988,0.8972895741462708,17,A:\A _ Working\Researching\B - AIoT Lab VN\VITOSA\another_test\Get_More\audio\9D00xkJM2ww.wav,9D00xkJM2ww_27.wav
504.29,511.582,7.291999999999973,0.8972256183624268,13,A:\A _ Working\Researching\B - AIoT Lab VN\VITOSA\another_test\Get_More\audio\ef_lApT7r54.wav,ef_lApT7r54_14.wav
1306.978,1318.27,11.291999999999916,0.897209107875824,6,A:\A _ Working\Researching\B - AIoT Lab VN\VITOSA\another_test\Get_More\audio\R6g946lCMPs.wav,R6g946lCMPs_51.wav
271.042,284.19,13.148000000000025,0.8972081542015076,13,A:\A _ Working\Researching\B - AIoT Lab VN\VITOSA\another_test\Get_More\audio\ZL8rrh9cEQk.wav,ZL8rrh9cEQk_58.wav
3231.618,3240.318,8.700000000000273,0.8971312046051025,3,A:\A _ Working\Researching\B - AIoT Lab VN\VITOSA\another_test\Get_More\audio\7kB_BvGGN6s.wav,7kB_BvGGN6s_27.wav
53.986,63.23,9.244,0.8971250057220459,13,A:\A _ Working\Researching\B - AIoT Lab VN\VITOSA\another_test\Get_More\audio\w_Fr7m0rntQ.wav,w_Fr7m0rntQ_20.wav
1800.962,1812.318,11.355999999999995,0.8971232175827026,3,A:\A _ Working\Researching\B - AIoT Lab VN\VITOSA\another_test\Get_More\audio\ef_lApT7r54.wav,ef_lApT7r54_15.wav
2219.586,2231.294,11.708000000000084,0.8970901966094971,3,A:\A _ Working\Researching\B - AIoT Lab VN\VITOSA\another_test\Get_More\audio\5PJoMB03vwI.wav,5PJoMB03vwI_15.wav
1791.618,1800.222,8.604000000000042,0.8970870971679688,9,A:\A _ Working\Researching\B - AIoT Lab VN\VITOSA\another_test\Get_More\audio\S18XXLEo6uE.wav,S18XXLEo6uE_39.wav
112.93,120.126,7.195999999999998,0.8970620632171631,9,A:\A _ Working\Researching\B - AIoT Lab VN\VITOSA\another_test\Get_More\audio\kr0ypY0jAJI.wav,kr0ypY0jAJI_9.wav
3614.37,3619.838,5.468000000000302,0.8970431089401245,2,A:\A _ Working\Researching\B - AIoT Lab VN\VITOSA\another_test\Get_More\audio\w_Fr7m0rntQ.wav,w_Fr7m0rntQ_21.wav
928.418,935.486,7.067999999999984,0.8970184922218323,3,A:\A _ Working\Researching\B - AIoT Lab VN\VITOSA\another_test\Get_More\audio\5RbEHUr5ezA.wav,5RbEHUr5ezA_25.wav
617.41,630.526,13.115999999999985,0.8969868421554565,6,A:\A _ Working\Researching\B - AIoT Lab VN\VITOSA\another_test\Get_More\audio\R6g946lCMPs.wav,R6g946lCMPs_52.wav
662.914,669.022,6.108000000000061,0.8969290852546692,10,A:\A _ Working\Researching\B - AIoT Lab VN\VITOSA\another_test\Get_More\audio\fMfos_YBT0o.wav,fMfos_YBT0o_19.wav
253.922,265.886,11.964000000000027,0.8968604803085327,13,A:\A _ Working\Researching\B - AIoT Lab VN\VITOSA\another_test\Get_More\audio\ZL8rrh9cEQk.wav,ZL8rrh9cEQk_59.wav
490.658,497.342,6.683999999999969,0.896827220916748,17,A:\A _ Working\Researching\B - AIoT Lab VN\VITOSA\another_test\Get_More\audio\qXHma6XYctI.wav,qXHma6XYctI_30.wav
2990.53,3001.182,10.651999999999589,0.8968163728713989,7,A:\A _ Working\Researching\B - AIoT Lab VN\VITOSA\another_test\Get_More\audio\_agW7zGT4nM.wav,_agW7zGT4nM_23.wav
76.418,85.694,9.275999999999996,0.8967959880828857,3,A:\A _ Working\Researching\B - AIoT Lab VN\VITOSA\another_test\Get_More\audio\y-6gIUvZ6f4.wav,y-6gIUvZ6f4_18.wav
1969.89,1978.59,8.699999999999818,0.896757185459137,3,A:\A _ Working\Researching\B - AIoT Lab VN\VITOSA\another_test\Get_More\audio\RlOmT9AueBw.wav,RlOmT9AueBw_15.wav
510.37,517.118,6.748000000000047,0.8966810703277588,3,A:\A _ Working\Researching\B - AIoT Lab VN\VITOSA\another_test\Get_More\audio\y-6gIUvZ6f4.wav,y-6gIUvZ6f4_19.wav
859.138,868.062,8.923999999999978,0.8966488838195801,15,A:\A _ Working\Researching\B - AIoT Lab VN\VITOSA\another_test\Get_More\audio\R6g946lCMPs.wav,R6g946lCMPs_53.wav
1448.354,1455.326,6.97199999999998,0.896615743637085,9,A:\A _ Working\Researching\B - AIoT Lab VN\VITOSA\another_test\Get_More\audio\R6g946lCMPs.wav,R6g946lCMPs_54.wav
131.01,141.95,10.939999999999998,0.8965095281600952,6,A:\A _ Working\Researching\B - AIoT Lab VN\VITOSA\another_test\Get_More\audio\eUFVxaNfhzA.wav,eUFVxaNfhzA_37.wav
3026.562,3030.782,4.220000000000255,0.8964717984199524,3,A:\A _ Working\Researching\B - AIoT Lab VN\VITOSA\another_test\Get_More\audio\5PJoMB03vwI.wav,5PJoMB03vwI_16.wav
1190.37,1199.454,9.08400000000006,0.8964585065841675,10,A:\A _ Working\Researching\B - AIoT Lab VN\VITOSA\another_test\Get_More\audio\hrS5Tdh0VTU.wav,hrS5Tdh0VTU_30.wav
177.09,183.006,5.915999999999997,0.8964030146598816,3,A:\A _ Working\Researching\B - AIoT Lab VN\VITOSA\another_test\Get_More\audio\S18XXLEo6uE.wav,S18XXLEo6uE_40.wav
3420.098,3428.638,8.539999999999964,0.8963385820388794,15,A:\A _ Working\Researching\B - AIoT Lab VN\VITOSA\another_test\Get_More\audio\5PJoMB03vwI.wav,5PJoMB03vwI_17.wav
477.858,491.326,13.468000000000018,0.8963238596916199,13,A:\A _ Working\Researching\B - AIoT Lab VN\VITOSA\another_test\Get_More\audio\ef_lApT7r54.wav,ef_lApT7r54_16.wav
3189.314,3196.03,6.716000000000349,0.8962446451187134,10,A:\A _ Working\Researching\B - AIoT Lab VN\VITOSA\another_test\Get_More\audio\S18XXLEo6uE.wav,S18XXLEo6uE_41.wav
367.01,377.726,10.716000000000008,0.896185040473938,15,A:\A _ Working\Researching\B - AIoT Lab VN\VITOSA\another_test\Get_More\audio\w_Fr7m0rntQ.wav,w_Fr7m0rntQ_22.wav
529.442,536.126,6.683999999999969,0.8961756229400635,3,A:\A _ Working\Researching\B - AIoT Lab VN\VITOSA\another_test\Get_More\audio\ef_lApT7r54.wav,ef_lApT7r54_17.wav
1008.13,1015.71,7.580000000000041,0.8961641192436218,13,A:\A _ Working\Researching\B - AIoT Lab VN\VITOSA\another_test\Get_More\audio\hrS5Tdh0VTU.wav,hrS5Tdh0VTU_31.wav
364.226,375.358,11.132000000000005,0.8961371183395386,13,A:\A _ Working\Researching\B - AIoT Lab VN\VITOSA\another_test\Get_More\audio\ef_lApT7r54.wav,ef_lApT7r54_18.wav
3681.058,3687.87,6.811999999999898,0.8961105346679688,17,A:\A _ Working\Researching\B - AIoT Lab VN\VITOSA\another_test\Get_More\audio\RlOmT9AueBw.wav,RlOmT9AueBw_16.wav
838.146,844.286,6.139999999999986,0.8960756063461304,9,A:\A _ Working\Researching\B - AIoT Lab VN\VITOSA\another_test\Get_More\audio\7kB_BvGGN6s.wav,7kB_BvGGN6s_28.wav
680.642,692.606,11.963999999999942,0.8960275650024414,12,A:\A _ Working\Researching\B - AIoT Lab VN\VITOSA\another_test\Get_More\audio\eUFVxaNfhzA.wav,eUFVxaNfhzA_38.wav
2630.754,2643.614,12.860000000000127,0.8959441781044006,3,A:\A _ Working\Researching\B - AIoT Lab VN\VITOSA\another_test\Get_More\audio\ONBa0kwBjmQ.wav,ONBa0kwBjmQ_41.wav
2056.61,2067.55,10.940000000000055,0.8958622217178345,7,A:\A _ Working\Researching\B - AIoT Lab VN\VITOSA\another_test\Get_More\audio\5PJoMB03vwI.wav,5PJoMB03vwI_18.wav
1209.154,1217.63,8.476000000000113,0.8958091735839844,3,A:\A _ Working\Researching\B - AIoT Lab VN\VITOSA\another_test\Get_More\audio\_agW7zGT4nM.wav,_agW7zGT4nM_24.wav
92.386,97.886,5.5,0.8958081603050232,13,A:\A _ Working\Researching\B - AIoT Lab VN\VITOSA\another_test\Get_More\audio\ONBa0kwBjmQ.wav,ONBa0kwBjmQ_42.wav
2176.482,2184.894,8.411999999999807,0.8957819938659668,13,A:\A _ Working\Researching\B - AIoT Lab VN\VITOSA\another_test\Get_More\audio\kr0ypY0jAJI.wav,kr0ypY0jAJI_10.wav
2015.906,2023.678,7.772000000000162,0.8957634568214417,17,A:\A _ Working\Researching\B - AIoT Lab VN\VITOSA\another_test\Get_More\audio\R6g946lCMPs.wav,R6g946lCMPs_55.wav
2905.634,2914.078,8.44399999999996,0.8957393169403076,11,A:\A _ Working\Researching\B - AIoT Lab VN\VITOSA\another_test\Get_More\audio\ZL8rrh9cEQk.wav,ZL8rrh9cEQk_60.wav
11.458,21.118,9.659999999999998,0.8957347869873047,16,A:\A _ Working\Researching\B - AIoT Lab VN\VITOSA\another_test\Get_More\audio\kr0ypY0jAJI.wav,kr0ypY0jAJI_11.wav
338.85,348.03,9.17999999999995,0.8957209587097168,3,A:\A _ Working\Researching\B - AIoT Lab VN\VITOSA\another_test\Get_More\audio\y-6gIUvZ6f4.wav,y-6gIUvZ6f4_20.wav
345.122,352.83,7.70799999999997,0.8957040905952454,3,A:\A _ Working\Researching\B - AIoT Lab VN\VITOSA\another_test\Get_More\audio\_agW7zGT4nM.wav,_agW7zGT4nM_25.wav
413.378,424.446,11.06800000000004,0.8956356048583984,3,A:\A _ Working\Researching\B - AIoT Lab VN\VITOSA\another_test\Get_More\audio\ZL8rrh9cEQk.wav,ZL8rrh9cEQk_61.wav
750.594,756.862,6.267999999999915,0.8956341743469238,9,A:\A _ Working\Researching\B - AIoT Lab VN\VITOSA\another_test\Get_More\audio\jRU0twOCBeQ.wav,jRU0twOCBeQ_26.wav
235.81,249.342,13.53200000000001,0.8956236243247986,17,A:\A _ Working\Researching\B - AIoT Lab VN\VITOSA\another_test\Get_More\audio\Xs286Xdd4Nc.wav,Xs286Xdd4Nc_27.wav
1016.066,1024.766,8.700000000000045,0.8955761790275574,3,A:\A _ Working\Researching\B - AIoT Lab VN\VITOSA\another_test\Get_More\audio\eUFVxaNfhzA.wav,eUFVxaNfhzA_39.wav
266.306,278.878,12.572000000000003,0.895429790019989,16,A:\A _ Working\Researching\B - AIoT Lab VN\VITOSA\another_test\Get_More\audio\ONBa0kwBjmQ.wav,ONBa0kwBjmQ_43.wav
443.234,448.51,5.2760000000000105,0.8953807950019836,9,A:\A _ Working\Researching\B - AIoT Lab VN\VITOSA\another_test\Get_More\audio\5PJoMB03vwI.wav,5PJoMB03vwI_19.wav
2495.586,2503.742,8.156000000000404,0.895332932472229,3,A:\A _ Working\Researching\B - AIoT Lab VN\VITOSA\another_test\Get_More\audio\ef_lApT7r54.wav,ef_lApT7r54_19.wav
134.21,148.19,13.97999999999999,0.8953254818916321,13,A:\A _ Working\Researching\B - AIoT Lab VN\VITOSA\another_test\Get_More\audio\5PJoMB03vwI.wav,5PJoMB03vwI_20.wav
797.954,805.374,7.420000000000073,0.8951926827430725,17,A:\A _ Working\Researching\B - AIoT Lab VN\VITOSA\another_test\Get_More\audio\fMfos_YBT0o.wav,fMfos_YBT0o_20.wav
2892.802,2897.598,4.795999999999822,0.8951733112335205,18,A:\A _ Working\Researching\B - AIoT Lab VN\VITOSA\another_test\Get_More\audio\w_Fr7m0rntQ.wav,w_Fr7m0rntQ_23.wav
3498.978,3507.774,8.795999999999822,0.8951113224029541,3,A:\A _ Working\Researching\B - AIoT Lab VN\VITOSA\another_test\Get_More\audio\5RbEHUr5ezA.wav,5RbEHUr5ezA_26.wav
1272.61,1277.982,5.372000000000071,0.8950976729393005,3,A:\A _ Working\Researching\B - AIoT Lab VN\VITOSA\another_test\Get_More\audio\_agW7zGT4nM.wav,_agW7zGT4nM_26.wav
5073.25,5085.854,12.60400000000027,0.8950791358947754,3,A:\A _ Working\Researching\B - AIoT Lab VN\VITOSA\another_test\Get_More\audio\qXHma6XYctI.wav,qXHma6XYctI_31.wav
2306.658,2315.806,9.148000000000138,0.8950241804122925,12,A:\A _ Working\Researching\B - AIoT Lab VN\VITOSA\another_test\Get_More\audio\5kfLCjQhB9E.wav,5kfLCjQhB9E_28.wav
3239.394,3244.99,5.596000000000004,0.895016074180603,9,A:\A _ Working\Researching\B - AIoT Lab VN\VITOSA\another_test\Get_More\audio\9D00xkJM2ww.wav,9D00xkJM2ww_28.wav
30.754,35.102,4.347999999999995,0.8949905037879944,18,A:\A _ Working\Researching\B - AIoT Lab VN\VITOSA\another_test\Get_More\audio\5PJoMB03vwI.wav,5PJoMB03vwI_21.wav
1241.09,1249.214,8.124000000000024,0.8949892520904541,3,A:\A _ Working\Researching\B - AIoT Lab VN\VITOSA\another_test\Get_More\audio\_agW7zGT4nM.wav,_agW7zGT4nM_27.wav
2785.698,2794.11,8.412000000000262,0.8949581384658813,13,A:\A _ Working\Researching\B - AIoT Lab VN\VITOSA\another_test\Get_More\audio\y-6gIUvZ6f4.wav,y-6gIUvZ6f4_21.wav
2849.378,2862.622,13.243999999999687,0.894945502281189,13,A:\A _ Working\Researching\B - AIoT Lab VN\VITOSA\another_test\Get_More\audio\RlOmT9AueBw.wav,RlOmT9AueBw_17.wav
3334.018,3346.27,12.251999999999953,0.8949319124221802,13,A:\A _ Working\Researching\B - AIoT Lab VN\VITOSA\another_test\Get_More\audio\7kB_BvGGN6s.wav,7kB_BvGGN6s_29.wav
485.122,491.966,6.843999999999994,0.8948906064033508,13,A:\A _ Working\Researching\B - AIoT Lab VN\VITOSA\another_test\Get_More\audio\ZL8rrh9cEQk.wav,ZL8rrh9cEQk_62.wav
2750.114,2762.238,12.123999999999796,0.8948438167572021,9,A:\A _ Working\Researching\B - AIoT Lab VN\VITOSA\another_test\Get_More\audio\w_Fr7m0rntQ.wav,w_Fr7m0rntQ_24.wav
331.778,337.662,5.883999999999958,0.8947569131851196,9,A:\A _ Working\Researching\B - AIoT Lab VN\VITOSA\another_test\Get_More\audio\kr0ypY0jAJI.wav,kr0ypY0jAJI_12.wav
2550.242,2557.182,6.9399999999996,0.8947444558143616,13,A:\A _ Working\Researching\B - AIoT Lab VN\VITOSA\another_test\Get_More\audio\S18XXLEo6uE.wav,S18XXLEo6uE_42.wav
486.754,496.83,10.075999999999965,0.8947405815124512,3,A:\A _ Working\Researching\B - AIoT Lab VN\VITOSA\another_test\Get_More\audio\_agW7zGT4nM.wav,_agW7zGT4nM_28.wav
144.674,151.998,7.323999999999984,0.8947097659111023,15,A:\A _ Working\Researching\B - AIoT Lab VN\VITOSA\another_test\Get_More\audio\w_Fr7m0rntQ.wav,w_Fr7m0rntQ_25.wav
943.906,949.342,5.4360000000000355,0.8946977853775024,3,A:\A _ Working\Researching\B - AIoT Lab VN\VITOSA\another_test\Get_More\audio\ONBa0kwBjmQ.wav,ONBa0kwBjmQ_44.wav
313.314,321.118,7.803999999999974,0.8945924639701843,2,A:\A _ Working\Researching\B - AIoT Lab VN\VITOSA\another_test\Get_More\audio\RlOmT9AueBw.wav,RlOmT9AueBw_18.wav
1239.17,1249.95,10.779999999999973,0.8945577144622803,3,A:\A _ Working\Researching\B - AIoT Lab VN\VITOSA\another_test\Get_More\audio\5PJoMB03vwI.wav,5PJoMB03vwI_22.wav
3097.57,3109.502,11.931999999999789,0.8945236206054688,13,A:\A _ Working\Researching\B - AIoT Lab VN\VITOSA\another_test\Get_More\audio\jRU0twOCBeQ.wav,jRU0twOCBeQ_27.wav
434.242,445.086,10.843999999999994,0.8944881558418274,3,A:\A _ Working\Researching\B - AIoT Lab VN\VITOSA\another_test\Get_More\audio\ZL8rrh9cEQk.wav,ZL8rrh9cEQk_63.wav
3480.354,3486.398,6.044000000000324,0.894456684589386,9,A:\A _ Working\Researching\B - AIoT Lab VN\VITOSA\another_test\Get_More\audio\_agW7zGT4nM.wav,_agW7zGT4nM_29.wav
346.594,360.062,13.468000000000018,0.8944472670555115,7,A:\A _ Working\Researching\B - AIoT Lab VN\VITOSA\another_test\Get_More\audio\S18XXLEo6uE.wav,S18XXLEo6uE_43.wav
490.754,500.606,9.851999999999975,0.8943521976470947,3,A:\A _ Working\Researching\B - AIoT Lab VN\VITOSA\another_test\Get_More\audio\5kfLCjQhB9E.wav,5kfLCjQhB9E_29.wav
376.45,383.614,7.163999999999987,0.8943263292312622,9,A:\A _ Working\Researching\B - AIoT Lab VN\VITOSA\another_test\Get_More\audio\S18XXLEo6uE.wav,S18XXLEo6uE_44.wav
2147.394,2154.654,7.260000000000218,0.8943217992782593,9,A:\A _ Working\Researching\B - AIoT Lab VN\VITOSA\another_test\Get_More\audio\jRU0twOCBeQ.wav,jRU0twOCBeQ_28.wav
3310.21,3316.254,6.043999999999869,0.8942534923553467,3,A:\A _ Working\Researching\B - AIoT Lab VN\VITOSA\another_test\Get_More\audio\9D00xkJM2ww.wav,9D00xkJM2ww_29.wav
3051.298,3062.366,11.068000000000211,0.8942528963088989,6,A:\A _ Working\Researching\B - AIoT Lab VN\VITOSA\another_test\Get_More\audio\S18XXLEo6uE.wav,S18XXLEo6uE_45.wav
360.354,366.302,5.948000000000036,0.8942145109176636,13,A:\A _ Working\Researching\B - AIoT Lab VN\VITOSA\another_test\Get_More\audio\ZL8rrh9cEQk.wav,ZL8rrh9cEQk_64.wav
2149.858,2159.646,9.788000000000011,0.8942005038261414,13,A:\A _ Working\Researching\B - AIoT Lab VN\VITOSA\another_test\Get_More\audio\RlOmT9AueBw.wav,RlOmT9AueBw_19.wav
977.09,985.118,8.02800000000002,0.8941138982772827,13,A:\A _ Working\Researching\B - AIoT Lab VN\VITOSA\another_test\Get_More\audio\F0FDCeoa41k.wav,F0FDCeoa41k_27.wav
834.274,842.43,8.155999999999949,0.8940744400024414,11,A:\A _ Working\Researching\B - AIoT Lab VN\VITOSA\another_test\Get_More\audio\ZL8rrh9cEQk.wav,ZL8rrh9cEQk_65.wav
767.298,774.142,6.844000000000051,0.8940701484680176,3,A:\A _ Working\Researching\B - AIoT Lab VN\VITOSA\another_test\Get_More\audio\jRU0twOCBeQ.wav,jRU0twOCBeQ_29.wav
3033.634,3046.526,12.891999999999825,0.8940464854240417,13,A:\A _ Working\Researching\B - AIoT Lab VN\VITOSA\another_test\Get_More\audio\qXHma6XYctI.wav,qXHma6XYctI_32.wav
385.218,394.846,9.627999999999986,0.8939530253410339,7,A:\A _ Working\Researching\B - AIoT Lab VN\VITOSA\another_test\Get_More\audio\w_Fr7m0rntQ.wav,w_Fr7m0rntQ_26.wav
4073.666,4079.102,5.435999999999694,0.8939387798309326,9,A:\A _ Working\Researching\B - AIoT Lab VN\VITOSA\another_test\Get_More\audio\ZL8rrh9cEQk.wav,ZL8rrh9cEQk_66.wav
1259.17,1263.134,3.963999999999942,0.8939279913902283,17,A:\A _ Working\Researching\B - AIoT Lab VN\VITOSA\another_test\Get_More\audio\S18XXLEo6uE.wav,S18XXLEo6uE_46.wav
1202.37,1211.07,8.700000000000045,0.8939181566238403,3,A:\A _ Working\Researching\B - AIoT Lab VN\VITOSA\another_test\Get_More\audio\5kfLCjQhB9E.wav,5kfLCjQhB9E_30.wav
1027.394,1035.23,7.836000000000013,0.8939024806022644,3,A:\A _ Working\Researching\B - AIoT Lab VN\VITOSA\another_test\Get_More\audio\5PJoMB03vwI.wav,5PJoMB03vwI_23.wav
3525.666,3531.262,5.596000000000004,0.8938504457473755,3,A:\A _ Working\Researching\B - AIoT Lab VN\VITOSA\another_test\Get_More\audio\ZL8rrh9cEQk.wav,ZL8rrh9cEQk_67.wav
966.882,974.814,7.932000000000016,0.8937485218048096,3,A:\A _ Working\Researching\B - AIoT Lab VN\VITOSA\another_test\Get_More\audio\ef_lApT7r54.wav,ef_lApT7r54_20.wav
3574.626,3582.782,8.155999999999949,0.8937417268753052,17,A:\A _ Working\Researching\B - AIoT Lab VN\VITOSA\another_test\Get_More\audio\7kB_BvGGN6s.wav,7kB_BvGGN6s_30.wav
3157.122,3162.078,4.956000000000131,0.8937317132949829,5,A:\A _ Working\Researching\B - AIoT Lab VN\VITOSA\another_test\Get_More\audio\jRU0twOCBeQ.wav,jRU0twOCBeQ_30.wav
2905.09,2912.798,7.707999999999629,0.8936973810195923,13,A:\A _ Working\Researching\B - AIoT Lab VN\VITOSA\another_test\Get_More\audio\w_Fr7m0rntQ.wav,w_Fr7m0rntQ_27.wav
717.922,725.502,7.579999999999927,0.8936927914619446,13,A:\A _ Working\Researching\B - AIoT Lab VN\VITOSA\another_test\Get_More\audio\hRYWiO-zi5s.wav,hRYWiO-zi5s_1.wav
1250.37,1261.31,10.940000000000055,0.8936899900436401,10,A:\A _ Working\Researching\B - AIoT Lab VN\VITOSA\another_test\Get_More\audio\R6g946lCMPs.wav,R6g946lCMPs_56.wav
2020.034,2029.694,9.659999999999854,0.8936846852302551,3,A:\A _ Working\Researching\B - AIoT Lab VN\VITOSA\another_test\Get_More\audio\_agW7zGT4nM.wav,_agW7zGT4nM_30.wav
281.154,293.182,12.02800000000002,0.893588662147522,17,A:\A _ Working\Researching\B - AIoT Lab VN\VITOSA\another_test\Get_More\audio\S18XXLEo6uE.wav,S18XXLEo6uE_47.wav
3065.602,3072.094,6.492000000000189,0.8935874700546265,18,A:\A _ Working\Researching\B - AIoT Lab VN\VITOSA\another_test\Get_More\audio\Xs286Xdd4Nc.wav,Xs286Xdd4Nc_28.wav
870.914,881.95,11.036000000000058,0.8935791254043579,13,A:\A _ Working\Researching\B - AIoT Lab VN\VITOSA\another_test\Get_More\audio\qXHma6XYctI.wav,qXHma6XYctI_33.wav
187.746,195.55,7.804000000000002,0.8934829235076904,3,A:\A _ Working\Researching\B - AIoT Lab VN\VITOSA\another_test\Get_More\audio\RlOmT9AueBw.wav,RlOmT9AueBw_20.wav
1032.482,1041.694,9.211999999999989,0.8934574127197266,3,A:\A _ Working\Researching\B - AIoT Lab VN\VITOSA\another_test\Get_More\audio\qXHma6XYctI.wav,qXHma6XYctI_34.wav
1938.85,1951.486,12.636000000000195,0.8934114575386047,13,A:\A _ Working\Researching\B - AIoT Lab VN\VITOSA\another_test\Get_More\audio\qXHma6XYctI.wav,qXHma6XYctI_35.wav
3914.85,3928.51,13.66000000000031,0.893337607383728,13,A:\A _ Working\Researching\B - AIoT Lab VN\VITOSA\another_test\Get_More\audio\5kfLCjQhB9E.wav,5kfLCjQhB9E_31.wav
2987.298,2998.43,11.132000000000062,0.8933049440383911,16,A:\A _ Working\Researching\B - AIoT Lab VN\VITOSA\another_test\Get_More\audio\y-6gIUvZ6f4.wav,y-6gIUvZ6f4_22.wav
946.37,955.07,8.700000000000045,0.893229603767395,3,A:\A _ Working\Researching\B - AIoT Lab VN\VITOSA\another_test\Get_More\audio\eUFVxaNfhzA.wav,eUFVxaNfhzA_40.wav
3445.346,3454.878,9.532000000000153,0.8931975364685059,10,A:\A _ Working\Researching\B - AIoT Lab VN\VITOSA\another_test\Get_More\audio\ef_lApT7r54.wav,ef_lApT7r54_21.wav
4342.274,4350.974,8.699999999999818,0.8931586146354675,13,A:\A _ Working\Researching\B - AIoT Lab VN\VITOSA\another_test\Get_More\audio\R6g946lCMPs.wav,R6g946lCMPs_57.wav
3985.666,3993.246,7.579999999999927,0.893153190612793,7,A:\A _ Working\Researching\B - AIoT Lab VN\VITOSA\another_test\Get_More\audio\ZL8rrh9cEQk.wav,ZL8rrh9cEQk_68.wav
3647.554,3660.382,12.827999999999975,0.8930939435958862,9,A:\A _ Working\Researching\B - AIoT Lab VN\VITOSA\another_test\Get_More\audio\hrS5Tdh0VTU.wav,hrS5Tdh0VTU_32.wav
1165.282,1173.438,8.156000000000176,0.8930894732475281,8,A:\A _ Working\Researching\B - AIoT Lab VN\VITOSA\another_test\Get_More\audio\hrS5Tdh0VTU.wav,hrS5Tdh0VTU_33.wav
283.906,292.702,8.795999999999992,0.8930522203445435,13,A:\A _ Working\Researching\B - AIoT Lab VN\VITOSA\another_test\Get_More\audio\jRU0twOCBeQ.wav,jRU0twOCBeQ_31.wav
814.146,824.67,10.524000000000001,0.8930490016937256,13,A:\A _ Working\Researching\B - AIoT Lab VN\VITOSA\another_test\Get_More\audio\9D00xkJM2ww.wav,9D00xkJM2ww_30.wav
1038.37,1045.342,6.972000000000207,0.892981767654419,13,A:\A _ Working\Researching\B - AIoT Lab VN\VITOSA\another_test\Get_More\audio\7kB_BvGGN6s.wav,7kB_BvGGN6s_31.wav
78.306,86.11,7.804000000000002,0.8927726745605469,13,A:\A _ Working\Researching\B - AIoT Lab VN\VITOSA\another_test\Get_More\audio\F0FDCeoa41k.wav,F0FDCeoa41k_28.wav
1087.618,1097.886,10.268000000000029,0.8927592635154724,17,A:\A _ Working\Researching\B - AIoT Lab VN\VITOSA\another_test\Get_More\audio\ef_lApT7r54.wav,ef_lApT7r54_22.wav
451.17,464.03,12.859999999999957,0.892755389213562,8,A:\A _ Working\Researching\B - AIoT Lab VN\VITOSA\another_test\Get_More\audio\ef_lApT7r54.wav,ef_lApT7r54_23.wav
785.602,795.646,10.043999999999983,0.892708420753479,19,A:\A _ Working\Researching\B - AIoT Lab VN\VITOSA\another_test\Get_More\audio\R6g946lCMPs.wav,R6g946lCMPs_58.wav
303.266,315.806,12.539999999999964,0.892660915851593,13,A:\A _ Working\Researching\B - AIoT Lab VN\VITOSA\another_test\Get_More\audio\ef_lApT7r54.wav,ef_lApT7r54_24.wav
701.986,710.366,8.379999999999995,0.8926594257354736,10,A:\A _ Working\Researching\B - AIoT Lab VN\VITOSA\another_test\Get_More\audio\qXHma6XYctI.wav,qXHma6XYctI_36.wav
834.786,844.318,9.532000000000039,0.8926578760147095,6,A:\A _ Working\Researching\B - AIoT Lab VN\VITOSA\another_test\Get_More\audio\eUFVxaNfhzA.wav,eUFVxaNfhzA_41.wav
49.858,55.998,6.140000000000001,0.8925905227661133,17,A:\A _ Working\Researching\B - AIoT Lab VN\VITOSA\another_test\Get_More\audio\kr0ypY0jAJI.wav,kr0ypY0jAJI_13.wav
3616.162,3627.518,11.356000000000222,0.8924728631973267,3,A:\A _ Working\Researching\B - AIoT Lab VN\VITOSA\another_test\Get_More\audio\jRU0twOCBeQ.wav,jRU0twOCBeQ_32.wav
1754.114,1763.486,9.372000000000071,0.8924716711044312,13,A:\A _ Working\Researching\B - AIoT Lab VN\VITOSA\another_test\Get_More\audio\y-6gIUvZ6f4.wav,y-6gIUvZ6f4_23.wav
648.13,653.182,5.052000000000021,0.8924462795257568,3,A:\A _ Working\Researching\B - AIoT Lab VN\VITOSA\another_test\Get_More\audio\7kB_BvGGN6s.wav,7kB_BvGGN6s_32.wav
269.73,280.254,10.524000000000001,0.8924399614334106,15,A:\A _ Working\Researching\B - AIoT Lab VN\VITOSA\another_test\Get_More\audio\hrS5Tdh0VTU.wav,hrS5Tdh0VTU_34.wav
3194.818,3206.046,11.22799999999961,0.8924242258071899,17,A:\A _ Working\Researching\B - AIoT Lab VN\VITOSA\another_test\Get_More\audio\9D00xkJM2ww.wav,9D00xkJM2ww_31.wav
912.77,924.062,11.29200000000003,0.8924195170402527,9,A:\A _ Working\Researching\B - AIoT Lab VN\VITOSA\another_test\Get_More\audio\ZL8rrh9cEQk.wav,ZL8rrh9cEQk_69.wav
87.01,100.35,13.33999999999999,0.8923695087432861,13,A:\A _ Working\Researching\B - AIoT Lab VN\VITOSA\another_test\Get_More\audio\5PJoMB03vwI.wav,5PJoMB03vwI_24.wav
119.97,127.678,7.707999999999998,0.8923170566558838,9,A:\A _ Working\Researching\B - AIoT Lab VN\VITOSA\another_test\Get_More\audio\S18XXLEo6uE.wav,S18XXLEo6uE_48.wav
2848.066,2856.254,8.188000000000102,0.8922629952430725,16,A:\A _ Working\Researching\B - AIoT Lab VN\VITOSA\another_test\Get_More\audio\7kB_BvGGN6s.wav,7kB_BvGGN6s_33.wav
3530.05,3536.766,6.7159999999998945,0.8922520875930786,13,A:\A _ Working\Researching\B - AIoT Lab VN\VITOSA\another_test\Get_More\audio\Xs286Xdd4Nc.wav,Xs286Xdd4Nc_29.wav
1780.354,1788.99,8.635999999999967,0.8922207951545715,13,A:\A _ Working\Researching\B - AIoT Lab VN\VITOSA\another_test\Get_More\audio\eUFVxaNfhzA.wav,eUFVxaNfhzA_42.wav
3713.25,3716.958,3.7080000000000837,0.8921610116958618,17,A:\A _ Working\Researching\B - AIoT Lab VN\VITOSA\another_test\Get_More\audio\5RbEHUr5ezA.wav,5RbEHUr5ezA_27.wav
214.978,227.07,12.091999999999985,0.8920732736587524,9,A:\A _ Working\Researching\B - AIoT Lab VN\VITOSA\another_test\Get_More\audio\RlOmT9AueBw.wav,RlOmT9AueBw_21.wav
2195.874,2204.766,8.89200000000028,0.8920090794563293,3,A:\A _ Working\Researching\B - AIoT Lab VN\VITOSA\another_test\Get_More\audio\RlOmT9AueBw.wav,RlOmT9AueBw_22.wav
3392.418,3404.286,11.867999999999938,0.8920042514801025,17,A:\A _ Working\Researching\B - AIoT Lab VN\VITOSA\another_test\Get_More\audio\5PJoMB03vwI.wav,5PJoMB03vwI_25.wav
2005.154,2012.51,7.3559999999999945,0.8919462561607361,13,A:\A _ Working\Researching\B - AIoT Lab VN\VITOSA\another_test\Get_More\audio\RlOmT9AueBw.wav,RlOmT9AueBw_23.wav
3501.858,3507.038,5.179999999999836,0.8919165730476379,6,A:\A _ Working\Researching\B - AIoT Lab VN\VITOSA\another_test\Get_More\audio\_agW7zGT4nM.wav,_agW7zGT4nM_31.wav
404.514,413.182,8.668000000000006,0.891836404800415,13,A:\A _ Working\Researching\B - AIoT Lab VN\VITOSA\another_test\Get_More\audio\ef_lApT7r54.wav,ef_lApT7r54_25.wav
1973.474,1985.278,11.804000000000087,0.891827404499054,9,A:\A _ Working\Researching\B - AIoT Lab VN\VITOSA\another_test\Get_More\audio\7kB_BvGGN6s.wav,7kB_BvGGN6s_34.wav
185.73,193.278,7.548000000000002,0.891823410987854,17,A:\A _ Working\Researching\B - AIoT Lab VN\VITOSA\another_test\Get_More\audio\jRU0twOCBeQ.wav,jRU0twOCBeQ_33.wav
4834.146,4844.926,10.780000000000655,0.8917033076286316,13,A:\A _ Working\Researching\B - AIoT Lab VN\VITOSA\another_test\Get_More\audio\qXHma6XYctI.wav,qXHma6XYctI_37.wav
3122.338,3133.374,11.035999999999603,0.891657292842865,3,A:\A _ Working\Researching\B - AIoT Lab VN\VITOSA\another_test\Get_More\audio\_agW7zGT4nM.wav,_agW7zGT4nM_32.wav
3271.298,3280.094,8.796000000000276,0.8915796279907227,10,A:\A _ Working\Researching\B - AIoT Lab VN\VITOSA\another_test\Get_More\audio\9D00xkJM2ww.wav,9D00xkJM2ww_32.wav
61.602,73.886,12.283999999999999,0.8915638327598572,12,A:\A _ Working\Researching\B - AIoT Lab VN\VITOSA\another_test\Get_More\audio\5kfLCjQhB9E.wav,5kfLCjQhB9E_32.wav
1962.178,1967.55,5.371999999999844,0.8915634155273438,13,A:\A _ Working\Researching\B - AIoT Lab VN\VITOSA\another_test\Get_More\audio\qXHma6XYctI.wav,qXHma6XYctI_38.wav
557.858,562.174,4.316000000000031,0.891525387763977,8,A:\A _ Working\Researching\B - AIoT Lab VN\VITOSA\another_test\Get_More\audio\9D00xkJM2ww.wav,9D00xkJM2ww_33.wav
1965.954,1973.214,7.259999999999991,0.8914812803268433,13,A:\A _ Working\Researching\B - AIoT Lab VN\VITOSA\another_test\Get_More\audio\jRU0twOCBeQ.wav,jRU0twOCBeQ_34.wav
20.834,29.118,8.283999999999999,0.8914627432823181,13,A:\A _ Working\Researching\B - AIoT Lab VN\VITOSA\another_test\Get_More\audio\ef_lApT7r54.wav,ef_lApT7r54_26.wav
95.586,102.526,6.939999999999998,0.8914470076560974,15,A:\A _ Working\Researching\B - AIoT Lab VN\VITOSA\another_test\Get_More\audio\w_Fr7m0rntQ.wav,w_Fr7m0rntQ_28.wav
2748.546,2760.926,12.38000000000011,0.8913545608520508,10,A:\A _ Working\Researching\B - AIoT Lab VN\VITOSA\another_test\Get_More\audio\qXHma6XYctI.wav,qXHma6XYctI_39.wav
262.242,274.622,12.379999999999995,0.8913484811782837,13,A:\A _ Working\Researching\B - AIoT Lab VN\VITOSA\another_test\Get_More\audio\qXHma6XYctI.wav,qXHma6XYctI_40.wav
2868.418,2879.774,11.355999999999767,0.8913384079933167,7,A:\A _ Working\Researching\B - AIoT Lab VN\VITOSA\another_test\Get_More\audio\y-6gIUvZ6f4.wav,y-6gIUvZ6f4_24.wav
964.162,975.614,11.451999999999998,0.891318142414093,7,A:\A _ Working\Researching\B - AIoT Lab VN\VITOSA\another_test\Get_More\audio\eUFVxaNfhzA.wav,eUFVxaNfhzA_43.wav
3632.834,3638.046,5.211999999999989,0.8912767767906189,9,A:\A _ Working\Researching\B - AIoT Lab VN\VITOSA\another_test\Get_More\audio\hrS5Tdh0VTU.wav,hrS5Tdh0VTU_35.wav
1053.922,1067.006,13.08400000000006,0.8912637233734131,16,A:\A _ Working\Researching\B - AIoT Lab VN\VITOSA\another_test\Get_More\audio\y-6gIUvZ6f4.wav,y-6gIUvZ6f4_25.wav
3645.634,3658.622,12.987999999999829,0.8912327289581299,6,A:\A _ Working\Researching\B - AIoT Lab VN\VITOSA\another_test\Get_More\audio\5kfLCjQhB9E.wav,5kfLCjQhB9E_33.wav
43.554,51.966,8.411999999999999,0.8912262916564941,2,A:\A _ Working\Researching\B - AIoT Lab VN\VITOSA\another_test\Get_More\audio\eUFVxaNfhzA.wav,eUFVxaNfhzA_44.wav
2722.338,2729.95,7.611999999999625,0.8911687731742859,13,A:\A _ Working\Researching\B - AIoT Lab VN\VITOSA\another_test\Get_More\audio\qXHma6XYctI.wav,qXHma6XYctI_41.wav
196.226,206.654,10.427999999999997,0.8911572694778442,13,A:\A _ Working\Researching\B - AIoT Lab VN\VITOSA\another_test\Get_More\audio\5PJoMB03vwI.wav,5PJoMB03vwI_26.wav
56.802,63.326,6.524000000000001,0.8911545276641846,13,A:\A _ Working\Researching\B - AIoT Lab VN\VITOSA\another_test\Get_More\audio\RlOmT9AueBw.wav,RlOmT9AueBw_24.wav
4799.106,4806.622,7.516000000000531,0.8911055326461792,3,A:\A _ Working\Researching\B - AIoT Lab VN\VITOSA\another_test\Get_More\audio\qXHma6XYctI.wav,qXHma6XYctI_42.wav
158.818,171.294,12.475999999999999,0.8911012411117554,10,A:\A _ Working\Researching\B - AIoT Lab VN\VITOSA\another_test\Get_More\audio\S18XXLEo6uE.wav,S18XXLEo6uE_49.wav
4305.506,4314.974,9.467999999999847,0.8910948038101196,13,A:\A _ Working\Researching\B - AIoT Lab VN\VITOSA\another_test\Get_More\audio\R6g946lCMPs.wav,R6g946lCMPs_59.wav
2890.37,2899.646,9.276000000000295,0.8910704851150513,3,A:\A _ Working\Researching\B - AIoT Lab VN\VITOSA\another_test\Get_More\audio\qXHma6XYctI.wav,qXHma6XYctI_43.wav
3418.306,3428.03,9.72400000000016,0.8910694122314453,11,A:\A _ Working\Researching\B - AIoT Lab VN\VITOSA\another_test\Get_More\audio\ZL8rrh9cEQk.wav,ZL8rrh9cEQk_70.wav
2979.138,2988.062,8.923999999999978,0.890937864780426,3,A:\A _ Working\Researching\B - AIoT Lab VN\VITOSA\another_test\Get_More\audio\eUFVxaNfhzA.wav,eUFVxaNfhzA_45.wav
573.986,584.414,10.427999999999997,0.8909355401992798,11,A:\A _ Working\Researching\B - AIoT Lab VN\VITOSA\another_test\Get_More\audio\S18XXLEo6uE.wav,S18XXLEo6uE_50.wav
697.41,707.998,10.58800000000008,0.8909095525741577,13,A:\A _ Working\Researching\B - AIoT Lab VN\VITOSA\another_test\Get_More\audio\9D00xkJM2ww.wav,9D00xkJM2ww_34.wav
2134.338,2138.654,4.3159999999998035,0.8909057378768921,3,A:\A _ Working\Researching\B - AIoT Lab VN\VITOSA\another_test\Get_More\audio\w_Fr7m0rntQ.wav,w_Fr7m0rntQ_29.wav
744.098,756.478,12.379999999999995,0.8908236026763916,10,A:\A _ Working\Researching\B - AIoT Lab VN\VITOSA\another_test\Get_More\audio\hRYWiO-zi5s.wav,hRYWiO-zi5s_2.wav
17.762,24.862,7.099999999999998,0.8908014297485352,13,A:\A _ Working\Researching\B - AIoT Lab VN\VITOSA\another_test\Get_More\audio\5PJoMB03vwI.wav,5PJoMB03vwI_27.wav
324.13,334.206,10.076000000000022,0.8907636404037476,13,A:\A _ Working\Researching\B - AIoT Lab VN\VITOSA\another_test\Get_More\audio\R6g946lCMPs.wav,R6g946lCMPs_60.wav
3150.594,3160.734,10.139999999999873,0.8907549381256104,16,A:\A _ Working\Researching\B - AIoT Lab VN\VITOSA\another_test\Get_More\audio\eUFVxaNfhzA.wav,eUFVxaNfhzA_46.wav
3112.066,3122.43,10.364000000000033,0.8907325267791748,13,A:\A _ Working\Researching\B - AIoT Lab VN\VITOSA\another_test\Get_More\audio\S18XXLEo6uE.wav,S18XXLEo6uE_51.wav
3088.706,3099.358,10.652000000000044,0.890716552734375,13,A:\A _ Working\Researching\B - AIoT Lab VN\VITOSA\another_test\Get_More\audio\ZL8rrh9cEQk.wav,ZL8rrh9cEQk_71.wav
2929.538,2934.942,5.403999999999996,0.890632688999176,13,A:\A _ Working\Researching\B - AIoT Lab VN\VITOSA\another_test\Get_More\audio\ef_lApT7r54.wav,ef_lApT7r54_27.wav
960.29,965.182,4.892000000000053,0.8905910849571228,15,A:\A _ Working\Researching\B - AIoT Lab VN\VITOSA\another_test\Get_More\audio\ZL8rrh9cEQk.wav,ZL8rrh9cEQk_72.wav
353.41,357.086,3.6759999999999877,0.8905808925628662,9,A:\A _ Working\Researching\B - AIoT Lab VN\VITOSA\another_test\Get_More\audio\F0FDCeoa41k.wav,F0FDCeoa41k_29.wav
817.762,829.342,11.580000000000041,0.8905760049819946,3,A:\A _ Working\Researching\B - AIoT Lab VN\VITOSA\another_test\Get_More\audio\qXHma6XYctI.wav,qXHma6XYctI_44.wav
1042.018,1049.598,7.579999999999927,0.8905750513076782,9,A:\A _ Working\Researching\B - AIoT Lab VN\VITOSA\another_test\Get_More\audio\9D00xkJM2ww.wav,9D00xkJM2ww_35.wav
591.49,599.486,7.995999999999981,0.8905733227729797,13,A:\A _ Working\Researching\B - AIoT Lab VN\VITOSA\another_test\Get_More\audio\_agW7zGT4nM.wav,_agW7zGT4nM_33.wav
24.066,30.462,6.396000000000001,0.8905472159385681,13,A:\A _ Working\Researching\B - AIoT Lab VN\VITOSA\another_test\Get_More\audio\F0FDCeoa41k.wav,F0FDCeoa41k_30.wav
3115.426,3122.046,6.619999999999891,0.8904932141304016,9,A:\A _ Working\Researching\B - AIoT Lab VN\VITOSA\another_test\Get_More\audio\9D00xkJM2ww.wav,9D00xkJM2ww_36.wav
1079.778,1084.83,5.051999999999907,0.8904446959495544,10,A:\A _ Working\Researching\B - AIoT Lab VN\VITOSA\another_test\Get_More\audio\hrS5Tdh0VTU.wav,hrS5Tdh0VTU_36.wav
1768.354,1780.67,12.316000000000031,0.8902767896652222,7,A:\A _ Working\Researching\B - AIoT Lab VN\VITOSA\another_test\Get_More\audio\9D00xkJM2ww.wav,9D00xkJM2ww_37.wav
811.81,818.398,6.588000000000079,0.8901482820510864,8,A:\A _ Working\Researching\B - AIoT Lab VN\VITOSA\another_test\Get_More\audio\fMfos_YBT0o.wav,fMfos_YBT0o_21.wav
171.554,177.246,5.692000000000007,0.8899494409561157,6,A:\A _ Working\Researching\B - AIoT Lab VN\VITOSA\another_test\Get_More\audio\9D00xkJM2ww.wav,9D00xkJM2ww_38.wav
278.786,288.574,9.788000000000011,0.8899414539337158,17,A:\A _ Working\Researching\B - AIoT Lab VN\VITOSA\another_test\Get_More\audio\fMfos_YBT0o.wav,fMfos_YBT0o_22.wav
470.914,482.238,11.324000000000012,0.8899394869804382,3,A:\A _ Working\Researching\B - AIoT Lab VN\VITOSA\another_test\Get_More\audio\RlOmT9AueBw.wav,RlOmT9AueBw_25.wav
348.482,354.078,5.595999999999947,0.889938235282898,17,A:\A _ Working\Researching\B - AIoT Lab VN\VITOSA\another_test\Get_More\audio\5RbEHUr5ezA.wav,5RbEHUr5ezA_28.wav
3682.658,3690.398,7.7400000000002365,0.889890193939209,9,A:\A _ Working\Researching\B - AIoT Lab VN\VITOSA\another_test\Get_More\audio\jRU0twOCBeQ.wav,jRU0twOCBeQ_35.wav
522.498,531.582,9.083999999999946,0.8898148536682129,15,A:\A _ Working\Researching\B - AIoT Lab VN\VITOSA\another_test\Get_More\audio\7kB_BvGGN6s.wav,7kB_BvGGN6s_35.wav
3307.522,3316.318,8.796000000000276,0.8897926807403564,7,A:\A _ Working\Researching\B - AIoT Lab VN\VITOSA\another_test\Get_More\audio\5PJoMB03vwI.wav,5PJoMB03vwI_28.wav
25.89,29.822,3.9319999999999986,0.8897846937179565,17,A:\A _ Working\Researching\B - AIoT Lab VN\VITOSA\another_test\Get_More\audio\R6g946lCMPs.wav,R6g946lCMPs_61.wav
3013.442,3019.998,6.55600000000004,0.8897019028663635,3,A:\A _ Working\Researching\B - AIoT Lab VN\VITOSA\another_test\Get_More\audio\5PJoMB03vwI.wav,5PJoMB03vwI_29.wav
234.946,241.31,6.364000000000004,0.8896689414978027,13,A:\A _ Working\Researching\B - AIoT Lab VN\VITOSA\another_test\Get_More\audio\ONBa0kwBjmQ.wav,ONBa0kwBjmQ_45.wav
93.154,105.438,12.284000000000006,0.8896556496620178,12,A:\A _ Working\Researching\B - AIoT Lab VN\VITOSA\another_test\Get_More\audio\jRU0twOCBeQ.wav,jRU0twOCBeQ_36.wav
3046.434,3059.582,13.147999999999683,0.8896430730819702,7,A:\A _ Working\Researching\B - AIoT Lab VN\VITOSA\another_test\Get_More\audio\kr0ypY0jAJI.wav,kr0ypY0jAJI_14.wav
1776.834,1789.566,12.731999999999971,0.8895807266235352,13,A:\A _ Working\Researching\B - AIoT Lab VN\VITOSA\another_test\Get_More\audio\F0FDCeoa41k.wav,F0FDCeoa41k_31.wav
140.226,149.886,9.659999999999997,0.8895331025123596,13,A:\A _ Working\Researching\B - AIoT Lab VN\VITOSA\another_test\Get_More\audio\kr0ypY0jAJI.wav,kr0ypY0jAJI_15.wav
1071.554,1082.494,10.939999999999827,0.8894881010055542,17,A:\A _ Working\Researching\B - AIoT Lab VN\VITOSA\another_test\Get_More\audio\9D00xkJM2ww.wav,9D00xkJM2ww_39.wav
1143.49,1151.934,8.44399999999996,0.8893969058990479,3,A:\A _ Working\Researching\B - AIoT Lab VN\VITOSA\another_test\Get_More\audio\ef_lApT7r54.wav,ef_lApT7r54_28.wav
2423.362,2429.438,6.076000000000022,0.889391303062439,16,A:\A _ Working\Researching\B - AIoT Lab VN\VITOSA\another_test\Get_More\audio\eUFVxaNfhzA.wav,eUFVxaNfhzA_47.wav
2964.034,2971.454,7.420000000000073,0.8893691301345825,13,A:\A _ Working\Researching\B - AIoT Lab VN\VITOSA\another_test\Get_More\audio\eUFVxaNfhzA.wav,eUFVxaNfhzA_48.wav
2995.618,3002.142,6.523999999999887,0.8893582820892334,18,A:\A _ Working\Researching\B - AIoT Lab VN\VITOSA\another_test\Get_More\audio\eUFVxaNfhzA.wav,eUFVxaNfhzA_49.wav
1016.674,1025.47,8.79600000000005,0.8893411159515381,3,A:\A _ Working\Researching\B - AIoT Lab VN\VITOSA\another_test\Get_More\audio\Xs286Xdd4Nc.wav,Xs286Xdd4Nc_30.wav
2754.818,2760.926,6.10799999999972,0.8893084526062012,3,A:\A _ Working\Researching\B - AIoT Lab VN\VITOSA\another_test\Get_More\audio\RlOmT9AueBw.wav,RlOmT9AueBw_26.wav
3456.802,3465.95,9.147999999999683,0.889299213886261,13,A:\A _ Working\Researching\B - AIoT Lab VN\VITOSA\another_test\Get_More\audio\hrS5Tdh0VTU.wav,hrS5Tdh0VTU_37.wav
281.666,295.294,13.627999999999986,0.8892930150032043,10,A:\A _ Working\Researching\B - AIoT Lab VN\VITOSA\another_test\Get_More\audio\F0FDCeoa41k.wav,F0FDCeoa41k_32.wav
270.05,280.478,10.427999999999997,0.88926100730896,13,A:\A _ Working\Researching\B - AIoT Lab VN\VITOSA\another_test\Get_More\audio\5kfLCjQhB9E.wav,5kfLCjQhB9E_34.wav
2355.522,2368.926,13.403999999999996,0.8892217874526978,7,A:\A _ Working\Researching\B - AIoT Lab VN\VITOSA\another_test\Get_More\audio\7kB_BvGGN6s.wav,7kB_BvGGN6s_36.wav
455.842,461.63,5.788000000000011,0.8892101645469666,17,A:\A _ Working\Researching\B - AIoT Lab VN\VITOSA\another_test\Get_More\audio\9D00xkJM2ww.wav,9D00xkJM2ww_40.wav
73.858,85.406,11.548000000000002,0.8891483545303345,10,A:\A _ Working\Researching\B - AIoT Lab VN\VITOSA\another_test\Get_More\audio\jRU0twOCBeQ.wav,jRU0twOCBeQ_37.wav
151.714,160.03,8.316000000000003,0.8890416622161865,13,A:\A _ Working\Researching\B - AIoT Lab VN\VITOSA\another_test\Get_More\audio\ef_lApT7r54.wav,ef_lApT7r54_29.wav
852.706,865.246,12.539999999999964,0.889037013053894,16,A:\A _ Working\Researching\B - AIoT Lab VN\VITOSA\another_test\Get_More\audio\fMfos_YBT0o.wav,fMfos_YBT0o_23.wav
1569.41,1582.462,13.051999999999907,0.8889397978782654,9,A:\A _ Working\Researching\B - AIoT Lab VN\VITOSA\another_test\Get_More\audio\ZL8rrh9cEQk.wav,ZL8rrh9cEQk_73.wav
1880.93,1887.326,6.395999999999958,0.8889302015304565,9,A:\A _ Working\Researching\B - AIoT Lab VN\VITOSA\another_test\Get_More\audio\Xs286Xdd4Nc.wav,Xs286Xdd4Nc_31.wav
31.074,43.55,12.475999999999996,0.8889236450195312,17,A:\A _ Working\Researching\B - AIoT Lab VN\VITOSA\another_test\Get_More\audio\kr0ypY0jAJI.wav,kr0ypY0jAJI_16.wav
1589.922,1598.302,8.379999999999882,0.8888065814971924,3,A:\A _ Working\Researching\B - AIoT Lab VN\VITOSA\another_test\Get_More\audio\y-6gIUvZ6f4.wav,y-6gIUvZ6f4_26.wav
1975.234,1984.446,9.211999999999989,0.8887999653816223,3,A:\A _ Working\Researching\B - AIoT Lab VN\VITOSA\another_test\Get_More\audio\5PJoMB03vwI.wav,5PJoMB03vwI_30.wav
1144.354,1155.294,10.940000000000055,0.8887805938720703,7,A:\A _ Working\Researching\B - AIoT Lab VN\VITOSA\another_test\Get_More\audio\5PJoMB03vwI.wav,5PJoMB03vwI_31.wav
3138.05,3148.766,10.715999999999894,0.8887761235237122,13,A:\A _ Working\Researching\B - AIoT Lab VN\VITOSA\another_test\Get_More\audio\R6g946lCMPs.wav,R6g946lCMPs_62.wav
66.946,80.574,13.628,0.8887293934822083,11,A:\A _ Working\Researching\B - AIoT Lab VN\VITOSA\another_test\Get_More\audio\S18XXLEo6uE.wav,S18XXLEo6uE_52.wav
1974.018,1982.59,8.571999999999889,0.8887154459953308,3,A:\A _ Working\Researching\B - AIoT Lab VN\VITOSA\another_test\Get_More\audio\_agW7zGT4nM.wav,_agW7zGT4nM_34.wav
353.282,361.31,8.02800000000002,0.8886960744857788,16,A:\A _ Working\Researching\B - AIoT Lab VN\VITOSA\another_test\Get_More\audio\y-6gIUvZ6f4.wav,y-6gIUvZ6f4_27.wav
3565.058,3574.974,9.916000000000167,0.8886939287185669,6,A:\A _ Working\Researching\B - AIoT Lab VN\VITOSA\another_test\Get_More\audio\Xs286Xdd4Nc.wav,Xs286Xdd4Nc_32.wav
2942.466,2950.942,8.476000000000113,0.8886812925338745,13,A:\A _ Working\Researching\B - AIoT Lab VN\VITOSA\another_test\Get_More\audio\5kfLCjQhB9E.wav,5kfLCjQhB9E_35.wav
1412.45,1415.646,3.1959999999999127,0.8886279463768005,7,A:\A _ Working\Researching\B - AIoT Lab VN\VITOSA\another_test\Get_More\audio\ONBa0kwBjmQ.wav,ONBa0kwBjmQ_46.wav
326.85,339.006,12.155999999999949,0.8885585069656372,19,A:\A _ Working\Researching\B - AIoT Lab VN\VITOSA\another_test\Get_More\audio\fMfos_YBT0o.wav,fMfos_YBT0o_24.wav
1116.482,1124.83,8.347999999999956,0.8884638547897339,6,A:\A _ Working\Researching\B - AIoT Lab VN\VITOSA\another_test\Get_More\audio\R6g946lCMPs.wav,R6g946lCMPs_63.wav
503.106,507.486,4.3799999999999955,0.8884262442588806,0,A:\A _ Working\Researching\B - AIoT Lab VN\VITOSA\another_test\Get_More\audio\hrS5Tdh0VTU.wav,hrS5Tdh0VTU_38.wav
3382.306,3388.894,6.587999999999738,0.888381838798523,3,A:\A _ Working\Researching\B - AIoT Lab VN\VITOSA\another_test\Get_More\audio\hrS5Tdh0VTU.wav,hrS5Tdh0VTU_39.wav
342.754,350.878,8.123999999999967,0.8883379101753235,9,A:\A _ Working\Researching\B - AIoT Lab VN\VITOSA\another_test\Get_More\audio\5kfLCjQhB9E.wav,5kfLCjQhB9E_36.wav
2564.418,2573.694,9.27599999999984,0.8883367776870728,7,A:\A _ Working\Researching\B - AIoT Lab VN\VITOSA\another_test\Get_More\audio\_agW7zGT4nM.wav,_agW7zGT4nM_35.wav
79.97,88.286,8.316000000000003,0.8882967829704285,13,A:\A _ Working\Researching\B - AIoT Lab VN\VITOSA\another_test\Get_More\audio\Xs286Xdd4Nc.wav,Xs286Xdd4Nc_33.wav
54.53,68.286,13.756,0.8881934285163879,17,A:\A _ Working\Researching\B - AIoT Lab VN\VITOSA\another_test\Get_More\audio\7kB_BvGGN6s.wav,7kB_BvGGN6s_37.wav
270.05,282.302,12.25200000000001,0.8881891965866089,3,A:\A _ Working\Researching\B - AIoT Lab VN\VITOSA\another_test\Get_More\audio\_agW7zGT4nM.wav,_agW7zGT4nM_36.wav
607.458,615.838,8.379999999999995,0.8881238102912903,6,A:\A _ Working\Researching\B - AIoT Lab VN\VITOSA\another_test\Get_More\audio\fMfos_YBT0o.wav,fMfos_YBT0o_25.wav
1867.234,1875.998,8.764000000000124,0.8881131410598755,9,A:\A _ Working\Researching\B - AIoT Lab VN\VITOSA\another_test\Get_More\audio\hrS5Tdh0VTU.wav,hrS5Tdh0VTU_40.wav
1616.706,1622.494,5.788000000000011,0.8880760669708252,9,A:\A _ Working\Researching\B - AIoT Lab VN\VITOSA\another_test\Get_More\audio\R6g946lCMPs.wav,R6g946lCMPs_64.wav
3192.546,3203.166,10.620000000000346,0.8880374431610107,3,A:\A _ Working\Researching\B - AIoT Lab VN\VITOSA\another_test\Get_More\audio\y-6gIUvZ6f4.wav,y-6gIUvZ6f4_28.wav
3391.394,3403.518,12.124000000000251,0.8880298733711243,13,A:\A _ Working\Researching\B - AIoT Lab VN\VITOSA\another_test\Get_More\audio\5RbEHUr5ezA.wav,5RbEHUr5ezA_29.wav
614.626,627.39,12.76400000000001,0.8879945874214172,3,A:\A _ Working\Researching\B - AIoT Lab VN\VITOSA\another_test\Get_More\audio\5RbEHUr5ezA.wav,5RbEHUr5ezA_30.wav
1273.122,1281.278,8.155999999999949,0.8879493474960327,3,A:\A _ Working\Researching\B - AIoT Lab VN\VITOSA\another_test\Get_More\audio\5PJoMB03vwI.wav,5PJoMB03vwI_32.wav
3614.338,3619.646,5.307999999999993,0.8879154920578003,9,A:\A _ Working\Researching\B - AIoT Lab VN\VITOSA\another_test\Get_More\audio\Xs286Xdd4Nc.wav,Xs286Xdd4Nc_34.wav
522.978,530.238,7.260000000000105,0.8879099488258362,17,A:\A _ Working\Researching\B - AIoT Lab VN\VITOSA\another_test\Get_More\audio\qXHma6XYctI.wav,qXHma6XYctI_45.wav
367.298,378.718,11.420000000000016,0.8879069089889526,17,A:\A _ Working\Researching\B - AIoT Lab VN\VITOSA\another_test\Get_More\audio\kr0ypY0jAJI.wav,kr0ypY0jAJI_17.wav
891.682,899.07,7.388000000000034,0.8878989219665527,13,A:\A _ Working\Researching\B - AIoT Lab VN\VITOSA\another_test\Get_More\audio\RlOmT9AueBw.wav,RlOmT9AueBw_27.wav
3778.722,3789.086,10.363999999999578,0.8878669738769531,3,A:\A _ Working\Researching\B - AIoT Lab VN\VITOSA\another_test\Get_More\audio\5kfLCjQhB9E.wav,5kfLCjQhB9E_37.wav
3556.578,3565.566,8.987999999999829,0.8878259658813477,7,A:\A _ Working\Researching\B - AIoT Lab VN\VITOSA\another_test\Get_More\audio\7kB_BvGGN6s.wav,7kB_BvGGN6s_38.wav
1745.41,1754.622,9.211999999999989,0.8878256678581238,15,A:\A _ Working\Researching\B - AIoT Lab VN\VITOSA\another_test\Get_More\audio\5kfLCjQhB9E.wav,5kfLCjQhB9E_38.wav
2812.098,2821.662,9.56399999999985,0.8877744674682617,13,A:\A _ Working\Researching\B - AIoT Lab VN\VITOSA\another_test\Get_More\audio\5RbEHUr5ezA.wav,5RbEHUr5ezA_31.wav
833.762,841.694,7.932000000000016,0.8877564668655396,8,A:\A _ Working\Researching\B - AIoT Lab VN\VITOSA\another_test\Get_More\audio\R6g946lCMPs.wav,R6g946lCMPs_65.wav
1084.898,1091.998,7.100000000000136,0.8877232074737549,13,A:\A _ Working\Researching\B - AIoT Lab VN\VITOSA\another_test\Get_More\audio\_agW7zGT4nM.wav,_agW7zGT4nM_37.wav
49.186,56.35,7.1640000000000015,0.8876901865005493,13,A:\A _ Working\Researching\B - AIoT Lab VN\VITOSA\another_test\Get_More\audio\Xs286Xdd4Nc.wav,Xs286Xdd4Nc_35.wav
3666.562,3675.006,8.44399999999996,0.8876844048500061,3,A:\A _ Working\Researching\B - AIoT Lab VN\VITOSA\another_test\Get_More\audio\5kfLCjQhB9E.wav,5kfLCjQhB9E_39.wav
1867.65,1875.582,7.932000000000016,0.8876684904098511,18,A:\A _ Working\Researching\B - AIoT Lab VN\VITOSA\another_test\Get_More\audio\Xs286Xdd4Nc.wav,Xs286Xdd4Nc_36.wav
108.162,120.126,11.963999999999999,0.887628972530365,6,A:\A _ Working\Researching\B - AIoT Lab VN\VITOSA\another_test\Get_More\audio\ONBa0kwBjmQ.wav,ONBa0kwBjmQ_47.wav
1227.138,1233.086,5.948000000000093,0.8876135349273682,3,A:\A _ Working\Researching\B - AIoT Lab VN\VITOSA\another_test\Get_More\audio\w_Fr7m0rntQ.wav,w_Fr7m0rntQ_30.wav
3755.17,3765.662,10.491999999999734,0.887523889541626,13,A:\A _ Working\Researching\B - AIoT Lab VN\VITOSA\another_test\Get_More\audio\R6g946lCMPs.wav,R6g946lCMPs_66.wav
3528.45,3533.982,5.532000000000153,0.8874750733375549,9,A:\A _ Working\Researching\B - AIoT Lab VN\VITOSA\another_test\Get_More\audio\_agW7zGT4nM.wav,_agW7zGT4nM_38.wav
911.202,924.478,13.275999999999954,0.8874338865280151,13,A:\A _ Working\Researching\B - AIoT Lab VN\VITOSA\another_test\Get_More\audio\7kB_BvGGN6s.wav,7kB_BvGGN6s_39.wav
732.29,739.614,7.324000000000069,0.8873993754386902,16,A:\A _ Working\Researching\B - AIoT Lab VN\VITOSA\another_test\Get_More\audio\ZL8rrh9cEQk.wav,ZL8rrh9cEQk_74.wav
1758.306,1764.99,6.683999999999969,0.8873685002326965,3,A:\A _ Working\Researching\B - AIoT Lab VN\VITOSA\another_test\Get_More\audio\_agW7zGT4nM.wav,_agW7zGT4nM_39.wav
3574.498,3586.942,12.44399999999996,0.887352705001831,17,A:\A _ Working\Researching\B - AIoT Lab VN\VITOSA\another_test\Get_More\audio\w_Fr7m0rntQ.wav,w_Fr7m0rntQ_31.wav
4876.866,4885.63,8.764000000000124,0.8873497247695923,17,A:\A _ Working\Researching\B - AIoT Lab VN\VITOSA\another_test\Get_More\audio\qXHma6XYctI.wav,qXHma6XYctI_46.wav
143.33,147.358,4.027999999999992,0.8873225450515747,17,A:\A _ Working\Researching\B - AIoT Lab VN\VITOSA\another_test\Get_More\audio\7kB_BvGGN6s.wav,7kB_BvGGN6s_40.wav
713.89,723.134,9.244000000000028,0.8873079419136047,9,A:\A _ Working\Researching\B - AIoT Lab VN\VITOSA\another_test\Get_More\audio\5kfLCjQhB9E.wav,5kfLCjQhB9E_40.wav
164.898,178.846,13.948000000000008,0.8873027563095093,6,A:\A _ Working\Researching\B - AIoT Lab VN\VITOSA\another_test\Get_More\audio\y-6gIUvZ6f4.wav,y-6gIUvZ6f4_29.wav
885.922,895.198,9.275999999999954,0.8872987031936646,3,A:\A _ Working\Researching\B - AIoT Lab VN\VITOSA\another_test\Get_More\audio\hRYWiO-zi5s.wav,hRYWiO-zi5s_3.wav
3218.178,3223.038,4.860000000000127,0.8872097730636597,10,A:\A _ Working\Researching\B - AIoT Lab VN\VITOSA\another_test\Get_More\audio\S18XXLEo6uE.wav,S18XXLEo6uE_53.wav
121.666,126.238,4.572000000000003,0.8872003555297852,8,A:\A _ Working\Researching\B - AIoT Lab VN\VITOSA\another_test\Get_More\audio\fMfos_YBT0o.wav,fMfos_YBT0o_26.wav
2986.21,2997.086,10.875999999999749,0.8871272802352905,13,A:\A _ Working\Researching\B - AIoT Lab VN\VITOSA\another_test\Get_More\audio\5PJoMB03vwI.wav,5PJoMB03vwI_33.wav
912.61,926.59,13.980000000000018,0.887122392654419,13,A:\A _ Working\Researching\B - AIoT Lab VN\VITOSA\another_test\Get_More\audio\jRU0twOCBeQ.wav,jRU0twOCBeQ_38.wav
380.674,388.446,7.772000000000048,0.8870464563369751,13,A:\A _ Working\Researching\B - AIoT Lab VN\VITOSA\another_test\Get_More\audio\qXHma6XYctI.wav,qXHma6XYctI_47.wav
2884.034,2892.414,8.38000000000011,0.8869844675064087,3,A:\A _ Working\Researching\B - AIoT Lab VN\VITOSA\another_test\Get_More\audio\ef_lApT7r54.wav,ef_lApT7r54_30.wav
487.138,498.878,11.740000000000009,0.8869829773902893,3,A:\A _ Working\Researching\B - AIoT Lab VN\VITOSA\another_test\Get_More\audio\y-6gIUvZ6f4.wav,y-6gIUvZ6f4_30.wav
2237.25,2244.67,7.420000000000073,0.8869250416755676,3,A:\A _ Working\Researching\B - AIoT Lab VN\VITOSA\another_test\Get_More\audio\5PJoMB03vwI.wav,5PJoMB03vwI_34.wav
197.858,206.494,8.635999999999996,0.8868786096572876,15,A:\A _ Working\Researching\B - AIoT Lab VN\VITOSA\another_test\Get_More\audio\fMfos_YBT0o.wav,fMfos_YBT0o_27.wav
183.138,193.246,10.108000000000004,0.886878252029419,13,A:\A _ Working\Researching\B - AIoT Lab VN\VITOSA\another_test\Get_More\audio\qXHma6XYctI.wav,qXHma6XYctI_48.wav
1229.602,1236.67,7.067999999999984,0.8868201971054077,16,A:\A _ Working\Researching\B - AIoT Lab VN\VITOSA\another_test\Get_More\audio\R6g946lCMPs.wav,R6g946lCMPs_67.wav
451.202,457.822,6.6200000000000045,0.8866574764251709,13,A:\A _ Working\Researching\B - AIoT Lab VN\VITOSA\another_test\Get_More\audio\_agW7zGT4nM.wav,_agW7zGT4nM_40.wav
3213.986,3225.63,11.644000000000233,0.886554479598999,3,A:\A _ Working\Researching\B - AIoT Lab VN\VITOSA\another_test\Get_More\audio\5kfLCjQhB9E.wav,5kfLCjQhB9E_41.wav
573.474,582.75,9.275999999999954,0.8865189552307129,17,A:\A _ Working\Researching\B - AIoT Lab VN\VITOSA\another_test\Get_More\audio\_agW7zGT4nM.wav,_agW7zGT4nM_41.wav
1849.218,1860.286,11.067999999999984,0.8864948749542236,7,A:\A _ Working\Researching\B - AIoT Lab VN\VITOSA\another_test\Get_More\audio\9D00xkJM2ww.wav,9D00xkJM2ww_41.wav
1245.666,1255.006,9.340000000000146,0.8864876627922058,13,A:\A _ Working\Researching\B - AIoT Lab VN\VITOSA\another_test\Get_More\audio\RlOmT9AueBw.wav,RlOmT9AueBw_28.wav
2946.178,2952.51,6.332000000000335,0.88648521900177,13,A:\A _ Working\Researching\B - AIoT Lab VN\VITOSA\another_test\Get_More\audio\w_Fr7m0rntQ.wav,w_Fr7m0rntQ_32.wav
3557.25,3569.246,11.996000000000095,0.8864812850952148,13,A:\A _ Working\Researching\B - AIoT Lab VN\VITOSA\another_test\Get_More\audio\F0FDCeoa41k.wav,F0FDCeoa41k_33.wav
163.586,172.094,8.507999999999981,0.8864427804946899,3,A:\A _ Working\Researching\B - AIoT Lab VN\VITOSA\another_test\Get_More\audio\5PJoMB03vwI.wav,5PJoMB03vwI_35.wav
2889.698,2899.006,9.307999999999993,0.8864275217056274,16,A:\A _ Working\Researching\B - AIoT Lab VN\VITOSA\another_test\Get_More\audio\7kB_BvGGN6s.wav,7kB_BvGGN6s_41.wav
706.882,715.55,8.668000000000006,0.8864265084266663,15,A:\A _ Working\Researching\B - AIoT Lab VN\VITOSA\another_test\Get_More\audio\R6g946lCMPs.wav,R6g946lCMPs_68.wav
1010.05,1017.598,7.548000000000002,0.886422872543335,3,A:\A _ Working\Researching\B - AIoT Lab VN\VITOSA\another_test\Get_More\audio\7kB_BvGGN6s.wav,7kB_BvGGN6s_42.wav
2030.882,2042.91,12.02800000000002,0.8864049315452576,9,A:\A _ Working\Researching\B - AIoT Lab VN\VITOSA\another_test\Get_More\audio\R6g946lCMPs.wav,R6g946lCMPs_69.wav
379.746,387.934,8.188000000000045,0.8863785266876221,13,A:\A _ Working\Researching\B - AIoT Lab VN\VITOSA\another_test\Get_More\audio\y-6gIUvZ6f4.wav,y-6gIUvZ6f4_31.wav
741.474,752.286,10.811999999999898,0.8863723278045654,10,A:\A _ Working\Researching\B - AIoT Lab VN\VITOSA\another_test\Get_More\audio\fMfos_YBT0o.wav,fMfos_YBT0o_28.wav
3538.338,3550.238,11.899999999999636,0.8863517045974731,13,A:\A _ Working\Researching\B - AIoT Lab VN\VITOSA\another_test\Get_More\audio\jRU0twOCBeQ.wav,jRU0twOCBeQ_39.wav
3285.858,3293.278,7.419999999999618,0.8863106369972229,15,A:\A _ Working\Researching\B - AIoT Lab VN\VITOSA\another_test\Get_More\audio\eUFVxaNfhzA.wav,eUFVxaNfhzA_50.wav
838.274,847.646,9.371999999999957,0.8862918615341187,13,A:\A _ Working\Researching\B - AIoT Lab VN\VITOSA\another_test\Get_More\audio\fMfos_YBT0o.wav,fMfos_YBT0o_29.wav
3718.082,3729.566,11.483999999999924,0.886284351348877,15,A:\A _ Working\Researching\B - AIoT Lab VN\VITOSA\another_test\Get_More\audio\RlOmT9AueBw.wav,RlOmT9AueBw_29.wav
1347.298,1356.638,9.339999999999918,0.886280357837677,13,A:\A _ Working\Researching\B - AIoT Lab VN\VITOSA\another_test\Get_More\audio\R6g946lCMPs.wav,R6g946lCMPs_70.wav
1161.89,1169.374,7.483999999999924,0.8861830234527588,13,A:\A _ Working\Researching\B - AIoT Lab VN\VITOSA\another_test\Get_More\audio\RlOmT9AueBw.wav,RlOmT9AueBw_30.wav
1122.146,1128.318,6.1720000000000255,0.8861506581306458,9,A:\A _ Working\Researching\B - AIoT Lab VN\VITOSA\another_test\Get_More\audio\hrS5Tdh0VTU.wav,hrS5Tdh0VTU_41.wav
1902.69,1910.366,7.675999999999931,0.886064887046814,16,A:\A _ Working\Researching\B - AIoT Lab VN\VITOSA\another_test\Get_More\audio\ONBa0kwBjmQ.wav,ONBa0kwBjmQ_48.wav
296.322,307.262,10.939999999999998,0.8860644102096558,13,A:\A _ Working\Researching\B - AIoT Lab VN\VITOSA\another_test\Get_More\audio\qXHma6XYctI.wav,qXHma6XYctI_49.wav
2939.778,2951.006,11.228000000000065,0.8860557079315186,13,A:\A _ Working\Researching\B - AIoT Lab VN\VITOSA\another_test\Get_More\audio\y-6gIUvZ6f4.wav,y-6gIUvZ6f4_32.wav
1148.61,1160.03,11.420000000000073,0.8860405087471008,9,A:\A _ Working\Researching\B - AIoT Lab VN\VITOSA\another_test\Get_More\audio\F0FDCeoa41k.wav,F0FDCeoa41k_34.wav
3460.514,3467.902,7.38799999999992,0.8860148787498474,3,A:\A _ Working\Researching\B - AIoT Lab VN\VITOSA\another_test\Get_More\audio\5PJoMB03vwI.wav,5PJoMB03vwI_36.wav
3079.106,3084.766,5.6599999999998545,0.8859670758247375,18,A:\A _ Working\Researching\B - AIoT Lab VN\VITOSA\another_test\Get_More\audio\Xs286Xdd4Nc.wav,Xs286Xdd4Nc_37.wav
2064.642,2074.942,10.300000000000182,0.8859553933143616,3,A:\A _ Working\Researching\B - AIoT Lab VN\VITOSA\another_test\Get_More\audio\F0FDCeoa41k.wav,F0FDCeoa41k_35.wav
3553.666,3562.878,9.211999999999989,0.8858534097671509,13,A:\A _ Working\Researching\B - AIoT Lab VN\VITOSA\another_test\Get_More\audio\RlOmT9AueBw.wav,RlOmT9AueBw_31.wav
1888.802,1900.286,11.484000000000151,0.8858458399772644,3,A:\A _ Working\Researching\B - AIoT Lab VN\VITOSA\another_test\Get_More\audio\F0FDCeoa41k.wav,F0FDCeoa41k_36.wav
3597.314,3606.846,9.532000000000153,0.885834813117981,13,A:\A _ Working\Researching\B - AIoT Lab VN\VITOSA\another_test\Get_More\audio\_agW7zGT4nM.wav,_agW7zGT4nM_42.wav
1112.61,1121.054,8.444000000000187,0.8858346939086914,3,A:\A _ Working\Researching\B - AIoT Lab VN\VITOSA\another_test\Get_More\audio\5PJoMB03vwI.wav,5PJoMB03vwI_37.wav
1199.906,1203.646,3.740000000000009,0.8858199715614319,3,A:\A _ Working\Researching\B - AIoT Lab VN\VITOSA\another_test\Get_More\audio\jRU0twOCBeQ.wav,jRU0twOCBeQ_40.wav
2759.266,2767.582,8.315999999999804,0.8857882022857666,13,A:\A _ Working\Researching\B - AIoT Lab VN\VITOSA\another_test\Get_More\audio\S18XXLEo6uE.wav,S18XXLEo6uE_54.wav
1960.418,1969.15,8.732000000000198,0.8857120871543884,3,A:\A _ Working\Researching\B - AIoT Lab VN\VITOSA\another_test\Get_More\audio\5PJoMB03vwI.wav,5PJoMB03vwI_38.wav
3506.85,3512.414,5.564000000000306,0.8856871128082275,13,A:\A _ Working\Researching\B - AIoT Lab VN\VITOSA\another_test\Get_More\audio\7kB_BvGGN6s.wav,7kB_BvGGN6s_43.wav
1140.61,1146.686,6.076000000000022,0.8856837153434753,13,A:\A _ Working\Researching\B - AIoT Lab VN\VITOSA\another_test\Get_More\audio\Xs286Xdd4Nc.wav,Xs286Xdd4Nc_38.wav
4150.85,4158.206,7.355999999999767,0.8856327533721924,13,A:\A _ Working\Researching\B - AIoT Lab VN\VITOSA\another_test\Get_More\audio\qXHma6XYctI.wav,qXHma6XYctI_50.wav
23.906,37.086,13.18,0.8856227397918701,13,A:\A _ Working\Researching\B - AIoT Lab VN\VITOSA\another_test\Get_More\audio\S18XXLEo6uE.wav,S18XXLEo6uE_55.wav
1985.794,1994.462,8.667999999999893,0.8856045007705688,13,A:\A _ Working\Researching\B - AIoT Lab VN\VITOSA\another_test\Get_More\audio\jRU0twOCBeQ.wav,jRU0twOCBeQ_41.wav
3152.706,3161.214,8.50799999999981,0.885526180267334,3,A:\A _ Working\Researching\B - AIoT Lab VN\VITOSA\another_test\Get_More\audio\RlOmT9AueBw.wav,RlOmT9AueBw_32.wav
1126.338,1139.806,13.468000000000075,0.8855019807815552,13,A:\A _ Working\Researching\B - AIoT Lab VN\VITOSA\another_test\Get_More\audio\RlOmT9AueBw.wav,RlOmT9AueBw_33.wav
4101.122,4106.846,5.723999999999251,0.8854787945747375,9,A:\A _ Working\Researching\B - AIoT Lab VN\VITOSA\another_test\Get_More\audio\5kfLCjQhB9E.wav,5kfLCjQhB9E_42.wav
2472.546,2483.198,10.652000000000044,0.8854702711105347,13,A:\A _ Working\Researching\B - AIoT Lab VN\VITOSA\another_test\Get_More\audio\9D00xkJM2ww.wav,9D00xkJM2ww_42.wav
930.978,937.598,6.6200000000000045,0.88541179895401,3,A:\A _ Working\Researching\B - AIoT Lab VN\VITOSA\another_test\Get_More\audio\y-6gIUvZ6f4.wav,y-6gIUvZ6f4_33.wav
953.634,958.974,5.340000000000032,0.8854070901870728,3,A:\A _ Working\Researching\B - AIoT Lab VN\VITOSA\another_test\Get_More\audio\7kB_BvGGN6s.wav,7kB_BvGGN6s_44.wav
2420.93,2426.814,5.8840000000000146,0.8853522539138794,9,A:\A _ Working\Researching\B - AIoT Lab VN\VITOSA\another_test\Get_More\audio\hrS5Tdh0VTU.wav,hrS5Tdh0VTU_42.wav
3575.906,3584.19,8.284000000000106,0.8853240013122559,17,A:\A _ Working\Researching\B - AIoT Lab VN\VITOSA\another_test\Get_More\audio\_agW7zGT4nM.wav,_agW7zGT4nM_43.wav
392.13,397.406,5.2760000000000105,0.8852598667144775,6,A:\A _ Working\Researching\B - AIoT Lab VN\VITOSA\another_test\Get_More\audio\S18XXLEo6uE.wav,S18XXLEo6uE_56.wav
3270.306,3283.198,12.891999999999825,0.8852470517158508,16,A:\A _ Working\Researching\B - AIoT Lab VN\VITOSA\another_test\Get_More\audio\7kB_BvGGN6s.wav,7kB_BvGGN6s_45.wav
1223.81,1232.798,8.988000000000056,0.8852319121360779,3,A:\A _ Working\Researching\B - AIoT Lab VN\VITOSA\another_test\Get_More\audio\_agW7zGT4nM.wav,_agW7zGT4nM_44.wav
266.21,277.406,11.196000000000026,0.8852167725563049,10,A:\A _ Working\Researching\B - AIoT Lab VN\VITOSA\another_test\Get_More\audio\Xs286Xdd4Nc.wav,Xs286Xdd4Nc_39.wav
3554.626,3563.358,8.731999999999971,0.8851712346076965,10,A:\A _ Working\Researching\B - AIoT Lab VN\VITOSA\another_test\Get_More\audio\_agW7zGT4nM.wav,_agW7zGT4nM_45.wav
73.282,78.334,5.052000000000007,0.8851636052131653,15,A:\A _ Working\Researching\B - AIoT Lab VN\VITOSA\another_test\Get_More\audio\eUFVxaNfhzA.wav,eUFVxaNfhzA_51.wav
780.386,793.15,12.76400000000001,0.8851443529129028,13,A:\A _ Working\Researching\B - AIoT Lab VN\VITOSA\another_test\Get_More\audio\eUFVxaNfhzA.wav,eUFVxaNfhzA_52.wav
921.89,928.414,6.524000000000001,0.8851228952407837,9,A:\A _ Working\Researching\B - AIoT Lab VN\VITOSA\another_test\Get_More\audio\w_Fr7m0rntQ.wav,w_Fr7m0rntQ_33.wav
1919.746,1926.078,6.33199999999988,0.8850846290588379,13,A:\A _ Working\Researching\B - AIoT Lab VN\VITOSA\another_test\Get_More\audio\F0FDCeoa41k.wav,F0FDCeoa41k_37.wav
325.57,336.286,10.716000000000008,0.885063648223877,10,A:\A _ Working\Researching\B - AIoT Lab VN\VITOSA\another_test\Get_More\audio\ef_lApT7r54.wav,ef_lApT7r54_31.wav
3417.858,3425.374,7.515999999999622,0.8850482702255249,13,A:\A _ Working\Researching\B - AIoT Lab VN\VITOSA\another_test\Get_More\audio\w_Fr7m0rntQ.wav,w_Fr7m0rntQ_34.wav
4567.746,4580.318,12.572000000000116,0.8850440382957458,13,A:\A _ Working\Researching\B - AIoT Lab VN\VITOSA\another_test\Get_More\audio\qXHma6XYctI.wav,qXHma6XYctI_51.wav
3400.578,3407.902,7.324000000000069,0.8849768042564392,9,A:\A _ Working\Researching\B - AIoT Lab VN\VITOSA\another_test\Get_More\audio\_agW7zGT4nM.wav,_agW7zGT4nM_46.wav
1105.698,1114.718,9.019999999999982,0.884961724281311,13,A:\A _ Working\Researching\B - AIoT Lab VN\VITOSA\another_test\Get_More\audio\Xs286Xdd4Nc.wav,Xs286Xdd4Nc_40.wav
2947.938,2957.31,9.371999999999844,0.8848671913146973,3,A:\A _ Working\Researching\B - AIoT Lab VN\VITOSA\another_test\Get_More\audio\ef_lApT7r54.wav,ef_lApT7r54_32.wav
2838.402,2845.47,7.067999999999756,0.8847912549972534,8,A:\A _ Working\Researching\B - AIoT Lab VN\VITOSA\another_test\Get_More\audio\kr0ypY0jAJI.wav,kr0ypY0jAJI_18.wav
27.746,37.534,9.788,0.884776771068573,10,A:\A _ Working\Researching\B - AIoT Lab VN\VITOSA\another_test\Get_More\audio\qXHma6XYctI.wav,qXHma6XYctI_52.wav
101.762,114.046,12.284000000000006,0.8847501277923584,10,A:\A _ Working\Researching\B - AIoT Lab VN\VITOSA\another_test\Get_More\audio\ZL8rrh9cEQk.wav,ZL8rrh9cEQk_75.wav
4684.834,4692.734,7.900000000000546,0.8847458958625793,13,A:\A _ Working\Researching\B - AIoT Lab VN\VITOSA\another_test\Get_More\audio\qXHma6XYctI.wav,qXHma6XYctI_53.wav
469.442,479.678,10.23599999999999,0.8847450613975525,3,A:\A _ Working\Researching\B - AIoT Lab VN\VITOSA\another_test\Get_More\audio\fMfos_YBT0o.wav,fMfos_YBT0o_30.wav
3121.346,3130.014,8.66800000000012,0.8847359418869019,13,A:\A _ Working\Researching\B - AIoT Lab VN\VITOSA\another_test\Get_More\audio\hrS5Tdh0VTU.wav,hrS5Tdh0VTU_43.wav
1847.074,1853.95,6.875999999999976,0.8846769332885742,3,A:\A _ Working\Researching\B - AIoT Lab VN\VITOSA\another_test\Get_More\audio\y-6gIUvZ6f4.wav,y-6gIUvZ6f4_34.wav
242.402,247.454,5.052000000000021,0.8846127986907959,10,A:\A _ Working\Researching\B - AIoT Lab VN\VITOSA\another_test\Get_More\audio\w_Fr7m0rntQ.wav,w_Fr7m0rntQ_35.wav
902.594,915.07,12.475999999999999,0.8845808506011963,17,A:\A _ Working\Researching\B - AIoT Lab VN\VITOSA\another_test\Get_More\audio\5RbEHUr5ezA.wav,5RbEHUr5ezA_32.wav
2463.65,2476.35,12.699999999999818,0.8845770955085754,6,A:\A _ Working\Researching\B - AIoT Lab VN\VITOSA\another_test\Get_More\audio\hrS5Tdh0VTU.wav,hrS5Tdh0VTU_44.wav
3301.73,3311.006,9.27599999999984,0.8845415711402893,16,A:\A _ Working\Researching\B - AIoT Lab VN\VITOSA\another_test\Get_More\audio\ZL8rrh9cEQk.wav,ZL8rrh9cEQk_76.wav
1128.162,1136.542,8.379999999999882,0.8845378160476685,3,A:\A _ Working\Researching\B - AIoT Lab VN\VITOSA\another_test\Get_More\audio\5PJoMB03vwI.wav,5PJoMB03vwI_39.wav
2055.586,2066.27,10.684000000000196,0.8845296502113342,6,A:\A _ Working\Researching\B - AIoT Lab VN\VITOSA\another_test\Get_More\audio\w_Fr7m0rntQ.wav,w_Fr7m0rntQ_36.wav
674.146,687.55,13.403999999999996,0.8844861388206482,7,A:\A _ Working\Researching\B - AIoT Lab VN\VITOSA\another_test\Get_More\audio\5RbEHUr5ezA.wav,5RbEHUr5ezA_33.wav
1529.634,1539.006,9.372000000000071,0.8843932151794434,13,A:\A _ Working\Researching\B - AIoT Lab VN\VITOSA\another_test\Get_More\audio\kr0ypY0jAJI.wav,kr0ypY0jAJI_19.wav
3588.994,3594.974,5.980000000000018,0.8843657970428467,17,A:\A _ Working\Researching\B - AIoT Lab VN\VITOSA\another_test\Get_More\audio\ZL8rrh9cEQk.wav,ZL8rrh9cEQk_77.wav
2945.282,2954.878,9.596000000000004,0.8843551874160767,9,A:\A _ Working\Researching\B - AIoT Lab VN\VITOSA\another_test\Get_More\audio\ONBa0kwBjmQ.wav,ONBa0kwBjmQ_49.wav
2927.202,2935.454,8.251999999999953,0.884338915348053,13,A:\A _ Working\Researching\B - AIoT Lab VN\VITOSA\another_test\Get_More\audio\RlOmT9AueBw.wav,RlOmT9AueBw_34.wav
3191.042,3198.686,7.644000000000233,0.8843089938163757,10,A:\A _ Working\Researching\B - AIoT Lab VN\VITOSA\another_test\Get_More\audio\R6g946lCMPs.wav,R6g946lCMPs_71.wav
3054.402,3065.022,10.61999999999989,0.8842926025390625,13,A:\A _ Working\Researching\B - AIoT Lab VN\VITOSA\another_test\Get_More\audio\9D00xkJM2ww.wav,9D00xkJM2ww_43.wav
3092.866,3097.374,4.507999999999811,0.8842493891716003,3,A:\A _ Working\Researching\B - AIoT Lab VN\VITOSA\another_test\Get_More\audio\hrS5Tdh0VTU.wav,hrS5Tdh0VTU_45.wav
3580.226,3590.014,9.788000000000011,0.884221613407135,6,A:\A _ Working\Researching\B - AIoT Lab VN\VITOSA\another_test\Get_More\audio\5kfLCjQhB9E.wav,5kfLCjQhB9E_43.wav
3789.058,3802.59,13.532000000000153,0.8841813206672668,16,A:\A _ Working\Researching\B - AIoT Lab VN\VITOSA\another_test\Get_More\audio\R6g946lCMPs.wav,R6g946lCMPs_72.wav
1908.962,1922.398,13.435999999999922,0.8841659426689148,11,A:\A _ Working\Researching\B - AIoT Lab VN\VITOSA\another_test\Get_More\audio\7kB_BvGGN6s.wav,7kB_BvGGN6s_46.wav
3669.154,3674.238,5.083999999999833,0.8841415643692017,7,A:\A _ Working\Researching\B - AIoT Lab VN\VITOSA\another_test\Get_More\audio\7kB_BvGGN6s.wav,7kB_BvGGN6s_47.wav
2011.458,2019.934,8.475999999999885,0.8841333389282227,3,A:\A _ Working\Researching\B - AIoT Lab VN\VITOSA\another_test\Get_More\audio\w_Fr7m0rntQ.wav,w_Fr7m0rntQ_37.wav
3692.866,3700.67,7.804000000000087,0.8841297030448914,3,A:\A _ Working\Researching\B - AIoT Lab VN\VITOSA\another_test\Get_More\audio\5kfLCjQhB9E.wav,5kfLCjQhB9E_44.wav
1709.73,1719.358,9.627999999999929,0.884099006652832,13,A:\A _ Working\Researching\B - AIoT Lab VN\VITOSA\another_test\Get_More\audio\Xs286Xdd4Nc.wav,Xs286Xdd4Nc_41.wav
839.17,846.75,7.580000000000041,0.8840914368629456,13,A:\A _ Working\Researching\B - AIoT Lab VN\VITOSA\another_test\Get_More\audio\9D00xkJM2ww.wav,9D00xkJM2ww_44.wav
3438.434,3446.302,7.867999999999938,0.8840779662132263,17,A:\A _ Working\Researching\B - AIoT Lab VN\VITOSA\another_test\Get_More\audio\_agW7zGT4nM.wav,_agW7zGT4nM_47.wav
1785.986,1792.062,6.0759999999997945,0.8840404748916626,17,A:\A _ Working\Researching\B - AIoT Lab VN\VITOSA\another_test\Get_More\audio\ef_lApT7r54.wav,ef_lApT7r54_33.wav
2503.426,2514.014,10.588000000000193,0.8840263485908508,13,A:\A _ Working\Researching\B - AIoT Lab VN\VITOSA\another_test\Get_More\audio\y-6gIUvZ6f4.wav,y-6gIUvZ6f4_35.wav
422.69,428.894,6.204000000000008,0.8840096592903137,3,A:\A _ Working\Researching\B - AIoT Lab VN\VITOSA\another_test\Get_More\audio\qXHma6XYctI.wav,qXHma6XYctI_54.wav
2353.122,2357.726,4.604000000000269,0.8839696645736694,18,A:\A _ Working\Researching\B - AIoT Lab VN\VITOSA\another_test\Get_More\audio\5kfLCjQhB9E.wav,5kfLCjQhB9E_45.wav
5376.034,5389.182,13.148000000000138,0.8838347792625427,17,A:\A _ Working\Researching\B - AIoT Lab VN\VITOSA\another_test\Get_More\audio\qXHma6XYctI.wav,qXHma6XYctI_55.wav
2601.154,2614.558,13.403999999999996,0.8837707042694092,3,A:\A _ Working\Researching\B - AIoT Lab VN\VITOSA\another_test\Get_More\audio\S18XXLEo6uE.wav,S18XXLEo6uE_57.wav
4576.77,4586.11,9.339999999999236,0.8837164640426636,13,A:\A _ Working\Researching\B - AIoT Lab VN\VITOSA\another_test\Get_More\audio\R6g946lCMPs.wav,R6g946lCMPs_73.wav
99.106,108.574,9.468000000000004,0.8837155103683472,13,A:\A _ Working\Researching\B - AIoT Lab VN\VITOSA\another_test\Get_More\audio\hrS5Tdh0VTU.wav,hrS5Tdh0VTU_46.wav
3405.986,3418.11,12.124000000000251,0.8837108016014099,13,A:\A _ Working\Researching\B - AIoT Lab VN\VITOSA\another_test\Get_More\audio\ef_lApT7r54.wav,ef_lApT7r54_34.wav
1001.762,1014.334,12.572000000000003,0.8837096691131592,13,A:\A _ Working\Researching\B - AIoT Lab VN\VITOSA\another_test\Get_More\audio\jRU0twOCBeQ.wav,jRU0twOCBeQ_42.wav
2871.938,2881.31,9.371999999999844,0.8836758732795715,3,A:\A _ Working\Researching\B - AIoT Lab VN\VITOSA\another_test\Get_More\audio\F0FDCeoa41k.wav,F0FDCeoa41k_38.wav
3158.242,3166.526,8.28399999999965,0.8836386799812317,3,A:\A _ Working\Researching\B - AIoT Lab VN\VITOSA\another_test\Get_More\audio\R6g946lCMPs.wav,R6g946lCMPs_74.wav
1857.89,1864.062,6.171999999999798,0.8836251497268677,3,A:\A _ Working\Researching\B - AIoT Lab VN\VITOSA\another_test\Get_More\audio\ef_lApT7r54.wav,ef_lApT7r54_35.wav
2925.73,2935.326,9.596000000000004,0.8836172223091125,9,A:\A _ Working\Researching\B - AIoT Lab VN\VITOSA\another_test\Get_More\audio\5kfLCjQhB9E.wav,5kfLCjQhB9E_46.wav
1163.842,1174.302,10.459999999999809,0.8835709095001221,9,A:\A _ Working\Researching\B - AIoT Lab VN\VITOSA\another_test\Get_More\audio\jRU0twOCBeQ.wav,jRU0twOCBeQ_43.wav
4097.122,4107.454,10.331999999999425,0.8835639357566833,13,A:\A _ Working\Researching\B - AIoT Lab VN\VITOSA\another_test\Get_More\audio\qXHma6XYctI.wav,qXHma6XYctI_56.wav
218.914,225.822,6.9080000000000155,0.8834351301193237,13,A:\A _ Working\Researching\B - AIoT Lab VN\VITOSA\another_test\Get_More\audio\ONBa0kwBjmQ.wav,ONBa0kwBjmQ_50.wav
298.818,306.622,7.8040000000000305,0.8834336996078491,13,A:\A _ Working\Researching\B - AIoT Lab VN\VITOSA\another_test\Get_More\audio\_agW7zGT4nM.wav,_agW7zGT4nM_48.wav
978.466,988.702,10.23599999999999,0.8833848237991333,3,A:\A _ Working\Researching\B - AIoT Lab VN\VITOSA\another_test\Get_More\audio\R6g946lCMPs.wav,R6g946lCMPs_75.wav
1157.858,1170.942,13.08400000000006,0.8833688497543335,3,A:\A _ Working\Researching\B - AIoT Lab VN\VITOSA\another_test\Get_More\audio\Xs286Xdd4Nc.wav,Xs286Xdd4Nc_42.wav
988.482,999.614,11.132000000000062,0.8833400011062622,7,A:\A _ Working\Researching\B - AIoT Lab VN\VITOSA\another_test\Get_More\audio\qXHma6XYctI.wav,qXHma6XYctI_57.wav
1764.162,1771.678,7.516000000000076,0.8833045959472656,13,A:\A _ Working\Researching\B - AIoT Lab VN\VITOSA\another_test\Get_More\audio\hrS5Tdh0VTU.wav,hrS5Tdh0VTU_47.wav
3052.066,3055.934,3.868000000000393,0.8832833170890808,17,A:\A _ Working\Researching\B - AIoT Lab VN\VITOSA\another_test\Get_More\audio\qXHma6XYctI.wav,qXHma6XYctI_58.wav
704.418,718.27,13.851999999999975,0.883270263671875,11,A:\A _ Working\Researching\B - AIoT Lab VN\VITOSA\another_test\Get_More\audio\fMfos_YBT0o.wav,fMfos_YBT0o_31.wav
2004.802,2016.958,12.156000000000176,0.8832606673240662,7,A:\A _ Working\Researching\B - AIoT Lab VN\VITOSA\another_test\Get_More\audio\5RbEHUr5ezA.wav,5RbEHUr5ezA_34.wav
609.122,617.15,8.02800000000002,0.8831896185874939,13,A:\A _ Working\Researching\B - AIoT Lab VN\VITOSA\another_test\Get_More\audio\_agW7zGT4nM.wav,_agW7zGT4nM_49.wav
1257.282,1270.526,13.244000000000142,0.8831895589828491,13,A:\A _ Working\Researching\B - AIoT Lab VN\VITOSA\another_test\Get_More\audio\w_Fr7m0rntQ.wav,w_Fr7m0rntQ_38.wav
2567.842,2578.814,10.971999999999753,0.883158802986145,3,A:\A _ Working\Researching\B - AIoT Lab VN\VITOSA\another_test\Get_More\audio\S18XXLEo6uE.wav,S18XXLEo6uE_58.wav
1012.354,1021.598,9.243999999999915,0.8831579685211182,13,A:\A _ Working\Researching\B - AIoT Lab VN\VITOSA\another_test\Get_More\audio\F0FDCeoa41k.wav,F0FDCeoa41k_39.wav
33.25,41.79,8.54,0.8830634355545044,13,A:\A _ Working\Researching\B - AIoT Lab VN\VITOSA\another_test\Get_More\audio\w_Fr7m0rntQ.wav,w_Fr7m0rntQ_39.wav
2324.162,2331.422,7.260000000000218,0.8830245137214661,3,A:\A _ Working\Researching\B - AIoT Lab VN\VITOSA\another_test\Get_More\audio\5kfLCjQhB9E.wav,5kfLCjQhB9E_47.wav
1144.322,1151.198,6.876000000000204,0.8829522728919983,15,A:\A _ Working\Researching\B - AIoT Lab VN\VITOSA\another_test\Get_More\audio\_agW7zGT4nM.wav,_agW7zGT4nM_50.wav
952.546,959.358,6.811999999999898,0.8829169273376465,15,A:\A _ Working\Researching\B - AIoT Lab VN\VITOSA\another_test\Get_More\audio\fMfos_YBT0o.wav,fMfos_YBT0o_32.wav
930.338,936.542,6.204000000000065,0.8828844428062439,3,A:\A _ Working\Researching\B - AIoT Lab VN\VITOSA\another_test\Get_More\audio\qXHma6XYctI.wav,qXHma6XYctI_59.wav
1364.194,1375.326,11.132000000000062,0.8828753232955933,10,A:\A _ Working\Researching\B - AIoT Lab VN\VITOSA\another_test\Get_More\audio\R6g946lCMPs.wav,R6g946lCMPs_76.wav
443.81,456.99,13.180000000000007,0.882813572883606,17,A:\A _ Working\Researching\B - AIoT Lab VN\VITOSA\another_test\Get_More\audio\RlOmT9AueBw.wav,RlOmT9AueBw_35.wav
258.338,269.95,11.611999999999966,0.8827919960021973,16,A:\A _ Working\Researching\B - AIoT Lab VN\VITOSA\another_test\Get_More\audio\ef_lApT7r54.wav,ef_lApT7r54_36.wav
138.722,151.55,12.828000000000003,0.8827678561210632,12,A:\A _ Working\Researching\B - AIoT Lab VN\VITOSA\another_test\Get_More\audio\Xs286Xdd4Nc.wav,Xs286Xdd4Nc_43.wav
2978.946,2985.79,6.844000000000051,0.8827197551727295,17,A:\A _ Working\Researching\B - AIoT Lab VN\VITOSA\another_test\Get_More\audio\kr0ypY0jAJI.wav,kr0ypY0jAJI_20.wav
2236.418,2249.534,13.115999999999985,0.882707953453064,3,A:\A _ Working\Researching\B - AIoT Lab VN\VITOSA\another_test\Get_More\audio\5kfLCjQhB9E.wav,5kfLCjQhB9E_48.wav
1324.098,1332.958,8.860000000000127,0.8826853036880493,13,A:\A _ Working\Researching\B - AIoT Lab VN\VITOSA\another_test\Get_More\audio\kr0ypY0jAJI.wav,kr0ypY0jAJI_21.wav
3825.698,3835.678,9.980000000000018,0.8826820254325867,13,A:\A _ Working\Researching\B - AIoT Lab VN\VITOSA\another_test\Get_More\audio\5kfLCjQhB9E.wav,5kfLCjQhB9E_49.wav
2108.002,2115.902,7.900000000000091,0.8826446533203125,11,A:\A _ Working\Researching\B - AIoT Lab VN\VITOSA\another_test\Get_More\audio\ZL8rrh9cEQk.wav,ZL8rrh9cEQk_78.wav
426.434,439.454,13.019999999999982,0.8826411962509155,17,A:\A _ Working\Researching\B - AIoT Lab VN\VITOSA\another_test\Get_More\audio\y-6gIUvZ6f4.wav,y-6gIUvZ6f4_36.wav
978.594,990.494,11.899999999999977,0.8826332092285156,13,A:\A _ Working\Researching\B - AIoT Lab VN\VITOSA\another_test\Get_More\audio\fMfos_YBT0o.wav,fMfos_YBT0o_33.wav
3355.746,3360.542,4.795999999999822,0.8826112747192383,2,A:\A _ Working\Researching\B - AIoT Lab VN\VITOSA\another_test\Get_More\audio\_agW7zGT4nM.wav,_agW7zGT4nM_51.wav
2699.906,2708.414,8.508000000000266,0.8825564384460449,13,A:\A _ Working\Researching\B - AIoT Lab VN\VITOSA\another_test\Get_More\audio\jRU0twOCBeQ.wav,jRU0twOCBeQ_44.wav
1611.106,1622.014,10.907999999999902,0.882530927658081,13,A:\A _ Working\Researching\B - AIoT Lab VN\VITOSA\another_test\Get_More\audio\y-6gIUvZ6f4.wav,y-6gIUvZ6f4_37.wav
1108.482,1116.798,8.316000000000031,0.8825051784515381,13,A:\A _ Working\Researching\B - AIoT Lab VN\VITOSA\another_test\Get_More\audio\hrS5Tdh0VTU.wav,hrS5Tdh0VTU_48.wav
3169.698,3183.198,13.5,0.8825023770332336,17,A:\A _ Working\Researching\B - AIoT Lab VN\VITOSA\another_test\Get_More\audio\kr0ypY0jAJI.wav,kr0ypY0jAJI_22.wav
3626.306,3635.134,8.827999999999975,0.8824531435966492,13,A:\A _ Working\Researching\B - AIoT Lab VN\VITOSA\another_test\Get_More\audio\5kfLCjQhB9E.wav,5kfLCjQhB9E_50.wav
4465.57,4473.566,7.996000000000095,0.8824440240859985,3,A:\A _ Working\Researching\B - AIoT Lab VN\VITOSA\another_test\Get_More\audio\qXHma6XYctI.wav,qXHma6XYctI_60.wav
1710.178,1720.158,9.97999999999979,0.8824294209480286,16,A:\A _ Working\Researching\B - AIoT Lab VN\VITOSA\another_test\Get_More\audio\ONBa0kwBjmQ.wav,ONBa0kwBjmQ_51.wav
971.49,976.318,4.8279999999999745,0.8824236989021301,3,A:\A _ Working\Researching\B - AIoT Lab VN\VITOSA\another_test\Get_More\audio\Xs286Xdd4Nc.wav,Xs286Xdd4Nc_44.wav
1291.33,1301.534,10.204000000000178,0.8823432922363281,3,A:\A _ Working\Researching\B - AIoT Lab VN\VITOSA\another_test\Get_More\audio\5PJoMB03vwI.wav,5PJoMB03vwI_40.wav
2756.706,2768.862,12.155999999999949,0.8823167085647583,13,A:\A _ Working\Researching\B - AIoT Lab VN\VITOSA\another_test\Get_More\audio\Xs286Xdd4Nc.wav,Xs286Xdd4Nc_45.wav
2694.306,2707.678,13.371999999999844,0.882308840751648,13,A:\A _ Working\Researching\B - AIoT Lab VN\VITOSA\another_test\Get_More\audio\_agW7zGT4nM.wav,_agW7zGT4nM_52.wav
2663.49,2671.838,8.348000000000411,0.8822907209396362,17,A:\A _ Working\Researching\B - AIoT Lab VN\VITOSA\another_test\Get_More\audio\_agW7zGT4nM.wav,_agW7zGT4nM_53.wav
1063.298,1070.622,7.324000000000069,0.8822803497314453,9,A:\A _ Working\Researching\B - AIoT Lab VN\VITOSA\another_test\Get_More\audio\hrS5Tdh0VTU.wav,hrS5Tdh0VTU_49.wav
3389.698,3397.726,8.028000000000247,0.8822315335273743,3,A:\A _ Working\Researching\B - AIoT Lab VN\VITOSA\another_test\Get_More\audio\ONBa0kwBjmQ.wav,ONBa0kwBjmQ_52.wav
1270.146,1272.894,2.7480000000000473,0.8822021484375,9,A:\A _ Working\Researching\B - AIoT Lab VN\VITOSA\another_test\Get_More\audio\R6g946lCMPs.wav,R6g946lCMPs_77.wav
2374.85,2380.99,6.139999999999873,0.8821998834609985,3,A:\A _ Working\Researching\B - AIoT Lab VN\VITOSA\another_test\Get_More\audio\5kfLCjQhB9E.wav,5kfLCjQhB9E_51.wav
704.098,711.23,7.132000000000062,0.882121741771698,11,A:\A _ Working\Researching\B - AIoT Lab VN\VITOSA\another_test\Get_More\audio\ZL8rrh9cEQk.wav,ZL8rrh9cEQk_79.wav
3012.066,3019.742,7.676000000000386,0.8821186423301697,3,A:\A _ Working\Researching\B - AIoT Lab VN\VITOSA\another_test\Get_More\audio\eUFVxaNfhzA.wav,eUFVxaNfhzA_53.wav
1546.21,1556.67,10.460000000000036,0.8821080923080444,13,A:\A _ Working\Researching\B - AIoT Lab VN\VITOSA\another_test\Get_More\audio\R6g946lCMPs.wav,R6g946lCMPs_78.wav
72.45,81.822,9.372,0.8820899128913879,13,A:\A _ Working\Researching\B - AIoT Lab VN\VITOSA\another_test\Get_More\audio\ZL8rrh9cEQk.wav,ZL8rrh9cEQk_80.wav
387.042,396.734,9.692000000000007,0.8820546865463257,13,A:\A _ Working\Researching\B - AIoT Lab VN\VITOSA\another_test\Get_More\audio\kr0ypY0jAJI.wav,kr0ypY0jAJI_23.wav
577.154,588.958,11.803999999999974,0.8820533156394958,3,A:\A _ Working\Researching\B - AIoT Lab VN\VITOSA\another_test\Get_More\audio\5kfLCjQhB9E.wav,5kfLCjQhB9E_52.wav
2970.722,2975.326,4.6039999999998145,0.8820018172264099,13,A:\A _ Working\Researching\B - AIoT Lab VN\VITOSA\another_test\Get_More\audio\RlOmT9AueBw.wav,RlOmT9AueBw_36.wav
962.978,974.558,11.580000000000041,0.8818913698196411,13,A:\A _ Working\Researching\B - AIoT Lab VN\VITOSA\another_test\Get_More\audio\5RbEHUr5ezA.wav,5RbEHUr5ezA_35.wav
170.69,176.702,6.0120000000000005,0.8818597793579102,17,A:\A _ Working\Researching\B - AIoT Lab VN\VITOSA\another_test\Get_More\audio\_agW7zGT4nM.wav,_agW7zGT4nM_54.wav
2332.546,2342.462,9.916000000000167,0.881818413734436,13,A:\A _ Working\Researching\B - AIoT Lab VN\VITOSA\another_test\Get_More\audio\kr0ypY0jAJI.wav,kr0ypY0jAJI_24.wav
2173.282,2183.614,10.33199999999988,0.8817837834358215,13,A:\A _ Working\Researching\B - AIoT Lab VN\VITOSA\another_test\Get_More\audio\RlOmT9AueBw.wav,RlOmT9AueBw_37.wav
3697.378,3703.07,5.692000000000007,0.8816866874694824,9,A:\A _ Working\Researching\B - AIoT Lab VN\VITOSA\another_test\Get_More\audio\RlOmT9AueBw.wav,RlOmT9AueBw_38.wav
215.298,220.254,4.955999999999989,0.8816581964492798,17,A:\A _ Working\Researching\B - AIoT Lab VN\VITOSA\another_test\Get_More\audio\Xs286Xdd4Nc.wav,Xs286Xdd4Nc_46.wav
78.434,86.046,7.612000000000009,0.8815737366676331,3,A:\A _ Working\Researching\B - AIoT Lab VN\VITOSA\another_test\Get_More\audio\ONBa0kwBjmQ.wav,ONBa0kwBjmQ_53.wav
5223.01,5231.486,8.475999999999658,0.8814176917076111,3,A:\A _ Working\Researching\B - AIoT Lab VN\VITOSA\another_test\Get_More\audio\qXHma6XYctI.wav,qXHma6XYctI_61.wav
818.37,824.67,6.2999999999999545,0.8814120292663574,9,A:\A _ Working\Researching\B - AIoT Lab VN\VITOSA\another_test\Get_More\audio\5kfLCjQhB9E.wav,5kfLCjQhB9E_53.wav
3629.186,3640.382,11.195999999999913,0.8813632726669312,15,A:\A _ Working\Researching\B - AIoT Lab VN\VITOSA\another_test\Get_More\audio\S18XXLEo6uE.wav,S18XXLEo6uE_59.wav
3630.402,3638.75,8.347999999999956,0.8813360929489136,9,A:\A _ Working\Researching\B - AIoT Lab VN\VITOSA\another_test\Get_More\audio\7kB_BvGGN6s.wav,7kB_BvGGN6s_48.wav
532.482,540.414,7.932000000000016,0.8812845349311829,13,A:\A _ Working\Researching\B - AIoT Lab VN\VITOSA\another_test\Get_More\audio\pjmlxEfwBCE.wav,pjmlxEfwBCE_1.wav
134.178,147.838,13.659999999999997,0.8812261819839478,6,A:\A _ Working\Researching\B - AIoT Lab VN\VITOSA\another_test\Get_More\audio\qXHma6XYctI.wav,qXHma6XYctI_62.wav
1817.73,1826.75,9.019999999999982,0.8812069892883301,13,A:\A _ Working\Researching\B - AIoT Lab VN\VITOSA\another_test\Get_More\audio\Xs286Xdd4Nc.wav,Xs286Xdd4Nc_47.wav
1170.498,1178.974,8.475999999999885,0.8811808824539185,3,A:\A _ Working\Researching\B - AIoT Lab VN\VITOSA\another_test\Get_More\audio\_agW7zGT4nM.wav,_agW7zGT4nM_55.wav
245.474,255.326,9.852000000000004,0.8810258507728577,9,A:\A _ Working\Researching\B - AIoT Lab VN\VITOSA\another_test\Get_More\audio\S18XXLEo6uE.wav,S18XXLEo6uE_60.wav
2955.554,2967.166,11.61200000000008,0.8810184001922607,16,A:\A _ Working\Researching\B - AIoT Lab VN\VITOSA\another_test\Get_More\audio\7kB_BvGGN6s.wav,7kB_BvGGN6s_49.wav
1846.818,1860.158,13.339999999999918,0.8809773921966553,13,A:\A _ Working\Researching\B - AIoT Lab VN\VITOSA\another_test\Get_More\audio\5RbEHUr5ezA.wav,5RbEHUr5ezA_36.wav
386.85,391.294,4.44399999999996,0.8809685707092285,9,A:\A _ Working\Researching\B - AIoT Lab VN\VITOSA\another_test\Get_More\audio\ONBa0kwBjmQ.wav,ONBa0kwBjmQ_54.wav
3031.266,3039.55,8.284000000000106,0.8809366226196289,8,A:\A _ Working\Researching\B - AIoT Lab VN\VITOSA\another_test\Get_More\audio\hrS5Tdh0VTU.wav,hrS5Tdh0VTU_50.wav
3225.218,3230.334,5.1159999999999854,0.8808920383453369,13,A:\A _ Working\Researching\B - AIoT Lab VN\VITOSA\another_test\Get_More\audio\ef_lApT7r54.wav,ef_lApT7r54_37.wav
3240.866,3250.43,9.56399999999985,0.8808909058570862,13,A:\A _ Working\Researching\B - AIoT Lab VN\VITOSA\another_test\Get_More\audio\ef_lApT7r54.wav,ef_lApT7r54_38.wav
450.978,458.046,7.067999999999984,0.880884051322937,13,A:\A _ Working\Researching\B - AIoT Lab VN\VITOSA\another_test\Get_More\audio\y-6gIUvZ6f4.wav,y-6gIUvZ6f4_38.wav
1836.834,1845.086,8.251999999999953,0.8808791637420654,13,A:\A _ Working\Researching\B - AIoT Lab VN\VITOSA\another_test\Get_More\audio\hrS5Tdh0VTU.wav,hrS5Tdh0VTU_51.wav
3061.954,3071.838,9.884000000000015,0.8808705806732178,13,A:\A _ Working\Researching\B - AIoT Lab VN\VITOSA\another_test\Get_More\audio\_agW7zGT4nM.wav,_agW7zGT4nM_56.wav
593.154,602.366,9.211999999999989,0.8808344006538391,15,A:\A _ Working\Researching\B - AIoT Lab VN\VITOSA\another_test\Get_More\audio\ZL8rrh9cEQk.wav,ZL8rrh9cEQk_81.wav
3207.49,3212.35,4.860000000000127,0.8808227777481079,17,A:\A _ Working\Researching\B - AIoT Lab VN\VITOSA\another_test\Get_More\audio\R6g946lCMPs.wav,R6g946lCMPs_79.wav
3622.53,3628.446,5.915999999999713,0.8808193206787109,16,A:\A _ Working\Researching\B - AIoT Lab VN\VITOSA\another_test\Get_More\audio\ZL8rrh9cEQk.wav,ZL8rrh9cEQk_82.wav
3602.082,3612.702,10.620000000000346,0.8808018565177917,17,A:\A _ Working\Researching\B - AIoT Lab VN\VITOSA\another_test\Get_More\audio\7kB_BvGGN6s.wav,7kB_BvGGN6s_50.wav
849.378,856.862,7.483999999999924,0.8807713389396667,3,A:\A _ Working\Researching\B - AIoT Lab VN\VITOSA\another_test\Get_More\audio\qXHma6XYctI.wav,qXHma6XYctI_63.wav
217.666,231.102,13.436000000000007,0.8807569146156311,13,A:\A _ Working\Researching\B - AIoT Lab VN\VITOSA\another_test\Get_More\audio\qXHma6XYctI.wav,qXHma6XYctI_64.wav
2860.77,2870.398,9.628000000000156,0.880742609500885,13,A:\A _ Working\Researching\B - AIoT Lab VN\VITOSA\another_test\Get_More\audio\5PJoMB03vwI.wav,5PJoMB03vwI_41.wav
1918.658,1928.35,9.692000000000007,0.8807381987571716,12,A:\A _ Working\Researching\B - AIoT Lab VN\VITOSA\another_test\Get_More\audio\_agW7zGT4nM.wav,_agW7zGT4nM_57.wav
503.074,509.726,6.651999999999987,0.8806895017623901,13,A:\A _ Working\Researching\B - AIoT Lab VN\VITOSA\another_test\Get_More\audio\_agW7zGT4nM.wav,_agW7zGT4nM_58.wav
34.178,45.118,10.940000000000005,0.880682110786438,13,A:\A _ Working\Researching\B - AIoT Lab VN\VITOSA\another_test\Get_More\audio\ef_lApT7r54.wav,ef_lApT7r54_39.wav
3014.658,3025.822,11.164000000000215,0.8806704878807068,3,A:\A _ Working\Researching\B - AIoT Lab VN\VITOSA\another_test\Get_More\audio\y-6gIUvZ6f4.wav,y-6gIUvZ6f4_39.wav
1119.01,1130.078,11.067999999999984,0.8806450366973877,3,A:\A _ Working\Researching\B - AIoT Lab VN\VITOSA\another_test\Get_More\audio\ef_lApT7r54.wav,ef_lApT7r54_40.wav
1093.442,1098.366,4.923999999999978,0.8806178569793701,9,A:\A _ Working\Researching\B - AIoT Lab VN\VITOSA\another_test\Get_More\audio\y-6gIUvZ6f4.wav,y-6gIUvZ6f4_40.wav
2725.09,2732.51,7.420000000000073,0.880550742149353,16,A:\A _ Working\Researching\B - AIoT Lab VN\VITOSA\another_test\Get_More\audio\kr0ypY0jAJI.wav,kr0ypY0jAJI_25.wav
3559.586,3570.238,10.652000000000044,0.880549967288971,16,A:\A _ Working\Researching\B - AIoT Lab VN\VITOSA\another_test\Get_More\audio\S18XXLEo6uE.wav,S18XXLEo6uE_61.wav
627.618,635.806,8.187999999999988,0.880521297454834,9,A:\A _ Working\Researching\B - AIoT Lab VN\VITOSA\another_test\Get_More\audio\eUFVxaNfhzA.wav,eUFVxaNfhzA_54.wav
565.378,576.126,10.747999999999934,0.8804882168769836,19,A:\A _ Working\Researching\B - AIoT Lab VN\VITOSA\another_test\Get_More\audio\7kB_BvGGN6s.wav,7kB_BvGGN6s_51.wav
1140.034,1147.358,7.323999999999842,0.8804175853729248,3,A:\A _ Working\Researching\B - AIoT Lab VN\VITOSA\another_test\Get_More\audio\5kfLCjQhB9E.wav,5kfLCjQhB9E_54.wav
101.09,105.182,4.091999999999999,0.8804060816764832,9,A:\A _ Working\Researching\B - AIoT Lab VN\VITOSA\another_test\Get_More\audio\kr0ypY0jAJI.wav,kr0ypY0jAJI_26.wav
2621.73,2633.95,12.2199999999998,0.8804060220718384,6,A:\A _ Working\Researching\B - AIoT Lab VN\VITOSA\another_test\Get_More\audio\S18XXLEo6uE.wav,S18XXLEo6uE_62.wav
380.194,388.222,8.027999999999963,0.8803601861000061,13,A:\A _ Working\Researching\B - AIoT Lab VN\VITOSA\another_test\Get_More\audio\_agW7zGT4nM.wav,_agW7zGT4nM_59.wav
108.098,110.686,2.588000000000008,0.8801860809326172,8,A:\A _ Working\Researching\B - AIoT Lab VN\VITOSA\another_test\Get_More\audio\9D00xkJM2ww.wav,9D00xkJM2ww_45.wav
832.034,838.942,6.9080000000000155,0.8801789283752441,13,A:\A _ Working\Researching\B - AIoT Lab VN\VITOSA\another_test\Get_More\audio\5RbEHUr5ezA.wav,5RbEHUr5ezA_37.wav
1972.866,1980.862,7.996000000000095,0.8800874948501587,11,A:\A _ Working\Researching\B - AIoT Lab VN\VITOSA\another_test\Get_More\audio\R6g946lCMPs.wav,R6g946lCMPs_80.wav
2766.594,2770.878,4.2840000000001055,0.8800697326660156,0,A:\A _ Working\Researching\B - AIoT Lab VN\VITOSA\another_test\Get_More\audio\jRU0twOCBeQ.wav,jRU0twOCBeQ_45.wav
3470.946,3474.238,3.2919999999999163,0.8800308704376221,6,A:\A _ Working\Researching\B - AIoT Lab VN\VITOSA\another_test\Get_More\audio\_agW7zGT4nM.wav,_agW7zGT4nM_60.wav
193.73,205.022,11.292000000000002,0.8800216913223267,16,A:\A _ Working\Researching\B - AIoT Lab VN\VITOSA\another_test\Get_More\audio\ZL8rrh9cEQk.wav,ZL8rrh9cEQk_83.wav
1110.53,1117.246,6.716000000000122,0.8800208568572998,13,A:\A _ Working\Researching\B - AIoT Lab VN\VITOSA\another_test\Get_More\audio\RlOmT9AueBw.wav,RlOmT9AueBw_39.wav
883.874,889.566,5.692000000000007,0.8799911737442017,13,A:\A _ Working\Researching\B - AIoT Lab VN\VITOSA\another_test\Get_More\audio\7kB_BvGGN6s.wav,7kB_BvGGN6s_52.wav
99.042,109.566,10.524000000000001,0.8799892067909241,11,A:\A _ Working\Researching\B - AIoT Lab VN\VITOSA\another_test\Get_More\audio\S18XXLEo6uE.wav,S18XXLEo6uE_63.wav
2836.354,2843.454,7.100000000000364,0.8799722790718079,9,A:\A _ Working\Researching\B - AIoT Lab VN\VITOSA\another_test\Get_More\audio\jRU0twOCBeQ.wav,jRU0twOCBeQ_46.wav
3088.386,3096.19,7.804000000000087,0.8799508810043335,13,A:\A _ Working\Researching\B - AIoT Lab VN\VITOSA\another_test\Get_More\audio\ef_lApT7r54.wav,ef_lApT7r54_41.wav
75.906,83.806,7.8999999999999915,0.879906177520752,3,A:\A _ Working\Researching\B - AIoT Lab VN\VITOSA\another_test\Get_More\audio\_agW7zGT4nM.wav,_agW7zGT4nM_61.wav
3204.962,3212.766,7.804000000000087,0.8798892498016357,3,A:\A _ Working\Researching\B - AIoT Lab VN\VITOSA\another_test\Get_More\audio\S18XXLEo6uE.wav,S18XXLEo6uE_64.wav
3760.514,3770.078,9.56399999999985,0.8798694610595703,17,A:\A _ Working\Researching\B - AIoT Lab VN\VITOSA\another_test\Get_More\audio\5RbEHUr5ezA.wav,5RbEHUr5ezA_38.wav
2718.53,2730.622,12.091999999999643,0.8798534870147705,13,A:\A _ Working\Researching\B - AIoT Lab VN\VITOSA\another_test\Get_More\audio\5RbEHUr5ezA.wav,5RbEHUr5ezA_39.wav
1494.018,1500.478,6.460000000000036,0.8797980546951294,3,A:\A _ Working\Researching\B - AIoT Lab VN\VITOSA\another_test\Get_More\audio\5kfLCjQhB9E.wav,5kfLCjQhB9E_55.wav
633.218,641.566,8.34800000000007,0.8797967433929443,3,A:\A _ Working\Researching\B - AIoT Lab VN\VITOSA\another_test\Get_More\audio\5kfLCjQhB9E.wav,5kfLCjQhB9E_56.wav
1828.45,1835.198,6.748000000000047,0.8797056674957275,12,A:\A _ Working\Researching\B - AIoT Lab VN\VITOSA\another_test\Get_More\audio\ONBa0kwBjmQ.wav,ONBa0kwBjmQ_55.wav
1205.634,1211.39,5.7560000000000855,0.8796488046646118,17,A:\A _ Working\Researching\B - AIoT Lab VN\VITOSA\another_test\Get_More\audio\R6g946lCMPs.wav,R6g946lCMPs_81.wav
211.778,217.854,6.076000000000022,0.8796047568321228,6,A:\A _ Working\Researching\B - AIoT Lab VN\VITOSA\another_test\Get_More\audio\S18XXLEo6uE.wav,S18XXLEo6uE_65.wav
822.402,831.902,9.5,0.8795350790023804,13,A:\A _ Working\Researching\B - AIoT Lab VN\VITOSA\another_test\Get_More\audio\F0FDCeoa41k.wav,F0FDCeoa41k_40.wav
578.466,586.654,8.187999999999988,0.8795346021652222,16,A:\A _ Working\Researching\B - AIoT Lab VN\VITOSA\another_test\Get_More\audio\5RbEHUr5ezA.wav,5RbEHUr5ezA_40.wav
229.378,233.662,4.28400000000002,0.8794460892677307,13,A:\A _ Working\Researching\B - AIoT Lab VN\VITOSA\another_test\Get_More\audio\5PJoMB03vwI.wav,5PJoMB03vwI_42.wav
3595.01,3608.222,13.211999999999989,0.8794108629226685,6,A:\A _ Working\Researching\B - AIoT Lab VN\VITOSA\another_test\Get_More\audio\hrS5Tdh0VTU.wav,hrS5Tdh0VTU_52.wav
1817.73,1827.998,10.268000000000029,0.8793780207633972,7,A:\A _ Working\Researching\B - AIoT Lab VN\VITOSA\another_test\Get_More\audio\qXHma6XYctI.wav,qXHma6XYctI_65.wav
3565.954,3572.222,6.268000000000029,0.8793603777885437,9,A:\A _ Working\Researching\B - AIoT Lab VN\VITOSA\another_test\Get_More\audio\ONBa0kwBjmQ.wav,ONBa0kwBjmQ_56.wav
595.234,605.47,10.23599999999999,0.8793542385101318,17,A:\A _ Working\Researching\B - AIoT Lab VN\VITOSA\another_test\Get_More\audio\qXHma6XYctI.wav,qXHma6XYctI_66.wav
299.65,308.254,8.604000000000042,0.87934410572052,13,A:\A _ Working\Researching\B - AIoT Lab VN\VITOSA\another_test\Get_More\audio\kr0ypY0jAJI.wav,kr0ypY0jAJI_27.wav
3379.33,3384.062,4.731999999999971,0.8793355226516724,9,A:\A _ Working\Researching\B - AIoT Lab VN\VITOSA\another_test\Get_More\audio\F0FDCeoa41k.wav,F0FDCeoa41k_41.wav
149.57,159.742,10.171999999999997,0.8792718052864075,6,A:\A _ Working\Researching\B - AIoT Lab VN\VITOSA\another_test\Get_More\audio\hrS5Tdh0VTU.wav,hrS5Tdh0VTU_53.wav
5132.194,5134.046,1.8519999999998618,0.8792487978935242,19,A:\A _ Working\Researching\B - AIoT Lab VN\VITOSA\another_test\Get_More\audio\qXHma6XYctI.wav,qXHma6XYctI_67.wav
1461.57,1468.99,7.420000000000073,0.8791734576225281,17,A:\A _ Working\Researching\B - AIoT Lab VN\VITOSA\another_test\Get_More\audio\R6g946lCMPs.wav,R6g946lCMPs_82.wav
4735.298,4746.814,11.516000000000531,0.8791729211807251,13,A:\A _ Working\Researching\B - AIoT Lab VN\VITOSA\another_test\Get_More\audio\qXHma6XYctI.wav,qXHma6XYctI_68.wav
3479.01,3489.022,10.011999999999716,0.87913578748703,17,A:\A _ Working\Researching\B - AIoT Lab VN\VITOSA\another_test\Get_More\audio\ZL8rrh9cEQk.wav,ZL8rrh9cEQk_84.wav
3888.514,3898.046,9.531999999999698,0.8790386915206909,3,A:\A _ Working\Researching\B - AIoT Lab VN\VITOSA\another_test\Get_More\audio\ZL8rrh9cEQk.wav,ZL8rrh9cEQk_85.wav
508.066,516.67,8.603999999999985,0.8790154457092285,17,A:\A _ Working\Researching\B - AIoT Lab VN\VITOSA\another_test\Get_More\audio\5RbEHUr5ezA.wav,5RbEHUr5ezA_41.wav
1424.418,1434.59,10.172000000000025,0.8789452314376831,13,A:\A _ Working\Researching\B - AIoT Lab VN\VITOSA\another_test\Get_More\audio\qXHma6XYctI.wav,qXHma6XYctI_69.wav
955.234,966.206,10.97199999999998,0.8789312839508057,19,A:\A _ Working\Researching\B - AIoT Lab VN\VITOSA\another_test\Get_More\audio\R6g946lCMPs.wav,R6g946lCMPs_83.wav
464.386,470.878,6.491999999999962,0.8789021372795105,10,A:\A _ Working\Researching\B - AIoT Lab VN\VITOSA\another_test\Get_More\audio\w_Fr7m0rntQ.wav,w_Fr7m0rntQ_40.wav
2929.89,2936.83,6.940000000000055,0.8788673281669617,3,A:\A _ Working\Researching\B - AIoT Lab VN\VITOSA\another_test\Get_More\audio\9D00xkJM2ww.wav,9D00xkJM2ww_46.wav
2191.746,2202.078,10.33199999999988,0.8788275718688965,13,A:\A _ Working\Researching\B - AIoT Lab VN\VITOSA\another_test\Get_More\audio\kr0ypY0jAJI.wav,kr0ypY0jAJI_28.wav
2696.002,2705.406,9.403999999999996,0.8788259029388428,13,A:\A _ Working\Researching\B - AIoT Lab VN\VITOSA\another_test\Get_More\audio\F0FDCeoa41k.wav,F0FDCeoa41k_42.wav
122.37,130.366,7.996000000000009,0.8788079023361206,13,A:\A _ Working\Researching\B - AIoT Lab VN\VITOSA\another_test\Get_More\audio\w_Fr7m0rntQ.wav,w_Fr7m0rntQ_41.wav
81.794,93.598,11.804000000000002,0.8787106275558472,13,A:\A _ Working\Researching\B - AIoT Lab VN\VITOSA\another_test\Get_More\audio\ef_lApT7r54.wav,ef_lApT7r54_42.wav
303.426,308.638,5.211999999999989,0.8786728382110596,13,A:\A _ Working\Researching\B - AIoT Lab VN\VITOSA\another_test\Get_More\audio\5kfLCjQhB9E.wav,5kfLCjQhB9E_57.wav
179.298,191.678,12.379999999999995,0.8786687254905701,16,A:\A _ Working\Researching\B - AIoT Lab VN\VITOSA\another_test\Get_More\audio\ONBa0kwBjmQ.wav,ONBa0kwBjmQ_57.wav
2957.25,2961.438,4.188000000000102,0.8786162734031677,9,A:\A _ Working\Researching\B - AIoT Lab VN\VITOSA\another_test\Get_More\audio\jRU0twOCBeQ.wav,jRU0twOCBeQ_47.wav
3432.29,3446.206,13.916000000000167,0.8786094188690186,17,A:\A _ Working\Researching\B - AIoT Lab VN\VITOSA\another_test\Get_More\audio\w_Fr7m0rntQ.wav,w_Fr7m0rntQ_42.wav
725.154,736.254,11.100000000000023,0.8785846829414368,2,A:\A _ Working\Researching\B - AIoT Lab VN\VITOSA\another_test\Get_More\audio\eUFVxaNfhzA.wav,eUFVxaNfhzA_55.wav
3101.058,3113.022,11.963999999999942,0.8785780668258667,10,A:\A _ Working\Researching\B - AIoT Lab VN\VITOSA\another_test\Get_More\audio\R6g946lCMPs.wav,R6g946lCMPs_84.wav
2896.194,2902.302,6.108000000000175,0.8785780668258667,9,A:\A _ Working\Researching\B - AIoT Lab VN\VITOSA\another_test\Get_More\audio\jRU0twOCBeQ.wav,jRU0twOCBeQ_48.wav
2938.05,2949.758,11.707999999999629,0.8785596489906311,13,A:\A _ Working\Researching\B - AIoT Lab VN\VITOSA\another_test\Get_More\audio\hrS5Tdh0VTU.wav,hrS5Tdh0VTU_54.wav
638.978,651.454,12.475999999999999,0.8785174489021301,7,A:\A _ Working\Researching\B - AIoT Lab VN\VITOSA\another_test\Get_More\audio\5RbEHUr5ezA.wav,5RbEHUr5ezA_42.wav
3040.962,3045.662,4.699999999999818,0.8785024285316467,3,A:\A _ Working\Researching\B - AIoT Lab VN\VITOSA\another_test\Get_More\audio\eUFVxaNfhzA.wav,eUFVxaNfhzA_56.wav
400.322,404.926,4.603999999999985,0.8784980177879333,3,A:\A _ Working\Researching\B - AIoT Lab VN\VITOSA\another_test\Get_More\audio\w_Fr7m0rntQ.wav,w_Fr7m0rntQ_43.wav
314.594,323.678,9.084000000000003,0.8784957528114319,13,A:\A _ Working\Researching\B - AIoT Lab VN\VITOSA\another_test\Get_More\audio\_agW7zGT4nM.wav,_agW7zGT4nM_62.wav
3062.786,3068.606,5.820000000000164,0.8784719705581665,3,A:\A _ Working\Researching\B - AIoT Lab VN\VITOSA\another_test\Get_More\audio\ONBa0kwBjmQ.wav,ONBa0kwBjmQ_58.wav
3528.29,3532.542,4.251999999999953,0.8784353733062744,9,A:\A _ Working\Researching\B - AIoT Lab VN\VITOSA\another_test\Get_More\audio\F0FDCeoa41k.wav,F0FDCeoa41k_43.wav
3918.498,3928.798,10.299999999999727,0.8784265518188477,12,A:\A _ Working\Researching\B - AIoT Lab VN\VITOSA\another_test\Get_More\audio\ZL8rrh9cEQk.wav,ZL8rrh9cEQk_86.wav
285.442,292.19,6.7479999999999905,0.8783977031707764,12,A:\A _ Working\Researching\B - AIoT Lab VN\VITOSA\another_test\Get_More\audio\w_Fr7m0rntQ.wav,w_Fr7m0rntQ_44.wav
3253.058,3263.07,10.012000000000171,0.8783766627311707,13,A:\A _ Working\Researching\B - AIoT Lab VN\VITOSA\another_test\Get_More\audio\7kB_BvGGN6s.wav,7kB_BvGGN6s_53.wav
590.562,603.966,13.403999999999996,0.8783734440803528,17,A:\A _ Working\Researching\B - AIoT Lab VN\VITOSA\another_test\Get_More\audio\S18XXLEo6uE.wav,S18XXLEo6uE_66.wav
777.57,789.086,11.515999999999963,0.8783711194992065,13,A:\A _ Working\Researching\B - AIoT Lab VN\VITOSA\another_test\Get_More\audio\9D00xkJM2ww.wav,9D00xkJM2ww_47.wav
400.706,404.926,4.21999999999997,0.8782570362091064,3,A:\A _ Working\Researching\B - AIoT Lab VN\VITOSA\another_test\Get_More\audio\hrS5Tdh0VTU.wav,hrS5Tdh0VTU_55.wav
3195.65,3200.798,5.1479999999996835,0.8782538175582886,15,A:\A _ Working\Researching\B - AIoT Lab VN\VITOSA\another_test\Get_More\audio\eUFVxaNfhzA.wav,eUFVxaNfhzA_57.wav
3215.266,3226.142,10.875999999999749,0.8781969547271729,9,A:\A _ Working\Researching\B - AIoT Lab VN\VITOSA\another_test\Get_More\audio\hrS5Tdh0VTU.wav,hrS5Tdh0VTU_56.wav
10.178,21.662,11.483999999999998,0.8781023025512695,13,A:\A _ Working\Researching\B - AIoT Lab VN\VITOSA\another_test\Get_More\audio\RlOmT9AueBw.wav,RlOmT9AueBw_40.wav
2391.874,2401.662,9.788000000000011,0.8780158162117004,13,A:\A _ Working\Researching\B - AIoT Lab VN\VITOSA\another_test\Get_More\audio\ef_lApT7r54.wav,ef_lApT7r54_43.wav
453.378,461.15,7.771999999999991,0.8779424428939819,8,A:\A _ Working\Researching\B - AIoT Lab VN\VITOSA\another_test\Get_More\audio\fMfos_YBT0o.wav,fMfos_YBT0o_34.wav
36.226,45.246,9.020000000000003,0.8779237866401672,3,A:\A _ Working\Researching\B - AIoT Lab VN\VITOSA\another_test\Get_More\audio\hrS5Tdh0VTU.wav,hrS5Tdh0VTU_57.wav
2437.506,2444.67,7.164000000000215,0.8777475357055664,16,A:\A _ Working\Researching\B - AIoT Lab VN\VITOSA\another_test\Get_More\audio\eUFVxaNfhzA.wav,eUFVxaNfhzA_58.wav
428.322,440.606,12.283999999999992,0.8777274489402771,13,A:\A _ Working\Researching\B - AIoT Lab VN\VITOSA\another_test\Get_More\audio\kr0ypY0jAJI.wav,kr0ypY0jAJI_29.wav
1032.258,1045.022,12.763999999999896,0.8777052164077759,13,A:\A _ Working\Researching\B - AIoT Lab VN\VITOSA\another_test\Get_More\audio\eUFVxaNfhzA.wav,eUFVxaNfhzA_59.wav
2890.498,2897.758,7.2599999999997635,0.8776984214782715,13,A:\A _ Working\Researching\B - AIoT Lab VN\VITOSA\another_test\Get_More\audio\Xs286Xdd4Nc.wav,Xs286Xdd4Nc_48.wav
1876.482,1885.982,9.5,0.8776892423629761,13,A:\A _ Working\Researching\B - AIoT Lab VN\VITOSA\another_test\Get_More\audio\5RbEHUr5ezA.wav,5RbEHUr5ezA_43.wav
2507.874,2511.902,4.028000000000247,0.8776748180389404,9,A:\A _ Working\Researching\B - AIoT Lab VN\VITOSA\another_test\Get_More\audio\eUFVxaNfhzA.wav,eUFVxaNfhzA_60.wav
1798.05,1807.07,9.019999999999982,0.8776578307151794,13,A:\A _ Working\Researching\B - AIoT Lab VN\VITOSA\another_test\Get_More\audio\ONBa0kwBjmQ.wav,ONBa0kwBjmQ_59.wav
1487.618,1499.486,11.868000000000166,0.8776153326034546,13,A:\A _ Working\Researching\B - AIoT Lab VN\VITOSA\another_test\Get_More\audio\R6g946lCMPs.wav,R6g946lCMPs_85.wav
173.666,181.566,7.900000000000006,0.8775798082351685,3,A:\A _ Working\Researching\B - AIoT Lab VN\VITOSA\another_test\Get_More\audio\RlOmT9AueBw.wav,RlOmT9AueBw_41.wav
1817.282,1823.614,6.332000000000107,0.8775473833084106,13,A:\A _ Working\Researching\B - AIoT Lab VN\VITOSA\another_test\Get_More\audio\_agW7zGT4nM.wav,_agW7zGT4nM_63.wav
395.97,407.55,11.579999999999984,0.8775069713592529,3,A:\A _ Working\Researching\B - AIoT Lab VN\VITOSA\another_test\Get_More\audio\RlOmT9AueBw.wav,RlOmT9AueBw_42.wav
1734.338,1740.702,6.364000000000033,0.8775065541267395,3,A:\A _ Working\Researching\B - AIoT Lab VN\VITOSA\another_test\Get_More\audio\qXHma6XYctI.wav,qXHma6XYctI_70.wav
1855.874,1866.526,10.652000000000044,0.8774847984313965,13,A:\A _ Working\Researching\B - AIoT Lab VN\VITOSA\another_test\Get_More\audio\w_Fr7m0rntQ.wav,w_Fr7m0rntQ_45.wav
4005.73,4012.126,6.3960000000001855,0.877407431602478,6,A:\A _ Working\Researching\B - AIoT Lab VN\VITOSA\another_test\Get_More\audio\5kfLCjQhB9E.wav,5kfLCjQhB9E_58.wav
129.314,137.566,8.25200000000001,0.8773830533027649,13,A:\A _ Working\Researching\B - AIoT Lab VN\VITOSA\another_test\Get_More\audio\RlOmT9AueBw.wav,RlOmT9AueBw_43.wav
865.794,879.774,13.980000000000018,0.8773648142814636,13,A:\A _ Working\Researching\B - AIoT Lab VN\VITOSA\another_test\Get_More\audio\Xs286Xdd4Nc.wav,Xs286Xdd4Nc_49.wav
1775.266,1786.622,11.355999999999995,0.8773640394210815,13,A:\A _ Working\Researching\B - AIoT Lab VN\VITOSA\another_test\Get_More\audio\y-6gIUvZ6f4.wav,y-6gIUvZ6f4_41.wav
3066.946,3077.022,10.076000000000022,0.8773194551467896,13,A:\A _ Working\Researching\B - AIoT Lab VN\VITOSA\another_test\Get_More\audio\ZL8rrh9cEQk.wav,ZL8rrh9cEQk_87.wav
1053.826,1064.286,10.460000000000036,0.8773055672645569,13,A:\A _ Working\Researching\B - AIoT Lab VN\VITOSA\another_test\Get_More\audio\_agW7zGT4nM.wav,_agW7zGT4nM_64.wav
3477.378,3487.262,9.884000000000015,0.8773046731948853,3,A:\A _ Working\Researching\B - AIoT Lab VN\VITOSA\another_test\Get_More\audio\RlOmT9AueBw.wav,RlOmT9AueBw_44.wav
218.946,227.134,8.187999999999988,0.877156674861908,13,A:\A _ Working\Researching\B - AIoT Lab VN\VITOSA\another_test\Get_More\audio\jRU0twOCBeQ.wav,jRU0twOCBeQ_49.wav
2473.634,2476.99,3.355999999999767,0.8771367073059082,0,A:\A _ Working\Researching\B - AIoT Lab VN\VITOSA\another_test\Get_More\audio\7kB_BvGGN6s.wav,7kB_BvGGN6s_54.wav
2381.314,2389.95,8.635999999999967,0.8770709037780762,13,A:\A _ Working\Researching\B - AIoT Lab VN\VITOSA\another_test\Get_More\audio\y-6gIUvZ6f4.wav,y-6gIUvZ6f4_42.wav
1830.946,1843.166,12.220000000000027,0.876873254776001,9,A:\A _ Working\Researching\B - AIoT Lab VN\VITOSA\another_test\Get_More\audio\5PJoMB03vwI.wav,5PJoMB03vwI_43.wav
201.762,209.566,7.804000000000002,0.8768284916877747,17,A:\A _ Working\Researching\B - AIoT Lab VN\VITOSA\another_test\Get_More\audio\w_Fr7m0rntQ.wav,w_Fr7m0rntQ_46.wav
736.578,746.11,9.532000000000039,0.876819372177124,6,A:\A _ Working\Researching\B - AIoT Lab VN\VITOSA\another_test\Get_More\audio\5RbEHUr5ezA.wav,5RbEHUr5ezA_44.wav
130.114,141.342,11.228000000000009,0.8767839074134827,9,A:\A _ Working\Researching\B - AIoT Lab VN\VITOSA\another_test\Get_More\audio\_agW7zGT4nM.wav,_agW7zGT4nM_65.wav
2701.346,2711.166,9.820000000000164,0.8767145872116089,13,A:\A _ Working\Researching\B - AIoT Lab VN\VITOSA\another_test\Get_More\audio\5RbEHUr5ezA.wav,5RbEHUr5ezA_45.wav
411.682,419.422,7.740000000000009,0.8766981363296509,9,A:\A _ Working\Researching\B - AIoT Lab VN\VITOSA\another_test\Get_More\audio\5kfLCjQhB9E.wav,5kfLCjQhB9E_59.wav
1091.426,1100.414,8.988000000000056,0.8766883015632629,10,A:\A _ Working\Researching\B - AIoT Lab VN\VITOSA\another_test\Get_More\audio\9D00xkJM2ww.wav,9D00xkJM2ww_48.wav
751.618,763.102,11.483999999999924,0.876606822013855,11,A:\A _ Working\Researching\B - AIoT Lab VN\VITOSA\another_test\Get_More\audio\7kB_BvGGN6s.wav,7kB_BvGGN6s_55.wav
3731.202,3739.134,7.931999999999789,0.8765997886657715,13,A:\A _ Working\Researching\B - AIoT Lab VN\VITOSA\another_test\Get_More\audio\R6g946lCMPs.wav,R6g946lCMPs_86.wav
2402.242,2409.438,7.195999999999913,0.8765980005264282,13,A:\A _ Working\Researching\B - AIoT Lab VN\VITOSA\another_test\Get_More\audio\y-6gIUvZ6f4.wav,y-6gIUvZ6f4_43.wav
3497.762,3507.326,9.56399999999985,0.8765900731086731,3,A:\A _ Working\Researching\B - AIoT Lab VN\VITOSA\another_test\Get_More\audio\S18XXLEo6uE.wav,S18XXLEo6uE_67.wav
129.314,140.926,11.611999999999995,0.8765864372253418,13,A:\A _ Working\Researching\B - AIoT Lab VN\VITOSA\another_test\Get_More\audio\ef_lApT7r54.wav,ef_lApT7r54_44.wav
1213.826,1224.894,11.067999999999984,0.8765796422958374,13,A:\A _ Working\Researching\B - AIoT Lab VN\VITOSA\another_test\Get_More\audio\5PJoMB03vwI.wav,5PJoMB03vwI_44.wav
2959.202,2972.574,13.371999999999844,0.8765794038772583,17,A:\A _ Working\Researching\B - AIoT Lab VN\VITOSA\another_test\Get_More\audio\w_Fr7m0rntQ.wav,w_Fr7m0rntQ_47.wav
4635.202,4645.822,10.61999999999989,0.8765148520469666,13,A:\A _ Working\Researching\B - AIoT Lab VN\VITOSA\another_test\Get_More\audio\qXHma6XYctI.wav,qXHma6XYctI_71.wav
1444.034,1447.87,3.8359999999997854,0.8764865398406982,6,A:\A _ Working\Researching\B - AIoT Lab VN\VITOSA\another_test\Get_More\audio\5kfLCjQhB9E.wav,5kfLCjQhB9E_60.wav
4120.162,4128.702,8.539999999999964,0.8764670491218567,17,A:\A _ Working\Researching\B - AIoT Lab VN\VITOSA\another_test\Get_More\audio\ZL8rrh9cEQk.wav,ZL8rrh9cEQk_88.wav
1028.738,1036.798,8.059999999999945,0.8764234185218811,19,A:\A _ Working\Researching\B - AIoT Lab VN\VITOSA\another_test\Get_More\audio\R6g946lCMPs.wav,R6g946lCMPs_87.wav
381.026,392.638,11.611999999999966,0.8763569593429565,1,A:\A _ Working\Researching\B - AIoT Lab VN\VITOSA\another_test\Get_More\audio\5RbEHUr5ezA.wav,5RbEHUr5ezA_46.wav
756.93,764.926,7.996000000000095,0.8763285875320435,13,A:\A _ Working\Researching\B - AIoT Lab VN\VITOSA\another_test\Get_More\audio\9D00xkJM2ww.wav,9D00xkJM2ww_49.wav
21.602,31.742,10.14,0.8763276934623718,13,A:\A _ Working\Researching\B - AIoT Lab VN\VITOSA\another_test\Get_More\audio\Xs286Xdd4Nc.wav,Xs286Xdd4Nc_50.wav
2031.362,2039.07,7.707999999999856,0.8762743473052979,13,A:\A _ Working\Researching\B - AIoT Lab VN\VITOSA\another_test\Get_More\audio\w_Fr7m0rntQ.wav,w_Fr7m0rntQ_48.wav
3627.49,3641.47,13.980000000000018,0.8762351274490356,2,A:\A _ Working\Researching\B - AIoT Lab VN\VITOSA\another_test\Get_More\audio\RlOmT9AueBw.wav,RlOmT9AueBw_45.wav
4914.306,4921.982,7.676000000000386,0.8762349486351013,13,A:\A _ Working\Researching\B - AIoT Lab VN\VITOSA\another_test\Get_More\audio\qXHma6XYctI.wav,qXHma6XYctI_72.wav
3683.298,3688.606,5.3080000000004475,0.8762301802635193,17,A:\A _ Working\Researching\B - AIoT Lab VN\VITOSA\another_test\Get_More\audio\5RbEHUr5ezA.wav,5RbEHUr5ezA_47.wav
158.722,164.446,5.7239999999999895,0.8761693239212036,7,A:\A _ Working\Researching\B - AIoT Lab VN\VITOSA\another_test\Get_More\audio\3bbPKJQL5Pc.wav,3bbPKJQL5Pc_4.wav
316.258,326.014,9.756000000000029,0.8761647939682007,17,A:\A _ Working\Researching\B - AIoT Lab VN\VITOSA\another_test\Get_More\audio\5PJoMB03vwI.wav,5PJoMB03vwI_45.wav
1820.898,1830.494,9.596000000000004,0.8761416077613831,13,A:\A _ Working\Researching\B - AIoT Lab VN\VITOSA\another_test\Get_More\audio\RlOmT9AueBw.wav,RlOmT9AueBw_46.wav
1999.266,2004.766,5.5,0.8761115074157715,3,A:\A _ Working\Researching\B - AIoT Lab VN\VITOSA\another_test\Get_More\audio\5PJoMB03vwI.wav,5PJoMB03vwI_46.wav
2541.57,2552.286,10.715999999999894,0.8761022090911865,13,A:\A _ Working\Researching\B - AIoT Lab VN\VITOSA\another_test\Get_More\audio\hrS5Tdh0VTU.wav,hrS5Tdh0VTU_58.wav
1890.562,1902.398,11.836000000000013,0.8760331869125366,11,A:\A _ Working\Researching\B - AIoT Lab VN\VITOSA\another_test\Get_More\audio\7kB_BvGGN6s.wav,7kB_BvGGN6s_56.wav
1677.314,1682.206,4.891999999999825,0.8760273456573486,13,A:\A _ Working\Researching\B - AIoT Lab VN\VITOSA\another_test\Get_More\audio\y-6gIUvZ6f4.wav,y-6gIUvZ6f4_44.wav
43.778,55.742,11.963999999999999,0.8760213851928711,3,A:\A _ Working\Researching\B - AIoT Lab VN\VITOSA\another_test\Get_More\audio\F0FDCeoa41k.wav,F0FDCeoa41k_44.wav
933.41,944.318,10.908000000000015,0.8760059475898743,13,A:\A _ Working\Researching\B - AIoT Lab VN\VITOSA\another_test\Get_More\audio\RlOmT9AueBw.wav,RlOmT9AueBw_47.wav
93.73,99.934,6.2039999999999935,0.8760011792182922,13,A:\A _ Working\Researching\B - AIoT Lab VN\VITOSA\another_test\Get_More\audio\F0FDCeoa41k.wav,F0FDCeoa41k_45.wav
2263.042,2272.894,9.851999999999862,0.8759760856628418,13,A:\A _ Working\Researching\B - AIoT Lab VN\VITOSA\another_test\Get_More\audio\5kfLCjQhB9E.wav,5kfLCjQhB9E_61.wav
126.818,131.998,5.179999999999993,0.8759596347808838,16,A:\A _ Working\Researching\B - AIoT Lab VN\VITOSA\another_test\Get_More\audio\kr0ypY0jAJI.wav,kr0ypY0jAJI_30.wav
1570.274,1579.454,9.180000000000064,0.8759492635726929,13,A:\A _ Working\Researching\B - AIoT Lab VN\VITOSA\another_test\Get_More\audio\R6g946lCMPs.wav,R6g946lCMPs_88.wav
3630.53,3639.006,8.475999999999658,0.8759434819221497,9,A:\A _ Working\Researching\B - AIoT Lab VN\VITOSA\another_test\Get_More\audio\_agW7zGT4nM.wav,_agW7zGT4nM_66.wav
3138.722,3150.43,11.707999999999629,0.8759273886680603,9,A:\A _ Working\Researching\B - AIoT Lab VN\VITOSA\another_test\Get_More\audio\jRU0twOCBeQ.wav,jRU0twOCBeQ_50.wav
3387.97,3395.39,7.420000000000073,0.8759253621101379,13,A:\A _ Working\Researching\B - AIoT Lab VN\VITOSA\another_test\Get_More\audio\7kB_BvGGN6s.wav,7kB_BvGGN6s_57.wav
3893.442,3903.774,10.33199999999988,0.8758993148803711,13,A:\A _ Working\Researching\B - AIoT Lab VN\VITOSA\another_test\Get_More\audio\5kfLCjQhB9E.wav,5kfLCjQhB9E_62.wav
456.77,462.558,5.788000000000011,0.8757445216178894,9,A:\A _ Working\Researching\B - AIoT Lab VN\VITOSA\another_test\Get_More\audio\S18XXLEo6uE.wav,S18XXLEo6uE_68.wav
247.298,256.062,8.76400000000001,0.8757335543632507,13,A:\A _ Working\Researching\B - AIoT Lab VN\VITOSA\another_test\Get_More\audio\qXHma6XYctI.wav,qXHma6XYctI_73.wav
3077.602,3087.998,10.396000000000186,0.8756849765777588,13,A:\A _ Working\Researching\B - AIoT Lab VN\VITOSA\another_test\Get_More\audio\9D00xkJM2ww.wav,9D00xkJM2ww_50.wav
28.386,39.71,11.324000000000002,0.8756706714630127,16,A:\A _ Working\Researching\B - AIoT Lab VN\VITOSA\another_test\Get_More\audio\ZL8rrh9cEQk.wav,ZL8rrh9cEQk_89.wav
1834.882,1842.174,7.291999999999916,0.8756610155105591,13,A:\A _ Working\Researching\B - AIoT Lab VN\VITOSA\another_test\Get_More\audio\eUFVxaNfhzA.wav,eUFVxaNfhzA_61.wav
2781.282,2791.326,10.043999999999869,0.8756495714187622,13,A:\A _ Working\Researching\B - AIoT Lab VN\VITOSA\another_test\Get_More\audio\ef_lApT7r54.wav,ef_lApT7r54_45.wav
484.098,494.11,10.012,0.8755912184715271,17,A:\A _ Working\Researching\B - AIoT Lab VN\VITOSA\another_test\Get_More\audio\3bbPKJQL5Pc.wav,3bbPKJQL5Pc_5.wav
3287.714,3299.774,12.059999999999945,0.8755815029144287,13,A:\A _ Working\Researching\B - AIoT Lab VN\VITOSA\another_test\Get_More\audio\9D00xkJM2ww.wav,9D00xkJM2ww_51.wav
3225.858,3230.526,4.667999999999665,0.8755389451980591,9,A:\A _ Working\Researching\B - AIoT Lab VN\VITOSA\another_test\Get_More\audio\9D00xkJM2ww.wav,9D00xkJM2ww_52.wav
899.266,912.382,13.115999999999985,0.8755142092704773,13,A:\A _ Working\Researching\B - AIoT Lab VN\VITOSA\another_test\Get_More\audio\y-6gIUvZ6f4.wav,y-6gIUvZ6f4_45.wav
2706.146,2713.854,7.707999999999629,0.8755029439926147,3,A:\A _ Working\Researching\B - AIoT Lab VN\VITOSA\another_test\Get_More\audio\S18XXLEo6uE.wav,S18XXLEo6uE_69.wav
84.354,87.838,3.4839999999999947,0.8755016326904297,8,A:\A _ Working\Researching\B - AIoT Lab VN\VITOSA\another_test\Get_More\audio\9D00xkJM2ww.wav,9D00xkJM2ww_53.wav
3508.322,3520.382,12.059999999999945,0.8754884004592896,13,A:\A _ Working\Researching\B - AIoT Lab VN\VITOSA\another_test\Get_More\audio\ZL8rrh9cEQk.wav,ZL8rrh9cEQk_90.wav
348.802,361.79,12.988,0.875470757484436,13,A:\A _ Working\Researching\B - AIoT Lab VN\VITOSA\another_test\Get_More\audio\qXHma6XYctI.wav,qXHma6XYctI_74.wav
1805.634,1810.814,5.180000000000064,0.875461220741272,11,A:\A _ Working\Researching\B - AIoT Lab VN\VITOSA\another_test\Get_More\audio\S18XXLEo6uE.wav,S18XXLEo6uE_70.wav
3841.282,3851.742,10.460000000000036,0.8754070997238159,13,A:\A _ Working\Researching\B - AIoT Lab VN\VITOSA\another_test\Get_More\audio\5kfLCjQhB9E.wav,5kfLCjQhB9E_63.wav
3011.426,3019.678,8.251999999999953,0.8753588795661926,15,A:\A _ Working\Researching\B - AIoT Lab VN\VITOSA\another_test\Get_More\audio\ZL8rrh9cEQk.wav,ZL8rrh9cEQk_91.wav
4963.394,4968.446,5.05199999999968,0.8753118515014648,13,A:\A _ Working\Researching\B - AIoT Lab VN\VITOSA\another_test\Get_More\audio\qXHma6XYctI.wav,qXHma6XYctI_75.wav
43.682,54.046,10.363999999999997,0.8753092885017395,19,A:\A _ Working\Researching\B - AIoT Lab VN\VITOSA\another_test\Get_More\audio\5RbEHUr5ezA.wav,5RbEHUr5ezA_48.wav
303.874,317.758,13.883999999999958,0.8753008842468262,13,A:\A _ Working\Researching\B - AIoT Lab VN\VITOSA\another_test\Get_More\audio\w_Fr7m0rntQ.wav,w_Fr7m0rntQ_49.wav
3140.418,3147.774,7.355999999999767,0.8752941489219666,18,A:\A _ Working\Researching\B - AIoT Lab VN\VITOSA\another_test\Get_More\audio\5kfLCjQhB9E.wav,5kfLCjQhB9E_64.wav
2547.81,2551.934,4.124000000000251,0.875275731086731,3,A:\A _ Working\Researching\B - AIoT Lab VN\VITOSA\another_test\Get_More\audio\y-6gIUvZ6f4.wav,y-6gIUvZ6f4_46.wav
2814.146,2821.726,7.579999999999927,0.8752188682556152,3,A:\A _ Working\Researching\B - AIoT Lab VN\VITOSA\another_test\Get_More\audio\F0FDCeoa41k.wav,F0FDCeoa41k_46.wav
1083.138,1089.95,6.8120000000001255,0.8752164840698242,13,A:\A _ Working\Researching\B - AIoT Lab VN\VITOSA\another_test\Get_More\audio\5PJoMB03vwI.wav,5PJoMB03vwI_47.wav
3466.786,3477.854,11.067999999999756,0.8751713633537292,13,A:\A _ Working\Researching\B - AIoT Lab VN\VITOSA\another_test\Get_More\audio\Xs286Xdd4Nc.wav,Xs286Xdd4Nc_51.wav
3009.026,3015.966,6.940000000000055,0.8751430511474609,13,A:\A _ Working\Researching\B - AIoT Lab VN\VITOSA\another_test\Get_More\audio\Xs286Xdd4Nc.wav,Xs286Xdd4Nc_52.wav
1933.442,1945.31,11.867999999999938,0.8751142621040344,16,A:\A _ Working\Researching\B - AIoT Lab VN\VITOSA\another_test\Get_More\audio\7kB_BvGGN6s.wav,7kB_BvGGN6s_58.wav
2881.634,2889.982,8.347999999999956,0.8750618696212769,9,A:\A _ Working\Researching\B - AIoT Lab VN\VITOSA\another_test\Get_More\audio\jRU0twOCBeQ.wav,jRU0twOCBeQ_51.wav
373.57,382.654,9.084000000000003,0.875024139881134,9,A:\A _ Working\Researching\B - AIoT Lab VN\VITOSA\another_test\Get_More\audio\5kfLCjQhB9E.wav,5kfLCjQhB9E_65.wav
981.986,990.366,8.379999999999995,0.8748860955238342,13,A:\A _ Working\Researching\B - AIoT Lab VN\VITOSA\another_test\Get_More\audio\ef_lApT7r54.wav,ef_lApT7r54_46.wav
1395.394,1406.302,10.907999999999902,0.8748791217803955,13,A:\A _ Working\Researching\B - AIoT Lab VN\VITOSA\another_test\Get_More\audio\R6g946lCMPs.wav,R6g946lCMPs_89.wav
239.778,252.894,13.116000000000014,0.8748130202293396,13,A:\A _ Working\Researching\B - AIoT Lab VN\VITOSA\another_test\Get_More\audio\5kfLCjQhB9E.wav,5kfLCjQhB9E_66.wav
644.386,656.862,12.475999999999999,0.8747073411941528,15,A:\A _ Working\Researching\B - AIoT Lab VN\VITOSA\another_test\Get_More\audio\R6g946lCMPs.wav,R6g946lCMPs_90.wav
4381.442,4391.198,9.756000000000313,0.8746457099914551,13,A:\A _ Working\Researching\B - AIoT Lab VN\VITOSA\another_test\Get_More\audio\R6g946lCMPs.wav,R6g946lCMPs_91.wav
50.498,56.478,5.980000000000004,0.8746198415756226,13,A:\A _ Working\Researching\B - AIoT Lab VN\VITOSA\another_test\Get_More\audio\5PJoMB03vwI.wav,5PJoMB03vwI_48.wav
3538.818,3542.142,3.3239999999996144,0.8746196031570435,9,A:\A _ Working\Researching\B - AIoT Lab VN\VITOSA\another_test\Get_More\audio\w_Fr7m0rntQ.wav,w_Fr7m0rntQ_50.wav
2530.37,2538.718,8.347999999999956,0.8745670914649963,13,A:\A _ Working\Researching\B - AIoT Lab VN\VITOSA\another_test\Get_More\audio\y-6gIUvZ6f4.wav,y-6gIUvZ6f4_47.wav
244.482,251.71,7.228000000000009,0.8745483160018921,13,A:\A _ Working\Researching\B - AIoT Lab VN\VITOSA\another_test\Get_More\audio\5PJoMB03vwI.wav,5PJoMB03vwI_49.wav
342.754,353.726,10.97199999999998,0.8745143413543701,17,A:\A _ Working\Researching\B - AIoT Lab VN\VITOSA\another_test\Get_More\audio\Xs286Xdd4Nc.wav,Xs286Xdd4Nc_53.wav
1840.034,1848.574,8.539999999999964,0.874484121799469,13,A:\A _ Working\Researching\B - AIoT Lab VN\VITOSA\another_test\Get_More\audio\RlOmT9AueBw.wav,RlOmT9AueBw_48.wav
4488.514,4499.998,11.483999999999469,0.8744576573371887,7,A:\A _ Working\Researching\B - AIoT Lab VN\VITOSA\another_test\Get_More\audio\qXHma6XYctI.wav,qXHma6XYctI_76.wav
988.194,994.494,6.300000000000068,0.8744369745254517,3,A:\A _ Working\Researching\B - AIoT Lab VN\VITOSA\another_test\Get_More\audio\7kB_BvGGN6s.wav,7kB_BvGGN6s_59.wav
1558.53,1563.87,5.339999999999918,0.8742693662643433,6,A:\A _ Working\Researching\B - AIoT Lab VN\VITOSA\another_test\Get_More\audio\5kfLCjQhB9E.wav,5kfLCjQhB9E_67.wav
243.746,247.454,3.7079999999999984,0.8742577433586121,9,A:\A _ Working\Researching\B - AIoT Lab VN\VITOSA\another_test\Get_More\audio\ef_lApT7r54.wav,ef_lApT7r54_47.wav
1843.874,1848.478,4.604000000000042,0.8741211891174316,3,A:\A _ Working\Researching\B - AIoT Lab VN\VITOSA\another_test\Get_More\audio\w_Fr7m0rntQ.wav,w_Fr7m0rntQ_51.wav
501.698,511.678,9.980000000000018,0.8741163015365601,17,A:\A _ Working\Researching\B - AIoT Lab VN\VITOSA\another_test\Get_More\audio\R6g946lCMPs.wav,R6g946lCMPs_92.wav
4719.33,4727.998,8.667999999999665,0.8740479350090027,13,A:\A _ Working\Researching\B - AIoT Lab VN\VITOSA\another_test\Get_More\audio\qXHma6XYctI.wav,qXHma6XYctI_77.wav
2888.674,2897.534,8.860000000000127,0.8740198612213135,13,A:\A _ Working\Researching\B - AIoT Lab VN\VITOSA\another_test\Get_More\audio\5PJoMB03vwI.wav,5PJoMB03vwI_50.wav
998.242,1004.286,6.043999999999983,0.8740155696868896,13,A:\A _ Working\Researching\B - AIoT Lab VN\VITOSA\another_test\Get_More\audio\F0FDCeoa41k.wav,F0FDCeoa41k_47.wav
3098.754,3107.23,8.476000000000113,0.8739981651306152,10,A:\A _ Working\Researching\B - AIoT Lab VN\VITOSA\another_test\Get_More\audio\eUFVxaNfhzA.wav,eUFVxaNfhzA_62.wav
3616.194,3622.398,6.204000000000178,0.8739950656890869,9,A:\A _ Working\Researching\B - AIoT Lab VN\VITOSA\another_test\Get_More\audio\hrS5Tdh0VTU.wav,hrS5Tdh0VTU_59.wav
887.97,895.582,7.611999999999966,0.8739879131317139,3,A:\A _ Working\Researching\B - AIoT Lab VN\VITOSA\another_test\Get_More\audio\qXHma6XYctI.wav,qXHma6XYctI_78.wav
1754.306,1764.798,10.491999999999962,0.8739849328994751,13,A:\A _ Working\Researching\B - AIoT Lab VN\VITOSA\another_test\Get_More\audio\jRU0twOCBeQ.wav,jRU0twOCBeQ_52.wav
61.634,68.638,7.004000000000005,0.8739431500434875,13,A:\A _ Working\Researching\B - AIoT Lab VN\VITOSA\another_test\Get_More\audio\y-6gIUvZ6f4.wav,y-6gIUvZ6f4_48.wav
72.898,79.486,6.588000000000008,0.8739383816719055,13,A:\A _ Working\Researching\B - AIoT Lab VN\VITOSA\another_test\Get_More\audio\RlOmT9AueBw.wav,RlOmT9AueBw_49.wav
3003.65,3009.31,5.6599999999998545,0.8738853931427002,17,A:\A _ Working\Researching\B - AIoT Lab VN\VITOSA\another_test\Get_More\audio\y-6gIUvZ6f4.wav,y-6gIUvZ6f4_49.wav
179.202,186.622,7.420000000000016,0.8737629055976868,13,A:\A _ Working\Researching\B - AIoT Lab VN\VITOSA\another_test\Get_More\audio\hrS5Tdh0VTU.wav,hrS5Tdh0VTU_60.wav
1032.034,1037.054,5.019999999999982,0.8737508058547974,15,A:\A _ Working\Researching\B - AIoT Lab VN\VITOSA\another_test\Get_More\audio\hrS5Tdh0VTU.wav,hrS5Tdh0VTU_61.wav
2467.682,2477.918,10.236000000000331,0.8736624717712402,9,A:\A _ Working\Researching\B - AIoT Lab VN\VITOSA\another_test\Get_More\audio\5kfLCjQhB9E.wav,5kfLCjQhB9E_68.wav
1242.21,1250.846,8.635999999999967,0.8736534118652344,13,A:\A _ Working\Researching\B - AIoT Lab VN\VITOSA\another_test\Get_More\audio\7kB_BvGGN6s.wav,7kB_BvGGN6s_60.wav
713.794,718.75,4.956000000000017,0.8736372590065002,17,A:\A _ Working\Researching\B - AIoT Lab VN\VITOSA\another_test\Get_More\audio\7kB_BvGGN6s.wav,7kB_BvGGN6s_61.wav
1345.89,1356.702,10.811999999999898,0.8736318349838257,13,A:\A _ Working\Researching\B - AIoT Lab VN\VITOSA\another_test\Get_More\audio\5kfLCjQhB9E.wav,5kfLCjQhB9E_69.wav
2038.274,2051.838,13.564000000000306,0.8734818696975708,17,A:\A _ Working\Researching\B - AIoT Lab VN\VITOSA\another_test\Get_More\audio\9D00xkJM2ww.wav,9D00xkJM2ww_54.wav
97.89,109.95,12.060000000000002,0.8734690546989441,17,A:\A _ Working\Researching\B - AIoT Lab VN\VITOSA\another_test\Get_More\audio\qXHma6XYctI.wav,qXHma6XYctI_79.wav
5269.474,5276.03,6.555999999999585,0.873467206954956,13,A:\A _ Working\Researching\B - AIoT Lab VN\VITOSA\another_test\Get_More\audio\qXHma6XYctI.wav,qXHma6XYctI_80.wav
3654.882,3666.91,12.027999999999793,0.8734579682350159,15,A:\A _ Working\Researching\B - AIoT Lab VN\VITOSA\another_test\Get_More\audio\F0FDCeoa41k.wav,F0FDCeoa41k_48.wav
3131.266,3140.574,9.307999999999993,0.873428463935852,13,A:\A _ Working\Researching\B - AIoT Lab VN\VITOSA\another_test\Get_More\audio\S18XXLEo6uE.wav,S18XXLEo6uE_71.wav
2563.298,2575.454,12.156000000000404,0.8733863830566406,13,A:\A _ Working\Researching\B - AIoT Lab VN\VITOSA\another_test\Get_More\audio\7kB_BvGGN6s.wav,7kB_BvGGN6s_62.wav
427.458,435.102,7.643999999999949,0.8733820915222168,3,A:\A _ Working\Researching\B - AIoT Lab VN\VITOSA\another_test\Get_More\audio\RlOmT9AueBw.wav,RlOmT9AueBw_50.wav
3049.346,3054.974,5.628000000000156,0.8733706474304199,13,A:\A _ Working\Researching\B - AIoT Lab VN\VITOSA\another_test\Get_More\audio\ONBa0kwBjmQ.wav,ONBa0kwBjmQ_60.wav
457.41,463.006,5.595999999999947,0.8733459115028381,17,A:\A _ Working\Researching\B - AIoT Lab VN\VITOSA\another_test\Get_More\audio\7kB_BvGGN6s.wav,7kB_BvGGN6s_63.wav
3458.37,3468.99,10.61999999999989,0.8732835054397583,9,A:\A _ Working\Researching\B - AIoT Lab VN\VITOSA\another_test\Get_More\audio\jRU0twOCBeQ.wav,jRU0twOCBeQ_53.wav
3866.882,3877.118,10.235999999999876,0.8732587695121765,13,A:\A _ Working\Researching\B - AIoT Lab VN\VITOSA\another_test\Get_More\audio\R6g946lCMPs.wav,R6g946lCMPs_93.wav
1040.066,1046.142,6.076000000000022,0.8730853796005249,15,A:\A _ Working\Researching\B - AIoT Lab VN\VITOSA\another_test\Get_More\audio\y-6gIUvZ6f4.wav,y-6gIUvZ6f4_50.wav
5021.122,5030.526,9.403999999999542,0.8730851411819458,13,A:\A _ Working\Researching\B - AIoT Lab VN\VITOSA\another_test\Get_More\audio\qXHma6XYctI.wav,qXHma6XYctI_81.wav
4164.45,4169.246,4.7960000000002765,0.8730775713920593,3,A:\A _ Working\Researching\B - AIoT Lab VN\VITOSA\another_test\Get_More\audio\qXHma6XYctI.wav,qXHma6XYctI_82.wav
969.026,979.166,10.1400000000001,0.8730146288871765,3,A:\A _ Working\Researching\B - AIoT Lab VN\VITOSA\another_test\Get_More\audio\qXHma6XYctI.wav,qXHma6XYctI_83.wav
3463.714,3470.654,6.940000000000055,0.8730130195617676,13,A:\A _ Working\Researching\B - AIoT Lab VN\VITOSA\another_test\Get_More\audio\RlOmT9AueBw.wav,RlOmT9AueBw_51.wav
3413.698,3421.278,7.579999999999927,0.8729668855667114,17,A:\A _ Working\Researching\B - AIoT Lab VN\VITOSA\another_test\Get_More\audio\y-6gIUvZ6f4.wav,y-6gIUvZ6f4_51.wav
327.618,333.502,5.8840000000000146,0.8727323412895203,7,A:\A _ Working\Researching\B - AIoT Lab VN\VITOSA\another_test\Get_More\audio\RlOmT9AueBw.wav,RlOmT9AueBw_52.wav
687.042,697.022,9.980000000000018,0.8727250099182129,13,A:\A _ Working\Researching\B - AIoT Lab VN\VITOSA\another_test\Get_More\audio\hRYWiO-zi5s.wav,hRYWiO-zi5s_4.wav
2506.946,2513.47,6.523999999999887,0.8727176189422607,9,A:\A _ Working\Researching\B - AIoT Lab VN\VITOSA\another_test\Get_More\audio\ONBa0kwBjmQ.wav,ONBa0kwBjmQ_61.wav
176.354,182.078,5.7239999999999895,0.8727036118507385,7,A:\A _ Working\Researching\B - AIoT Lab VN\VITOSA\another_test\Get_More\audio\R6g946lCMPs.wav,R6g946lCMPs_94.wav
3119.874,3126.846,6.972000000000207,0.8726748824119568,15,A:\A _ Working\Researching\B - AIoT Lab VN\VITOSA\another_test\Get_More\audio\RlOmT9AueBw.wav,RlOmT9AueBw_53.wav
2870.338,2879.838,9.5,0.8726742267608643,3,A:\A _ Working\Researching\B - AIoT Lab VN\VITOSA\another_test\Get_More\audio\w_Fr7m0rntQ.wav,w_Fr7m0rntQ_52.wav
16.45,25.502,9.052,0.8726062774658203,13,A:\A _ Working\Researching\B - AIoT Lab VN\VITOSA\another_test\Get_More\audio\jRU0twOCBeQ.wav,jRU0twOCBeQ_54.wav
24.93,30.526,5.596,0.8726022839546204,3,A:\A _ Working\Researching\B - AIoT Lab VN\VITOSA\another_test\Get_More\audio\hrS5Tdh0VTU.wav,hrS5Tdh0VTU_62.wav
2691.49,2698.814,7.324000000000069,0.8725794553756714,13,A:\A _ Working\Researching\B - AIoT Lab VN\VITOSA\another_test\Get_More\audio\qXHma6XYctI.wav,qXHma6XYctI_84.wav
70.978,81.182,10.204000000000008,0.8725000023841858,13,A:\A _ Working\Researching\B - AIoT Lab VN\VITOSA\another_test\Get_More\audio\w_Fr7m0rntQ.wav,w_Fr7m0rntQ_53.wav
3166.178,3170.75,4.572000000000116,0.8724179267883301,9,A:\A _ Working\Researching\B - AIoT Lab VN\VITOSA\another_test\Get_More\audio\9D00xkJM2ww.wav,9D00xkJM2ww_55.wav
2822.818,2827.55,4.731999999999971,0.8723989725112915,3,A:\A _ Working\Researching\B - AIoT Lab VN\VITOSA\another_test\Get_More\audio\qXHma6XYctI.wav,qXHma6XYctI_85.wav
519.714,527.774,8.059999999999945,0.8723350167274475,17,A:\A _ Working\Researching\B - AIoT Lab VN\VITOSA\another_test\Get_More\audio\fMfos_YBT0o.wav,fMfos_YBT0o_35.wav
2730.626,2742.078,11.45199999999977,0.8723258376121521,9,A:\A _ Working\Researching\B - AIoT Lab VN\VITOSA\another_test\Get_More\audio\jRU0twOCBeQ.wav,jRU0twOCBeQ_55.wav
723.618,736.958,13.339999999999918,0.8722824454307556,8,A:\A _ Working\Researching\B - AIoT Lab VN\VITOSA\another_test\Get_More\audio\qXHma6XYctI.wav,qXHma6XYctI_86.wav
3592.194,3597.47,5.27599999999984,0.8722274899482727,13,A:\A _ Working\Researching\B - AIoT Lab VN\VITOSA\another_test\Get_More\audio\RlOmT9AueBw.wav,RlOmT9AueBw_54.wav
1867.202,1880.35,13.14799999999991,0.8721868395805359,13,A:\A _ Working\Researching\B - AIoT Lab VN\VITOSA\another_test\Get_More\audio\7kB_BvGGN6s.wav,7kB_BvGGN6s_64.wav
2928.29,2934.366,6.076000000000022,0.8721404671669006,16,A:\A _ Working\Researching\B - AIoT Lab VN\VITOSA\another_test\Get_More\audio\7kB_BvGGN6s.wav,7kB_BvGGN6s_65.wav
3893.826,3903.518,9.692000000000007,0.8721088171005249,13,A:\A _ Working\Researching\B - AIoT Lab VN\VITOSA\another_test\Get_More\audio\R6g946lCMPs.wav,R6g946lCMPs_95.wav
3175.234,3180.958,5.72400000000016,0.8720976710319519,13,A:\A _ Working\Researching\B - AIoT Lab VN\VITOSA\another_test\Get_More\audio\hrS5Tdh0VTU.wav,hrS5Tdh0VTU_63.wav
2641.666,2653.214,11.547999999999774,0.8720714449882507,11,A:\A _ Working\Researching\B - AIoT Lab VN\VITOSA\another_test\Get_More\audio\5kfLCjQhB9E.wav,5kfLCjQhB9E_70.wav
2877.442,2885.982,8.539999999999964,0.8720427751541138,10,A:\A _ Working\Researching\B - AIoT Lab VN\VITOSA\another_test\Get_More\audio\kr0ypY0jAJI.wav,kr0ypY0jAJI_31.wav
3128.738,3136.35,7.61200000000008,0.8720088005065918,9,A:\A _ Working\Researching\B - AIoT Lab VN\VITOSA\another_test\Get_More\audio\9D00xkJM2ww.wav,9D00xkJM2ww_56.wav
3403.202,3409.63,6.427999999999884,0.8719986081123352,13,A:\A _ Working\Researching\B - AIoT Lab VN\VITOSA\another_test\Get_More\audio\ONBa0kwBjmQ.wav,ONBa0kwBjmQ_62.wav
1544.834,1552.894,8.059999999999945,0.8719780445098877,13,A:\A _ Working\Researching\B - AIoT Lab VN\VITOSA\another_test\Get_More\audio\7kB_BvGGN6s.wav,7kB_BvGGN6s_66.wav
99.17,106.974,7.804000000000002,0.8719722032546997,10,A:\A _ Working\Researching\B - AIoT Lab VN\VITOSA\another_test\Get_More\audio\ef_lApT7r54.wav,ef_lApT7r54_48.wav
5101.442,5106.366,4.923999999999978,0.8719362616539001,17,A:\A _ Working\Researching\B - AIoT Lab VN\VITOSA\another_test\Get_More\audio\qXHma6XYctI.wav,qXHma6XYctI_87.wav
3052.322,3060.478,8.155999999999949,0.871934175491333,13,A:\A _ Working\Researching\B - AIoT Lab VN\VITOSA\another_test\Get_More\audio\Xs286Xdd4Nc.wav,Xs286Xdd4Nc_54.wav
1966.658,1972.894,6.236000000000104,0.8718222975730896,1,A:\A _ Working\Researching\B - AIoT Lab VN\VITOSA\another_test\Get_More\audio\S18XXLEo6uE.wav,S18XXLEo6uE_72.wav
819.842,826.622,6.779999999999973,0.8718129992485046,16,A:\A _ Working\Researching\B - AIoT Lab VN\VITOSA\another_test\Get_More\audio\5RbEHUr5ezA.wav,5RbEHUr5ezA_49.wav
3668.93,3673.502,4.572000000000116,0.8718042373657227,9,A:\A _ Working\Researching\B - AIoT Lab VN\VITOSA\another_test\Get_More\audio\hrS5Tdh0VTU.wav,hrS5Tdh0VTU_64.wav
2915.938,2921.502,5.563999999999851,0.8718025088310242,13,A:\A _ Working\Researching\B - AIoT Lab VN\VITOSA\another_test\Get_More\audio\9D00xkJM2ww.wav,9D00xkJM2ww_57.wav
1983.362,1988.766,5.403999999999996,0.8717947006225586,17,A:\A _ Working\Researching\B - AIoT Lab VN\VITOSA\another_test\Get_More\audio\F0FDCeoa41k.wav,F0FDCeoa41k_49.wav
356.77,367.71,10.939999999999998,0.87176114320755,7,A:\A _ Working\Researching\B - AIoT Lab VN\VITOSA\another_test\Get_More\audio\5PJoMB03vwI.wav,5PJoMB03vwI_51.wav
877.154,890.238,13.08400000000006,0.8717365860939026,7,A:\A _ Working\Researching\B - AIoT Lab VN\VITOSA\another_test\Get_More\audio\fMfos_YBT0o.wav,fMfos_YBT0o_36.wav
3442.37,3449.022,6.652000000000044,0.8717328310012817,3,A:\A _ Working\Researching\B - AIoT Lab VN\VITOSA\another_test\Get_More\audio\5PJoMB03vwI.wav,5PJoMB03vwI_52.wav
3123.586,3132.414,8.82800000000043,0.8716704845428467,9,A:\A _ Working\Researching\B - AIoT Lab VN\VITOSA\another_test\Get_More\audio\ZL8rrh9cEQk.wav,ZL8rrh9cEQk_92.wav
623.17,629.374,6.204000000000065,0.8716053366661072,17,A:\A _ Working\Researching\B - AIoT Lab VN\VITOSA\another_test\Get_More\audio\qXHma6XYctI.wav,qXHma6XYctI_88.wav
3800.226,3811.294,11.067999999999756,0.8715754747390747,9,A:\A _ Working\Researching\B - AIoT Lab VN\VITOSA\another_test\Get_More\audio\ZL8rrh9cEQk.wav,ZL8rrh9cEQk_93.wav
37.474,45.502,8.028000000000006,0.8715618848800659,9,A:\A _ Working\Researching\B - AIoT Lab VN\VITOSA\another_test\Get_More\audio\9D00xkJM2ww.wav,9D00xkJM2ww_58.wav
73.698,86.622,12.924000000000007,0.8715431690216064,13,A:\A _ Working\Researching\B - AIoT Lab VN\VITOSA\another_test\Get_More\audio\hrS5Tdh0VTU.wav,hrS5Tdh0VTU_65.wav
3536.354,3547.87,11.516000000000076,0.8715196847915649,13,A:\A _ Working\Researching\B - AIoT Lab VN\VITOSA\another_test\Get_More\audio\hrS5Tdh0VTU.wav,hrS5Tdh0VTU_66.wav
451.682,462.878,11.19599999999997,0.8714986443519592,13,A:\A _ Working\Researching\B - AIoT Lab VN\VITOSA\another_test\Get_More\audio\3bbPKJQL5Pc.wav,3bbPKJQL5Pc_6.wav
3479.17,3482.846,3.675999999999931,0.8714821338653564,13,A:\A _ Working\Researching\B - AIoT Lab VN\VITOSA\another_test\Get_More\audio\F0FDCeoa41k.wav,F0FDCeoa41k_50.wav
3067.522,3078.462,10.940000000000055,0.8714630603790283,17,A:\A _ Working\Researching\B - AIoT Lab VN\VITOSA\another_test\Get_More\audio\kr0ypY0jAJI.wav,kr0ypY0jAJI_32.wav
2807.042,2816.126,9.084000000000287,0.8713982105255127,13,A:\A _ Working\Researching\B - AIoT Lab VN\VITOSA\another_test\Get_More\audio\5PJoMB03vwI.wav,5PJoMB03vwI_53.wav
3281.538,3293.374,11.835999999999785,0.8712987899780273,3,A:\A _ Working\Researching\B - AIoT Lab VN\VITOSA\another_test\Get_More\audio\ef_lApT7r54.wav,ef_lApT7r54_49.wav
3420.162,3431.71,11.54800000000023,0.8712829351425171,9,A:\A _ Working\Researching\B - AIoT Lab VN\VITOSA\another_test\Get_More\audio\_agW7zGT4nM.wav,_agW7zGT4nM_67.wav
3486.626,3494.782,8.155999999999949,0.8711898922920227,9,A:\A _ Working\Researching\B - AIoT Lab VN\VITOSA\another_test\Get_More\audio\ef_lApT7r54.wav,ef_lApT7r54_50.wav
3540.866,3547.358,6.492000000000189,0.8711210489273071,9,A:\A _ Working\Researching\B - AIoT Lab VN\VITOSA\another_test\Get_More\audio\5RbEHUr5ezA.wav,5RbEHUr5ezA_50.wav
3069.442,3076.382,6.940000000000055,0.8710935115814209,13,A:\A _ Working\Researching\B - AIoT Lab VN\VITOSA\another_test\Get_More\audio\5kfLCjQhB9E.wav,5kfLCjQhB9E_71.wav
2960.994,2967.038,6.043999999999869,0.871052622795105,10,A:\A _ Working\Researching\B - AIoT Lab VN\VITOSA\another_test\Get_More\audio\ONBa0kwBjmQ.wav,ONBa0kwBjmQ_63.wav
1238.754,1241.598,2.844000000000051,0.8710181713104248,9,A:\A _ Working\Researching\B - AIoT Lab VN\VITOSA\another_test\Get_More\audio\S18XXLEo6uE.wav,S18XXLEo6uE_73.wav
3498.914,3506.43,7.515999999999622,0.8709967136383057,3,A:\A _ Working\Researching\B - AIoT Lab VN\VITOSA\another_test\Get_More\audio\w_Fr7m0rntQ.wav,w_Fr7m0rntQ_54.wav
2006.05,2018.686,12.635999999999967,0.8709142208099365,9,A:\A _ Working\Researching\B - AIoT Lab VN\VITOSA\another_test\Get_More\audio\S18XXLEo6uE.wav,S18XXLEo6uE_74.wav
517.474,524.958,7.483999999999924,0.8708957433700562,3,A:\A _ Working\Researching\B - AIoT Lab VN\VITOSA\another_test\Get_More\audio\5kfLCjQhB9E.wav,5kfLCjQhB9E_72.wav
70.85,76.286,5.436000000000007,0.8708832263946533,13,A:\A _ Working\Researching\B - AIoT Lab VN\VITOSA\another_test\Get_More\audio\kr0ypY0jAJI.wav,kr0ypY0jAJI_33.wav
3604.706,3616.638,11.931999999999789,0.8708689212799072,13,A:\A _ Working\Researching\B - AIoT Lab VN\VITOSA\another_test\Get_More\audio\RlOmT9AueBw.wav,RlOmT9AueBw_55.wav
3388.642,3401.726,13.084000000000287,0.8708164691925049,13,A:\A _ Working\Researching\B - AIoT Lab VN\VITOSA\another_test\Get_More\audio\y-6gIUvZ6f4.wav,y-6gIUvZ6f4_52.wav
2406.722,2417.31,10.587999999999738,0.8707501888275146,13,A:\A _ Working\Researching\B - AIoT Lab VN\VITOSA\another_test\Get_More\audio\9D00xkJM2ww.wav,9D00xkJM2ww_59.wav
932.546,939.934,7.38799999999992,0.8706791400909424,10,A:\A _ Working\Researching\B - AIoT Lab VN\VITOSA\another_test\Get_More\audio\ZL8rrh9cEQk.wav,ZL8rrh9cEQk_94.wav
3567.938,3576.606,8.66800000000012,0.870629608631134,13,A:\A _ Working\Researching\B - AIoT Lab VN\VITOSA\another_test\Get_More\audio\hrS5Tdh0VTU.wav,hrS5Tdh0VTU_67.wav
3170.722,3178.046,7.323999999999614,0.8705174326896667,17,A:\A _ Working\Researching\B - AIoT Lab VN\VITOSA\another_test\Get_More\audio\S18XXLEo6uE.wav,S18XXLEo6uE_75.wav
3343.266,3349.694,6.427999999999884,0.8704248666763306,3,A:\A _ Working\Researching\B - AIoT Lab VN\VITOSA\another_test\Get_More\audio\hrS5Tdh0VTU.wav,hrS5Tdh0VTU_68.wav
3942.562,3953.758,11.195999999999913,0.8703752160072327,13,A:\A _ Working\Researching\B - AIoT Lab VN\VITOSA\another_test\Get_More\audio\qXHma6XYctI.wav,qXHma6XYctI_89.wav
1881.25,1889.342,8.092000000000098,0.8703649044036865,9,A:\A _ Working\Researching\B - AIoT Lab VN\VITOSA\another_test\Get_More\audio\hrS5Tdh0VTU.wav,hrS5Tdh0VTU_69.wav
434.274,442.43,8.156000000000006,0.8703607320785522,13,A:\A _ Working\Researching\B - AIoT Lab VN\VITOSA\another_test\Get_More\audio\ef_lApT7r54.wav,ef_lApT7r54_51.wav
3673.602,3685.054,11.452000000000226,0.8702996969223022,17,A:\A _ Working\Researching\B - AIoT Lab VN\VITOSA\another_test\Get_More\audio\F0FDCeoa41k.wav,F0FDCeoa41k_51.wav
580.29,592.734,12.444000000000074,0.8702720403671265,16,A:\A _ Working\Researching\B - AIoT Lab VN\VITOSA\another_test\Get_More\audio\ef_lApT7r54.wav,ef_lApT7r54_52.wav
2970.018,2978.174,8.155999999999949,0.8702587485313416,3,A:\A _ Working\Researching\B - AIoT Lab VN\VITOSA\another_test\Get_More\audio\5kfLCjQhB9E.wav,5kfLCjQhB9E_73.wav
1724.674,1731.262,6.587999999999965,0.870193362236023,13,A:\A _ Working\Researching\B - AIoT Lab VN\VITOSA\another_test\Get_More\audio\F0FDCeoa41k.wav,F0FDCeoa41k_52.wav
464.674,469.182,4.508000000000038,0.8700130581855774,15,A:\A _ Working\Researching\B - AIoT Lab VN\VITOSA\another_test\Get_More\audio\5PJoMB03vwI.wav,5PJoMB03vwI_54.wav
154.69,160.542,5.852000000000004,0.8700023889541626,9,A:\A _ Working\Researching\B - AIoT Lab VN\VITOSA\another_test\Get_More\audio\ZL8rrh9cEQk.wav,ZL8rrh9cEQk_95.wav
3068.258,3079.678,11.420000000000073,0.8699722290039062,11,A:\A _ Working\Researching\B - AIoT Lab VN\VITOSA\another_test\Get_More\audio\hrS5Tdh0VTU.wav,hrS5Tdh0VTU_70.wav
1786.882,1795.358,8.475999999999885,0.8699338436126709,13,A:\A _ Working\Researching\B - AIoT Lab VN\VITOSA\another_test\Get_More\audio\9D00xkJM2ww.wav,9D00xkJM2ww_60.wav
2859.842,2871.422,11.579999999999927,0.8698967695236206,13,A:\A _ Working\Researching\B - AIoT Lab VN\VITOSA\another_test\Get_More\audio\ef_lApT7r54.wav,ef_lApT7r54_53.wav
3488.226,3495.422,7.195999999999913,0.8698778748512268,17,A:\A _ Working\Researching\B - AIoT Lab VN\VITOSA\another_test\Get_More\audio\5PJoMB03vwI.wav,5PJoMB03vwI_55.wav
1172.738,1186.302,13.56399999999985,0.8698756694793701,6,A:\A _ Working\Researching\B - AIoT Lab VN\VITOSA\another_test\Get_More\audio\9D00xkJM2ww.wav,9D00xkJM2ww_61.wav
3293.922,3302.366,8.44399999999996,0.8698578476905823,3,A:\A _ Working\Researching\B - AIoT Lab VN\VITOSA\another_test\Get_More\audio\5PJoMB03vwI.wav,5PJoMB03vwI_56.wav
3798.274,3811.07,12.796000000000276,0.8698346614837646,13,A:\A _ Working\Researching\B - AIoT Lab VN\VITOSA\another_test\Get_More\audio\5kfLCjQhB9E.wav,5kfLCjQhB9E_74.wav
4073.602,4079.198,5.596000000000004,0.8697826862335205,9,A:\A _ Working\Researching\B - AIoT Lab VN\VITOSA\another_test\Get_More\audio\5kfLCjQhB9E.wav,5kfLCjQhB9E_75.wav
174.53,182.814,8.283999999999992,0.8697657585144043,17,A:\A _ Working\Researching\B - AIoT Lab VN\VITOSA\another_test\Get_More\audio\ZL8rrh9cEQk.wav,ZL8rrh9cEQk_96.wav
168.162,171.646,3.4839999999999804,0.869736909866333,12,A:\A _ Working\Researching\B - AIoT Lab VN\VITOSA\another_test\Get_More\audio\kr0ypY0jAJI.wav,kr0ypY0jAJI_34.wav
724.738,736.798,12.059999999999945,0.8697013854980469,11,A:\A _ Working\Researching\B - AIoT Lab VN\VITOSA\another_test\Get_More\audio\7kB_BvGGN6s.wav,7kB_BvGGN6s_67.wav
354.434,364.542,10.107999999999947,0.8696775436401367,2,A:\A _ Working\Researching\B - AIoT Lab VN\VITOSA\another_test\Get_More\audio\R6g946lCMPs.wav,R6g946lCMPs_96.wav
2134.338,2144.958,10.61999999999989,0.8696737289428711,3,A:\A _ Working\Researching\B - AIoT Lab VN\VITOSA\another_test\Get_More\audio\5kfLCjQhB9E.wav,5kfLCjQhB9E_76.wav
3405.986,3411.806,5.820000000000164,0.869644820690155,3,A:\A _ Working\Researching\B - AIoT Lab VN\VITOSA\another_test\Get_More\audio\hrS5Tdh0VTU.wav,hrS5Tdh0VTU_71.wav
3463.362,3475.006,11.643999999999778,0.8695812225341797,17,A:\A _ Working\Researching\B - AIoT Lab VN\VITOSA\another_test\Get_More\audio\ef_lApT7r54.wav,ef_lApT7r54_54.wav
1750.114,1760.286,10.172000000000025,0.869562566280365,10,A:\A _ Working\Researching\B - AIoT Lab VN\VITOSA\another_test\Get_More\audio\qXHma6XYctI.wav,qXHma6XYctI_90.wav
461.538,468.158,6.6200000000000045,0.8695181012153625,13,A:\A _ Working\Researching\B - AIoT Lab VN\VITOSA\another_test\Get_More\audio\qXHma6XYctI.wav,qXHma6XYctI_91.wav
317.666,330.398,12.732000000000028,0.8694368004798889,17,A:\A _ Working\Researching\B - AIoT Lab VN\VITOSA\another_test\Get_More\audio\qXHma6XYctI.wav,qXHma6XYctI_92.wav
3853.538,3858.814,5.27599999999984,0.8694294095039368,13,A:\A _ Working\Researching\B - AIoT Lab VN\VITOSA\another_test\Get_More\audio\R6g946lCMPs.wav,R6g946lCMPs_97.wav
234.178,245.662,11.484000000000009,0.8693945407867432,17,A:\A _ Working\Researching\B - AIoT Lab VN\VITOSA\another_test\Get_More\audio\F0FDCeoa41k.wav,F0FDCeoa41k_53.wav
2143.97,2154.878,10.908000000000357,0.869384229183197,16,A:\A _ Working\Researching\B - AIoT Lab VN\VITOSA\another_test\Get_More\audio\kr0ypY0jAJI.wav,kr0ypY0jAJI_35.wav
947.138,957.662,10.524000000000001,0.869365394115448,13,A:\A _ Working\Researching\B - AIoT Lab VN\VITOSA\another_test\Get_More\audio\5RbEHUr5ezA.wav,5RbEHUr5ezA_51.wav
1919.778,1931.006,11.228000000000065,0.8693459033966064,13,A:\A _ Working\Researching\B - AIoT Lab VN\VITOSA\another_test\Get_More\audio\kr0ypY0jAJI.wav,kr0ypY0jAJI_36.wav
3366.946,3375.326,8.38000000000011,0.8693260550498962,13,A:\A _ Working\Researching\B - AIoT Lab VN\VITOSA\another_test\Get_More\audio\5RbEHUr5ezA.wav,5RbEHUr5ezA_52.wav
2500.546,2510.494,9.94800000000032,0.8693123459815979,13,A:\A _ Working\Researching\B - AIoT Lab VN\VITOSA\another_test\Get_More\audio\qXHma6XYctI.wav,qXHma6XYctI_93.wav
856.738,861.438,4.699999999999932,0.8692916631698608,11,A:\A _ Working\Researching\B - AIoT Lab VN\VITOSA\another_test\Get_More\audio\eUFVxaNfhzA.wav,eUFVxaNfhzA_63.wav
3195.234,3199.742,4.508000000000266,0.8692885637283325,13,A:\A _ Working\Researching\B - AIoT Lab VN\VITOSA\another_test\Get_More\audio\hrS5Tdh0VTU.wav,hrS5Tdh0VTU_72.wav
1903.17,1912.414,9.243999999999915,0.8692607879638672,13,A:\A _ Working\Researching\B - AIoT Lab VN\VITOSA\another_test\Get_More\audio\_agW7zGT4nM.wav,_agW7zGT4nM_68.wav
3920.866,3929.95,9.083999999999833,0.8692273497581482,10,A:\A _ Working\Researching\B - AIoT Lab VN\VITOSA\another_test\Get_More\audio\qXHma6XYctI.wav,qXHma6XYctI_94.wav
2523.362,2530.91,7.5479999999997744,0.8692092895507812,3,A:\A _ Working\Researching\B - AIoT Lab VN\VITOSA\another_test\Get_More\audio\9D00xkJM2ww.wav,9D00xkJM2ww_62.wav
4161.346,4174.91,13.564000000000306,0.8691717982292175,9,A:\A _ Working\Researching\B - AIoT Lab VN\VITOSA\another_test\Get_More\audio\ZL8rrh9cEQk.wav,ZL8rrh9cEQk_97.wav
3640.706,3647.326,6.619999999999891,0.8690686821937561,13,A:\A _ Working\Researching\B - AIoT Lab VN\VITOSA\another_test\Get_More\audio\F0FDCeoa41k.wav,F0FDCeoa41k_54.wav
1923.522,1926.078,2.55600000000004,0.8690457940101624,18,A:\A _ Working\Researching\B - AIoT Lab VN\VITOSA\another_test\Get_More\audio\RlOmT9AueBw.wav,RlOmT9AueBw_56.wav
48.386,56.67,8.283999999999999,0.8690040111541748,17,A:\A _ Working\Researching\B - AIoT Lab VN\VITOSA\another_test\Get_More\audio\qXHma6XYctI.wav,qXHma6XYctI_95.wav
489.186,498.046,8.860000000000014,0.8689880967140198,13,A:\A _ Working\Researching\B - AIoT Lab VN\VITOSA\another_test\Get_More\audio\9D00xkJM2ww.wav,9D00xkJM2ww_63.wav
3430.338,3438.974,8.635999999999967,0.8688243627548218,3,A:\A _ Working\Researching\B - AIoT Lab VN\VITOSA\another_test\Get_More\audio\hrS5Tdh0VTU.wav,hrS5Tdh0VTU_73.wav
433.762,441.374,7.612000000000023,0.8687859773635864,7,A:\A _ Working\Researching\B - AIoT Lab VN\VITOSA\another_test\Get_More\audio\hrS5Tdh0VTU.wav,hrS5Tdh0VTU_74.wav
3214.658,3221.982,7.324000000000069,0.8687781691551208,13,A:\A _ Working\Researching\B - AIoT Lab VN\VITOSA\another_test\Get_More\audio\y-6gIUvZ6f4.wav,y-6gIUvZ6f4_53.wav
522.306,526.078,3.7719999999999345,0.8687294125556946,3,A:\A _ Working\Researching\B - AIoT Lab VN\VITOSA\another_test\Get_More\audio\_agW7zGT4nM.wav,_agW7zGT4nM_69.wav
664.034,672.222,8.187999999999988,0.8687249422073364,9,A:\A _ Working\Researching\B - AIoT Lab VN\VITOSA\another_test\Get_More\audio\7kB_BvGGN6s.wav,7kB_BvGGN6s_68.wav
3462.722,3471.134,8.411999999999807,0.868720531463623,13,A:\A _ Working\Researching\B - AIoT Lab VN\VITOSA\another_test\Get_More\audio\ONBa0kwBjmQ.wav,ONBa0kwBjmQ_64.wav
496.13,506.046,9.915999999999997,0.8687001466751099,13,A:\A _ Working\Researching\B - AIoT Lab VN\VITOSA\another_test\Get_More\audio\hRYWiO-zi5s.wav,hRYWiO-zi5s_5.wav
2738.754,2744.99,6.235999999999876,0.8686947822570801,10,A:\A _ Working\Researching\B - AIoT Lab VN\VITOSA\another_test\Get_More\audio\w_Fr7m0rntQ.wav,w_Fr7m0rntQ_55.wav
5172.866,5179.262,6.395999999999731,0.8686293959617615,7,A:\A _ Working\Researching\B - AIoT Lab VN\VITOSA\another_test\Get_More\audio\qXHma6XYctI.wav,qXHma6XYctI_96.wav
342.306,345.982,3.6760000000000446,0.8686290979385376,17,A:\A _ Working\Researching\B - AIoT Lab VN\VITOSA\another_test\Get_More\audio\7kB_BvGGN6s.wav,7kB_BvGGN6s_69.wav
3564.962,3570.142,5.179999999999836,0.8686249256134033,9,A:\A _ Working\Researching\B - AIoT Lab VN\VITOSA\another_test\Get_More\audio\5RbEHUr5ezA.wav,5RbEHUr5ezA_53.wav
2170.722,2177.662,6.9399999999996,0.8685954809188843,11,A:\A _ Working\Researching\B - AIoT Lab VN\VITOSA\another_test\Get_More\audio\5PJoMB03vwI.wav,5PJoMB03vwI_57.wav
2191.042,2200.286,9.244000000000142,0.8685076832771301,17,A:\A _ Working\Researching\B - AIoT Lab VN\VITOSA\another_test\Get_More\audio\ZL8rrh9cEQk.wav,ZL8rrh9cEQk_98.wav
3508.13,3517.534,9.403999999999996,0.8684880137443542,17,A:\A _ Working\Researching\B - AIoT Lab VN\VITOSA\another_test\Get_More\audio\5PJoMB03vwI.wav,5PJoMB03vwI_58.wav
1560.898,1562.878,1.9800000000000182,0.8684842586517334,19,A:\A _ Working\Researching\B - AIoT Lab VN\VITOSA\another_test\Get_More\audio\5PJoMB03vwI.wav,5PJoMB03vwI_59.wav
1935.778,1948.894,13.115999999999985,0.8684283494949341,13,A:\A _ Working\Researching\B - AIoT Lab VN\VITOSA\another_test\Get_More\audio\F0FDCeoa41k.wav,F0FDCeoa41k_55.wav
388.802,401.246,12.44399999999996,0.868363618850708,12,A:\A _ Working\Researching\B - AIoT Lab VN\VITOSA\another_test\Get_More\audio\R6g946lCMPs.wav,R6g946lCMPs_98.wav
3554.306,3560.766,6.460000000000036,0.868280291557312,17,A:\A _ Working\Researching\B - AIoT Lab VN\VITOSA\another_test\Get_More\audio\ONBa0kwBjmQ.wav,ONBa0kwBjmQ_65.wav
299.938,308.702,8.76400000000001,0.8682596683502197,17,A:\A _ Working\Researching\B - AIoT Lab VN\VITOSA\another_test\Get_More\audio\3bbPKJQL5Pc.wav,3bbPKJQL5Pc_7.wav
1627.426,1634.782,7.3559999999999945,0.8682591915130615,13,A:\A _ Working\Researching\B - AIoT Lab VN\VITOSA\another_test\Get_More\audio\y-6gIUvZ6f4.wav,y-6gIUvZ6f4_54.wav
5348.162,5352.254,4.0919999999996435,0.8682123422622681,17,A:\A _ Working\Researching\B - AIoT Lab VN\VITOSA\another_test\Get_More\audio\qXHma6XYctI.wav,qXHma6XYctI_97.wav
371.17,383.614,12.44399999999996,0.8682039976119995,12,A:\A _ Working\Researching\B - AIoT Lab VN\VITOSA\another_test\Get_More\audio\3bbPKJQL5Pc.wav,3bbPKJQL5Pc_8.wav
1819.65,1826.174,6.523999999999887,0.868198812007904,13,A:\A _ Working\Researching\B - AIoT Lab VN\VITOSA\another_test\Get_More\audio\5RbEHUr5ezA.wav,5RbEHUr5ezA_54.wav
984.994,995.486,10.491999999999962,0.8681867718696594,3,A:\A _ Working\Researching\B - AIoT Lab VN\VITOSA\another_test\Get_More\audio\jRU0twOCBeQ.wav,jRU0twOCBeQ_56.wav
2582.306,2590.078,7.7719999999999345,0.8681819438934326,13,A:\A _ Working\Researching\B - AIoT Lab VN\VITOSA\another_test\Get_More\audio\7kB_BvGGN6s.wav,7kB_BvGGN6s_70.wav
409.538,417.854,8.315999999999974,0.8681381344795227,17,A:\A _ Working\Researching\B - AIoT Lab VN\VITOSA\another_test\Get_More\audio\R6g946lCMPs.wav,R6g946lCMPs_99.wav
394.178,403.198,9.019999999999982,0.8681341409683228,13,A:\A _ Working\Researching\B - AIoT Lab VN\VITOSA\another_test\Get_More\audio\_agW7zGT4nM.wav,_agW7zGT4nM_70.wav
3247.938,3260.414,12.476000000000113,0.8680912256240845,13,A:\A _ Working\Researching\B - AIoT Lab VN\VITOSA\another_test\Get_More\audio\5kfLCjQhB9E.wav,5kfLCjQhB9E_77.wav
2669.698,2676.606,6.9080000000003565,0.8680700659751892,13,A:\A _ Working\Researching\B - AIoT Lab VN\VITOSA\another_test\Get_More\audio\7kB_BvGGN6s.wav,7kB_BvGGN6s_71.wav
1751.81,1757.054,5.244000000000142,0.8680601716041565,9,A:\A _ Working\Researching\B - AIoT Lab VN\VITOSA\another_test\Get_More\audio\hrS5Tdh0VTU.wav,hrS5Tdh0VTU_75.wav
2014.914,2017.758,2.844000000000051,0.8680168986320496,17,A:\A _ Working\Researching\B - AIoT Lab VN\VITOSA\another_test\Get_More\audio\Xs286Xdd4Nc.wav,Xs286Xdd4Nc_55.wav
147.394,154.462,7.067999999999984,0.8678328990936279,13,A:\A _ Working\Researching\B - AIoT Lab VN\VITOSA\another_test\Get_More\audio\y-6gIUvZ6f4.wav,y-6gIUvZ6f4_55.wav
542.722,549.726,7.004000000000019,0.8677653074264526,3,A:\A _ Working\Researching\B - AIoT Lab VN\VITOSA\another_test\Get_More\audio\ef_lApT7r54.wav,ef_lApT7r54_55.wav
2730.882,2743.966,13.083999999999833,0.8677288889884949,13,A:\A _ Working\Researching\B - AIoT Lab VN\VITOSA\another_test\Get_More\audio\Xs286Xdd4Nc.wav,Xs286Xdd4Nc_56.wav
3155.362,3161.342,5.980000000000018,0.8676101565361023,13,A:\A _ Working\Researching\B - AIoT Lab VN\VITOSA\another_test\Get_More\audio\hrS5Tdh0VTU.wav,hrS5Tdh0VTU_76.wav
4856.098,4863.71,7.61200000000008,0.8675183653831482,10,A:\A _ Working\Researching\B - AIoT Lab VN\VITOSA\another_test\Get_More\audio\qXHma6XYctI.wav,qXHma6XYctI_98.wav
2861.282,2868.286,7.003999999999905,0.8675086498260498,16,A:\A _ Working\Researching\B - AIoT Lab VN\VITOSA\another_test\Get_More\audio\kr0ypY0jAJI.wav,kr0ypY0jAJI_37.wav
1031.97,1044.446,12.475999999999885,0.867462158203125,7,A:\A _ Working\Researching\B - AIoT Lab VN\VITOSA\another_test\Get_More\audio\Xs286Xdd4Nc.wav,Xs286Xdd4Nc_57.wav
923.938,929.246,5.307999999999993,0.867459774017334,10,A:\A _ Working\Researching\B - AIoT Lab VN\VITOSA\another_test\Get_More\audio\9D00xkJM2ww.wav,9D00xkJM2ww_64.wav
635.042,644.638,9.596000000000004,0.8674171566963196,9,A:\A _ Working\Researching\B - AIoT Lab VN\VITOSA\another_test\Get_More\audio\ZL8rrh9cEQk.wav,ZL8rrh9cEQk_99.wav
3457.346,3466.622,9.27599999999984,0.8673902153968811,3,A:\A _ Working\Researching\B - AIoT Lab VN\VITOSA\another_test\Get_More\audio\F0FDCeoa41k.wav,F0FDCeoa41k_56.wav
1818.754,1826.686,7.932000000000016,0.8673539161682129,13,A:\A _ Working\Researching\B - AIoT Lab VN\VITOSA\another_test\Get_More\audio\9D00xkJM2ww.wav,9D00xkJM2ww_65.wav
828.45,832.638,4.187999999999988,0.8673087358474731,5,A:\A _ Working\Researching\B - AIoT Lab VN\VITOSA\another_test\Get_More\audio\7kB_BvGGN6s.wav,7kB_BvGGN6s_72.wav
339.426,346.91,7.484000000000037,0.8672977685928345,19,A:\A _ Working\Researching\B - AIoT Lab VN\VITOSA\another_test\Get_More\audio\3bbPKJQL5Pc.wav,3bbPKJQL5Pc_9.wav
3369.602,3376.478,6.876000000000204,0.8671984672546387,13,A:\A _ Working\Researching\B - AIoT Lab VN\VITOSA\another_test\Get_More\audio\7kB_BvGGN6s.wav,7kB_BvGGN6s_73.wav
1808.706,1813.246,4.540000000000191,0.8671642541885376,13,A:\A _ Working\Researching\B - AIoT Lab VN\VITOSA\another_test\Get_More\audio\y-6gIUvZ6f4.wav,y-6gIUvZ6f4_56.wav
3187.81,3197.246,9.43600000000015,0.8671039342880249,13,A:\A _ Working\Researching\B - AIoT Lab VN\VITOSA\another_test\Get_More\audio\ONBa0kwBjmQ.wav,ONBa0kwBjmQ_66.wav
3638.562,3645.854,7.291999999999916,0.8670842051506042,13,A:\A _ Working\Researching\B - AIoT Lab VN\VITOSA\another_test\Get_More\audio\ZL8rrh9cEQk.wav,ZL8rrh9cEQk_100.wav
4520.834,4528.702,7.868000000000393,0.8670088648796082,13,A:\A _ Working\Researching\B - AIoT Lab VN\VITOSA\another_test\Get_More\audio\R6g946lCMPs.wav,R6g946lCMPs_100.wav
557.154,569.758,12.604000000000042,0.8669548034667969,13,A:\A _ Working\Researching\B - AIoT Lab VN\VITOSA\another_test\Get_More\audio\pjmlxEfwBCE.wav,pjmlxEfwBCE_2.wav
3943.138,3956.222,13.084000000000287,0.8669434189796448,13,A:\A _ Working\Researching\B - AIoT Lab VN\VITOSA\another_test\Get_More\audio\5kfLCjQhB9E.wav,5kfLCjQhB9E_78.wav
2575.33,2585.982,10.652000000000044,0.8669372797012329,13,A:\A _ Working\Researching\B - AIoT Lab VN\VITOSA\another_test\Get_More\audio\hrS5Tdh0VTU.wav,hrS5Tdh0VTU_77.wav
2988.834,2993.566,4.731999999999971,0.8669348955154419,11,A:\A _ Working\Researching\B - AIoT Lab VN\VITOSA\another_test\Get_More\audio\hrS5Tdh0VTU.wav,hrS5Tdh0VTU_78.wav
1855.49,1864.126,8.635999999999967,0.8669165372848511,13,A:\A _ Working\Researching\B - AIoT Lab VN\VITOSA\another_test\Get_More\audio\5PJoMB03vwI.wav,5PJoMB03vwI_60.wav
3167.426,3171.006,3.5799999999999272,0.866901159286499,9,A:\A _ Working\Researching\B - AIoT Lab VN\VITOSA\another_test\Get_More\audio\jRU0twOCBeQ.wav,jRU0twOCBeQ_57.wav
1934.274,1939.166,4.892000000000053,0.866855263710022,17,A:\A _ Working\Researching\B - AIoT Lab VN\VITOSA\another_test\Get_More\audio\S18XXLEo6uE.wav,S18XXLEo6uE_76.wav
3231.682,3237.47,5.788000000000011,0.8668360710144043,13,A:\A _ Working\Researching\B - AIoT Lab VN\VITOSA\another_test\Get_More\audio\hrS5Tdh0VTU.wav,hrS5Tdh0VTU_79.wav
2623.17,2629.918,6.748000000000047,0.8667722344398499,3,A:\A _ Working\Researching\B - AIoT Lab VN\VITOSA\another_test\Get_More\audio\Xs286Xdd4Nc.wav,Xs286Xdd4Nc_58.wav
1973.026,1980.094,7.067999999999984,0.8667646646499634,13,A:\A _ Working\Researching\B - AIoT Lab VN\VITOSA\another_test\Get_More\audio\qXHma6XYctI.wav,qXHma6XYctI_99.wav
410.114,416.414,6.300000000000011,0.8667306900024414,3,A:\A _ Working\Researching\B - AIoT Lab VN\VITOSA\another_test\Get_More\audio\_agW7zGT4nM.wav,_agW7zGT4nM_71.wav
907.074,915.486,8.412000000000035,0.866680383682251,10,A:\A _ Working\Researching\B - AIoT Lab VN\VITOSA\another_test\Get_More\audio\9D00xkJM2ww.wav,9D00xkJM2ww_66.wav
150.306,157.726,7.4199999999999875,0.8666362762451172,13,A:\A _ Working\Researching\B - AIoT Lab VN\VITOSA\another_test\Get_More\audio\F0FDCeoa41k.wav,F0FDCeoa41k_57.wav
14.978,21.758,6.779999999999999,0.8665268421173096,16,A:\A _ Working\Researching\B - AIoT Lab VN\VITOSA\another_test\Get_More\audio\y-6gIUvZ6f4.wav,y-6gIUvZ6f4_57.wav
841.378,848.958,7.579999999999927,0.8665133118629456,13,A:\A _ Working\Researching\B - AIoT Lab VN\VITOSA\another_test\Get_More\audio\Xs286Xdd4Nc.wav,Xs286Xdd4Nc_59.wav
1991.938,2005.086,13.14799999999991,0.8664842844009399,13,A:\A _ Working\Researching\B - AIoT Lab VN\VITOSA\another_test\Get_More\audio\_agW7zGT4nM.wav,_agW7zGT4nM_72.wav
3809.09,3821.694,12.603999999999814,0.8664118051528931,13,A:\A _ Working\Researching\B - AIoT Lab VN\VITOSA\another_test\Get_More\audio\R6g946lCMPs.wav,R6g946lCMPs_101.wav
3545.378,3554.078,8.699999999999818,0.8664109110832214,3,A:\A _ Working\Researching\B - AIoT Lab VN\VITOSA\another_test\Get_More\audio\S18XXLEo6uE.wav,S18XXLEo6uE_77.wav
931.49,943.07,11.580000000000041,0.8663731813430786,6,A:\A _ Working\Researching\B - AIoT Lab VN\VITOSA\another_test\Get_More\audio\hrS5Tdh0VTU.wav,hrS5Tdh0VTU_80.wav
3625.41,3638.206,12.796000000000276,0.8663562536239624,13,A:\A _ Working\Researching\B - AIoT Lab VN\VITOSA\another_test\Get_More\audio\w_Fr7m0rntQ.wav,w_Fr7m0rntQ_56.wav
1348.93,1360.51,11.579999999999927,0.8662682175636292,13,A:\A _ Working\Researching\B - AIoT Lab VN\VITOSA\another_test\Get_More\audio\kr0ypY0jAJI.wav,kr0ypY0jAJI_38.wav
3625.186,3634.878,9.692000000000007,0.8662034273147583,8,A:\A _ Working\Researching\B - AIoT Lab VN\VITOSA\another_test\Get_More\audio\5RbEHUr5ezA.wav,5RbEHUr5ezA_55.wav
3530.114,3536.414,6.300000000000182,0.8661476373672485,6,A:\A _ Working\Researching\B - AIoT Lab VN\VITOSA\another_test\Get_More\audio\5kfLCjQhB9E.wav,5kfLCjQhB9E_79.wav
2820.226,2824.894,4.667999999999665,0.8661279082298279,13,A:\A _ Working\Researching\B - AIoT Lab VN\VITOSA\another_test\Get_More\audio\kr0ypY0jAJI.wav,kr0ypY0jAJI_39.wav
3288.386,3295.87,7.483999999999924,0.8660835027694702,13,A:\A _ Working\Researching\B - AIoT Lab VN\VITOSA\another_test\Get_More\audio\hrS5Tdh0VTU.wav,hrS5Tdh0VTU_81.wav
2844.45,2853.246,8.796000000000276,0.8660593032836914,3,A:\A _ Working\Researching\B - AIoT Lab VN\VITOSA\another_test\Get_More\audio\5PJoMB03vwI.wav,5PJoMB03vwI_61.wav
2096.578,2103.166,6.588000000000193,0.8660468459129333,10,A:\A _ Working\Researching\B - AIoT Lab VN\VITOSA\another_test\Get_More\audio\R6g946lCMPs.wav,R6g946lCMPs_102.wav
420.546,428.03,7.4839999999999804,0.865906298160553,13,A:\A _ Working\Researching\B - AIoT Lab VN\VITOSA\another_test\Get_More\audio\ef_lApT7r54.wav,ef_lApT7r54_56.wav
326.434,332.83,6.395999999999958,0.8658828139305115,13,A:\A _ Working\Researching\B - AIoT Lab VN\VITOSA\another_test\Get_More\audio\y-6gIUvZ6f4.wav,y-6gIUvZ6f4_58.wav
2508.93,2519.262,10.332000000000335,0.8658633232116699,3,A:\A _ Working\Researching\B - AIoT Lab VN\VITOSA\another_test\Get_More\audio\ef_lApT7r54.wav,ef_lApT7r54_57.wav
1058.69,1067.774,9.083999999999833,0.865710973739624,13,A:\A _ Working\Researching\B - AIoT Lab VN\VITOSA\another_test\Get_More\audio\w_Fr7m0rntQ.wav,w_Fr7m0rntQ_57.wav
3443.554,3446.814,3.2599999999997635,0.865699052810669,9,A:\A _ Working\Researching\B - AIoT Lab VN\VITOSA\another_test\Get_More\audio\S18XXLEo6uE.wav,S18XXLEo6uE_78.wav
312.322,320.766,8.444000000000017,0.8656607270240784,17,A:\A _ Working\Researching\B - AIoT Lab VN\VITOSA\another_test\Get_More\audio\7kB_BvGGN6s.wav,7kB_BvGGN6s_74.wav
1830.466,1843.422,12.956000000000131,0.865656852722168,13,A:\A _ Working\Researching\B - AIoT Lab VN\VITOSA\another_test\Get_More\audio\R6g946lCMPs.wav,R6g946lCMPs_103.wav
4698.434,4707.678,9.243999999999687,0.8655537962913513,3,A:\A _ Working\Researching\B - AIoT Lab VN\VITOSA\another_test\Get_More\audio\qXHma6XYctI.wav,qXHma6XYctI_100.wav
2800.61,2810.43,9.819999999999709,0.8654953837394714,13,A:\A _ Working\Researching\B - AIoT Lab VN\VITOSA\another_test\Get_More\audio\RlOmT9AueBw.wav,RlOmT9AueBw_57.wav
15.554,24.254,8.700000000000001,0.8654505610466003,3,A:\A _ Working\Researching\B - AIoT Lab VN\VITOSA\another_test\Get_More\audio\9D00xkJM2ww.wav,9D00xkJM2ww_67.wav
3756.322,3763.006,6.683999999999742,0.865432858467102,13,A:\A _ Working\Researching\B - AIoT Lab VN\VITOSA\another_test\Get_More\audio\qXHma6XYctI.wav,qXHma6XYctI_101.wav
1671.746,1679.198,7.451999999999998,0.8653953075408936,13,A:\A _ Working\Researching\B - AIoT Lab VN\VITOSA\another_test\Get_More\audio\ef_lApT7r54.wav,ef_lApT7r54_58.wav
2598.818,2608.638,9.819999999999709,0.8653097152709961,13,A:\A _ Working\Researching\B - AIoT Lab VN\VITOSA\another_test\Get_More\audio\7kB_BvGGN6s.wav,7kB_BvGGN6s_75.wav
66.498,72.35,5.85199999999999,0.8652908802032471,13,A:\A _ Working\Researching\B - AIoT Lab VN\VITOSA\another_test\Get_More\audio\F0FDCeoa41k.wav,F0FDCeoa41k_58.wav
1913.41,1919.038,5.627999999999929,0.865173876285553,13,A:\A _ Working\Researching\B - AIoT Lab VN\VITOSA\another_test\Get_More\audio\Xs286Xdd4Nc.wav,Xs286Xdd4Nc_60.wav
3036.258,3043.55,7.292000000000371,0.8651463389396667,3,A:\A _ Working\Researching\B - AIoT Lab VN\VITOSA\another_test\Get_More\audio\9D00xkJM2ww.wav,9D00xkJM2ww_68.wav
3301.218,3313.47,12.251999999999953,0.8650572299957275,16,A:\A _ Working\Researching\B - AIoT Lab VN\VITOSA\another_test\Get_More\audio\w_Fr7m0rntQ.wav,w_Fr7m0rntQ_58.wav
3252.386,3258.43,6.043999999999869,0.8650543689727783,8,A:\A _ Working\Researching\B - AIoT Lab VN\VITOSA\another_test\Get_More\audio\eUFVxaNfhzA.wav,eUFVxaNfhzA_64.wav
2803.714,2808.382,4.66800000000012,0.8650036454200745,3,A:\A _ Working\Researching\B - AIoT Lab VN\VITOSA\another_test\Get_More\audio\y-6gIUvZ6f4.wav,y-6gIUvZ6f4_59.wav
114.018,122.366,8.347999999999999,0.8649585247039795,3,A:\A _ Working\Researching\B - AIoT Lab VN\VITOSA\another_test\Get_More\audio\Xs286Xdd4Nc.wav,Xs286Xdd4Nc_61.wav
926.082,932.574,6.491999999999962,0.8648967742919922,16,A:\A _ Working\Researching\B - AIoT Lab VN\VITOSA\another_test\Get_More\audio\fMfos_YBT0o.wav,fMfos_YBT0o_37.wav
3357.89,3366.782,8.89200000000028,0.8648902177810669,13,A:\A _ Working\Researching\B - AIoT Lab VN\VITOSA\another_test\Get_More\audio\y-6gIUvZ6f4.wav,y-6gIUvZ6f4_60.wav
1890.146,1896.19,6.044000000000096,0.8648697733879089,13,A:\A _ Working\Researching\B - AIoT Lab VN\VITOSA\another_test\Get_More\audio\5PJoMB03vwI.wav,5PJoMB03vwI_62.wav
529.762,537.118,7.356000000000108,0.8648223876953125,3,A:\A _ Working\Researching\B - AIoT Lab VN\VITOSA\another_test\Get_More\audio\eUFVxaNfhzA.wav,eUFVxaNfhzA_65.wav
4591.362,4595.39,4.028000000000247,0.86473548412323,12,A:\A _ Working\Researching\B - AIoT Lab VN\VITOSA\another_test\Get_More\audio\qXHma6XYctI.wav,qXHma6XYctI_102.wav
3018.146,3023.582,5.435999999999694,0.864730715751648,9,A:\A _ Working\Researching\B - AIoT Lab VN\VITOSA\another_test\Get_More\audio\R6g946lCMPs.wav,R6g946lCMPs_104.wav
572.738,581.182,8.44399999999996,0.8646611571311951,17,A:\A _ Working\Researching\B - AIoT Lab VN\VITOSA\another_test\Get_More\audio\9D00xkJM2ww.wav,9D00xkJM2ww_69.wav
155.586,169.182,13.595999999999975,0.8646312952041626,3,A:\A _ Working\Researching\B - AIoT Lab VN\VITOSA\another_test\Get_More\audio\qXHma6XYctI.wav,qXHma6XYctI_103.wav
3055.938,3060.478,4.539999999999964,0.8646060824394226,3,A:\A _ Working\Researching\B - AIoT Lab VN\VITOSA\another_test\Get_More\audio\w_Fr7m0rntQ.wav,w_Fr7m0rntQ_59.wav
1938.722,1949.982,11.259999999999991,0.8645426630973816,3,A:\A _ Working\Researching\B - AIoT Lab VN\VITOSA\another_test\Get_More\audio\_agW7zGT4nM.wav,_agW7zGT4nM_73.wav
1280.322,1288.446,8.124000000000024,0.8645298480987549,13,A:\A _ Working\Researching\B - AIoT Lab VN\VITOSA\another_test\Get_More\audio\R6g946lCMPs.wav,R6g946lCMPs_105.wav
3975.01,3982.494,7.483999999999924,0.864524245262146,13,A:\A _ Working\Researching\B - AIoT Lab VN\VITOSA\another_test\Get_More\audio\5kfLCjQhB9E.wav,5kfLCjQhB9E_80.wav
1219.778,1230.654,10.875999999999976,0.8644832372665405,9,A:\A _ Working\Researching\B - AIoT Lab VN\VITOSA\another_test\Get_More\audio\7kB_BvGGN6s.wav,7kB_BvGGN6s_76.wav
1145.762,1151.23,5.468000000000075,0.8644828796386719,13,A:\A _ Working\Researching\B - AIoT Lab VN\VITOSA\another_test\Get_More\audio\w_Fr7m0rntQ.wav,w_Fr7m0rntQ_60.wav
19.49,26.462,6.972000000000001,0.8643383383750916,17,A:\A _ Working\Researching\B - AIoT Lab VN\VITOSA\another_test\Get_More\audio\5kfLCjQhB9E.wav,5kfLCjQhB9E_81.wav
1141.026,1154.59,13.56399999999985,0.864332914352417,13,A:\A _ Working\Researching\B - AIoT Lab VN\VITOSA\another_test\Get_More\audio\7kB_BvGGN6s.wav,7kB_BvGGN6s_77.wav
728.162,733.822,5.659999999999968,0.8643157482147217,9,A:\A _ Working\Researching\B - AIoT Lab VN\VITOSA\another_test\Get_More\audio\5kfLCjQhB9E.wav,5kfLCjQhB9E_82.wav
3137.474,3150.622,13.147999999999683,0.8642380237579346,13,A:\A _ Working\Researching\B - AIoT Lab VN\VITOSA\another_test\Get_More\audio\y-6gIUvZ6f4.wav,y-6gIUvZ6f4_61.wav
3396.386,3403.934,7.548000000000229,0.8642204999923706,13,A:\A _ Working\Researching\B - AIoT Lab VN\VITOSA\another_test\Get_More\audio\S18XXLEo6uE.wav,S18XXLEo6uE_79.wav
1845.314,1854.686,9.371999999999844,0.8642181754112244,3,A:\A _ Working\Researching\B - AIoT Lab VN\VITOSA\another_test\Get_More\audio\7kB_BvGGN6s.wav,7kB_BvGGN6s_78.wav
381.378,389.63,8.25200000000001,0.8641861081123352,3,A:\A _ Working\Researching\B - AIoT Lab VN\VITOSA\another_test\Get_More\audio\ZL8rrh9cEQk.wav,ZL8rrh9cEQk_101.wav
135.362,144.894,9.53200000000001,0.8641712665557861,15,A:\A _ Working\Researching\B - AIoT Lab VN\VITOSA\another_test\Get_More\audio\fMfos_YBT0o.wav,fMfos_YBT0o_38.wav
1713.666,1722.654,8.988000000000056,0.8641531467437744,13,A:\A _ Working\Researching\B - AIoT Lab VN\VITOSA\another_test\Get_More\audio\ef_lApT7r54.wav,ef_lApT7r54_59.wav
2886.178,2899.646,13.468000000000302,0.8641330599784851,7,A:\A _ Working\Researching\B - AIoT Lab VN\VITOSA\another_test\Get_More\audio\5RbEHUr5ezA.wav,5RbEHUr5ezA_56.wav
1125.506,1133.79,8.283999999999878,0.8641148805618286,7,A:\A _ Working\Researching\B - AIoT Lab VN\VITOSA\another_test\Get_More\audio\Xs286Xdd4Nc.wav,Xs286Xdd4Nc_62.wav
603.266,610.846,7.580000000000041,0.8640506267547607,9,A:\A _ Working\Researching\B - AIoT Lab VN\VITOSA\another_test\Get_More\audio\5kfLCjQhB9E.wav,5kfLCjQhB9E_83.wav
1178.37,1185.054,6.6840000000001965,0.8639751672744751,17,A:\A _ Working\Researching\B - AIoT Lab VN\VITOSA\another_test\Get_More\audio\5PJoMB03vwI.wav,5PJoMB03vwI_63.wav
1915.33,1921.534,6.204000000000178,0.8638963103294373,9,A:\A _ Working\Researching\B - AIoT Lab VN\VITOSA\another_test\Get_More\audio\hrS5Tdh0VTU.wav,hrS5Tdh0VTU_82.wav
1497.954,1506.238,8.284000000000106,0.8638609647750854,13,A:\A _ Working\Researching\B - AIoT Lab VN\VITOSA\another_test\Get_More\audio\qXHma6XYctI.wav,qXHma6XYctI_104.wav
3784.674,3793.63,8.956000000000131,0.863816499710083,13,A:\A _ Working\Researching\B - AIoT Lab VN\VITOSA\another_test\Get_More\audio\qXHma6XYctI.wav,qXHma6XYctI_105.wav
3331.298,3335.006,3.7080000000000837,0.8637769818305969,9,A:\A _ Working\Researching\B - AIoT Lab VN\VITOSA\another_test\Get_More\audio\5RbEHUr5ezA.wav,5RbEHUr5ezA_57.wav
3028.674,3036.286,7.61200000000008,0.8637512922286987,12,A:\A _ Working\Researching\B - AIoT Lab VN\VITOSA\another_test\Get_More\audio\_agW7zGT4nM.wav,_agW7zGT4nM_74.wav
771.298,775.646,4.347999999999956,0.8637266755104065,3,A:\A _ Working\Researching\B - AIoT Lab VN\VITOSA\another_test\Get_More\audio\fMfos_YBT0o.wav,fMfos_YBT0o_39.wav
2319.65,2329.886,10.235999999999876,0.8636048436164856,13,A:\A _ Working\Researching\B - AIoT Lab VN\VITOSA\another_test\Get_More\audio\R6g946lCMPs.wav,R6g946lCMPs_106.wav
290.242,294.91,4.668000000000006,0.8635635375976562,3,A:\A _ Working\Researching\B - AIoT Lab VN\VITOSA\another_test\Get_More\audio\ZL8rrh9cEQk.wav,ZL8rrh9cEQk_102.wav
2704.834,2715.486,10.652000000000044,0.8635222911834717,13,A:\A _ Working\Researching\B - AIoT Lab VN\VITOSA\another_test\Get_More\audio\qXHma6XYctI.wav,qXHma6XYctI_106.wav
2209.186,2212.062,2.875999999999749,0.8634939193725586,17,A:\A _ Working\Researching\B - AIoT Lab VN\VITOSA\another_test\Get_More\audio\ZL8rrh9cEQk.wav,ZL8rrh9cEQk_103.wav
3241.602,3247.454,5.8520000000003165,0.8634714484214783,13,A:\A _ Working\Researching\B - AIoT Lab VN\VITOSA\another_test\Get_More\audio\ONBa0kwBjmQ.wav,ONBa0kwBjmQ_67.wav
1533.634,1538.11,4.475999999999885,0.863471269607544,17,A:\A _ Working\Researching\B - AIoT Lab VN\VITOSA\another_test\Get_More\audio\R6g946lCMPs.wav,R6g946lCMPs_107.wav
939.394,946.654,7.259999999999991,0.8633992671966553,13,A:\A _ Working\Researching\B - AIoT Lab VN\VITOSA\another_test\Get_More\audio\Xs286Xdd4Nc.wav,Xs286Xdd4Nc_63.wav
2443.906,2452.03,8.124000000000251,0.8633424043655396,3,A:\A _ Working\Researching\B - AIoT Lab VN\VITOSA\another_test\Get_More\audio\9D00xkJM2ww.wav,9D00xkJM2ww_70.wav
1056.93,1064.67,7.740000000000009,0.863341212272644,17,A:\A _ Working\Researching\B - AIoT Lab VN\VITOSA\another_test\Get_More\audio\F0FDCeoa41k.wav,F0FDCeoa41k_59.wav
4498.53,4502.878,4.347999999999956,0.8633056879043579,17,A:\A _ Working\Researching\B - AIoT Lab VN\VITOSA\another_test\Get_More\audio\R6g946lCMPs.wav,R6g946lCMPs_108.wav
3517.218,3523.454,6.236000000000331,0.8632174730300903,6,A:\A _ Working\Researching\B - AIoT Lab VN\VITOSA\another_test\Get_More\audio\5kfLCjQhB9E.wav,5kfLCjQhB9E_84.wav
1977.282,1987.838,10.55600000000004,0.8631893396377563,13,A:\A _ Working\Researching\B - AIoT Lab VN\VITOSA\another_test\Get_More\audio\5RbEHUr5ezA.wav,5RbEHUr5ezA_58.wav
3308.898,3315.71,6.811999999999898,0.8630818128585815,15,A:\A _ Working\Researching\B - AIoT Lab VN\VITOSA\another_test\Get_More\audio\5RbEHUr5ezA.wav,5RbEHUr5ezA_59.wav
4041.026,4045.022,3.9960000000000946,0.8629924654960632,17,A:\A _ Working\Researching\B - AIoT Lab VN\VITOSA\another_test\Get_More\audio\ZL8rrh9cEQk.wav,ZL8rrh9cEQk_104.wav
3457.73,3469.534,11.804000000000087,0.862960934638977,17,A:\A _ Working\Researching\B - AIoT Lab VN\VITOSA\another_test\Get_More\audio\ZL8rrh9cEQk.wav,ZL8rrh9cEQk_105.wav
3049.122,3058.622,9.5,0.8629528284072876,16,A:\A _ Working\Researching\B - AIoT Lab VN\VITOSA\another_test\Get_More\audio\5PJoMB03vwI.wav,5PJoMB03vwI_64.wav
112.034,119.358,7.323999999999998,0.862946629524231,13,A:\A _ Working\Researching\B - AIoT Lab VN\VITOSA\another_test\Get_More\audio\y-6gIUvZ6f4.wav,y-6gIUvZ6f4_62.wav
3018.626,3029.342,10.715999999999894,0.8628666400909424,16,A:\A _ Working\Researching\B - AIoT Lab VN\VITOSA\another_test\Get_More\audio\kr0ypY0jAJI.wav,kr0ypY0jAJI_40.wav
526.594,536.926,10.331999999999994,0.8627049922943115,13,A:\A _ Working\Researching\B - AIoT Lab VN\VITOSA\another_test\Get_More\audio\9D00xkJM2ww.wav,9D00xkJM2ww_71.wav
285.762,291.454,5.692000000000007,0.862691342830658,8,A:\A _ Working\Researching\B - AIoT Lab VN\VITOSA\another_test\Get_More\audio\9D00xkJM2ww.wav,9D00xkJM2ww_72.wav
2711.266,2717.854,6.587999999999738,0.8626850843429565,13,A:\A _ Working\Researching\B - AIoT Lab VN\VITOSA\another_test\Get_More\audio\F0FDCeoa41k.wav,F0FDCeoa41k_60.wav
3516.002,3522.27,6.268000000000029,0.862657904624939,11,A:\A _ Working\Researching\B - AIoT Lab VN\VITOSA\another_test\Get_More\audio\Xs286Xdd4Nc.wav,Xs286Xdd4Nc_64.wav
3042.946,3052.83,9.884000000000015,0.8626550436019897,15,A:\A _ Working\Researching\B - AIoT Lab VN\VITOSA\another_test\Get_More\audio\ZL8rrh9cEQk.wav,ZL8rrh9cEQk_106.wav
3246.37,3259.39,13.019999999999982,0.8626390695571899,13,A:\A _ Working\Researching\B - AIoT Lab VN\VITOSA\another_test\Get_More\audio\5RbEHUr5ezA.wav,5RbEHUr5ezA_60.wav
313.986,319.806,5.819999999999993,0.8625555038452148,3,A:\A _ Working\Researching\B - AIoT Lab VN\VITOSA\another_test\Get_More\audio\F0FDCeoa41k.wav,F0FDCeoa41k_61.wav
3681.57,3687.774,6.2039999999997235,0.8624147176742554,13,A:\A _ Working\Researching\B - AIoT Lab VN\VITOSA\another_test\Get_More\audio\5kfLCjQhB9E.wav,5kfLCjQhB9E_85.wav
3335.746,3342.878,7.132000000000062,0.8624027967453003,13,A:\A _ Working\Researching\B - AIoT Lab VN\VITOSA\another_test\Get_More\audio\9D00xkJM2ww.wav,9D00xkJM2ww_73.wav
3164.962,3174.75,9.788000000000011,0.8623758554458618,3,A:\A _ Working\Researching\B - AIoT Lab VN\VITOSA\another_test\Get_More\audio\5kfLCjQhB9E.wav,5kfLCjQhB9E_86.wav
794.466,803.166,8.700000000000045,0.862359881401062,7,A:\A _ Working\Researching\B - AIoT Lab VN\VITOSA\another_test\Get_More\audio\5RbEHUr5ezA.wav,5RbEHUr5ezA_61.wav
4822.626,4828.574,5.947999999999411,0.8623520135879517,17,A:\A _ Working\Researching\B - AIoT Lab VN\VITOSA\another_test\Get_More\audio\qXHma6XYctI.wav,qXHma6XYctI_107.wav
3025.122,3034.686,9.564000000000306,0.8623443841934204,13,A:\A _ Working\Researching\B - AIoT Lab VN\VITOSA\another_test\Get_More\audio\eUFVxaNfhzA.wav,eUFVxaNfhzA_66.wav
459.778,469.086,9.307999999999993,0.8622651100158691,13,A:\A _ Working\Researching\B - AIoT Lab VN\VITOSA\another_test\Get_More\audio\R6g946lCMPs.wav,R6g946lCMPs_109.wav
3090.498,3096.222,5.72400000000016,0.8620468378067017,3,A:\A _ Working\Researching\B - AIoT Lab VN\VITOSA\another_test\Get_More\audio\5kfLCjQhB9E.wav,5kfLCjQhB9E_87.wav
2747.394,2757.47,10.076000000000022,0.8620043396949768,16,A:\A _ Working\Researching\B - AIoT Lab VN\VITOSA\another_test\Get_More\audio\F0FDCeoa41k.wav,F0FDCeoa41k_62.wav
905.73,912.958,7.227999999999952,0.8619996309280396,9,A:\A _ Working\Researching\B - AIoT Lab VN\VITOSA\another_test\Get_More\audio\RlOmT9AueBw.wav,RlOmT9AueBw_58.wav
1646.434,1657.118,10.683999999999969,0.8618873357772827,10,A:\A _ Working\Researching\B - AIoT Lab VN\VITOSA\another_test\Get_More\audio\qXHma6XYctI.wav,qXHma6XYctI_108.wav
4765.282,4774.398,9.115999999999985,0.8618806600570679,13,A:\A _ Working\Researching\B - AIoT Lab VN\VITOSA\another_test\Get_More\audio\qXHma6XYctI.wav,qXHma6XYctI_109.wav
1510.434,1521.886,11.451999999999998,0.8618793487548828,13,A:\A _ Working\Researching\B - AIoT Lab VN\VITOSA\another_test\Get_More\audio\5kfLCjQhB9E.wav,5kfLCjQhB9E_88.wav
1849.698,1860.542,10.843999999999824,0.8618355393409729,17,A:\A _ Working\Researching\B - AIoT Lab VN\VITOSA\another_test\Get_More\audio\_agW7zGT4nM.wav,_agW7zGT4nM_75.wav
1422.37,1432.894,10.524000000000115,0.861723780632019,17,A:\A _ Working\Researching\B - AIoT Lab VN\VITOSA\another_test\Get_More\audio\ZL8rrh9cEQk.wav,ZL8rrh9cEQk_107.wav
17.282,26.846,9.564,0.861702024936676,8,A:\A _ Working\Researching\B - AIoT Lab VN\VITOSA\another_test\Get_More\audio\7kB_BvGGN6s.wav,7kB_BvGGN6s_79.wav
69.794,77.214,7.420000000000002,0.8616949319839478,13,A:\A _ Working\Researching\B - AIoT Lab VN\VITOSA\another_test\Get_More\audio\5PJoMB03vwI.wav,5PJoMB03vwI_65.wav
2537.122,2544.382,7.260000000000218,0.8616522550582886,9,A:\A _ Working\Researching\B - AIoT Lab VN\VITOSA\another_test\Get_More\audio\ONBa0kwBjmQ.wav,ONBa0kwBjmQ_68.wav
958.146,967.006,8.860000000000014,0.8615860939025879,13,A:\A _ Working\Researching\B - AIoT Lab VN\VITOSA\another_test\Get_More\audio\jRU0twOCBeQ.wav,jRU0twOCBeQ_58.wav
4488.514,4492.542,4.028000000000247,0.8615533113479614,9,A:\A _ Working\Researching\B - AIoT Lab VN\VITOSA\another_test\Get_More\audio\R6g946lCMPs.wav,R6g946lCMPs_110.wav
216.386,226.238,9.852000000000004,0.8615204095840454,13,A:\A _ Working\Researching\B - AIoT Lab VN\VITOSA\another_test\Get_More\audio\5kfLCjQhB9E.wav,5kfLCjQhB9E_89.wav
3682.914,3692.382,9.467999999999847,0.8614919185638428,10,A:\A _ Working\Researching\B - AIoT Lab VN\VITOSA\another_test\Get_More\audio\ZL8rrh9cEQk.wav,ZL8rrh9cEQk_108.wav
3417.954,3429.182,11.22799999999961,0.8614256381988525,13,A:\A _ Working\Researching\B - AIoT Lab VN\VITOSA\another_test\Get_More\audio\5RbEHUr5ezA.wav,5RbEHUr5ezA_62.wav
185.154,189.182,4.027999999999992,0.8613916635513306,8,A:\A _ Working\Researching\B - AIoT Lab VN\VITOSA\another_test\Get_More\audio\eUFVxaNfhzA.wav,eUFVxaNfhzA_67.wav
895.586,901.566,5.980000000000018,0.8613814115524292,11,A:\A _ Working\Researching\B - AIoT Lab VN\VITOSA\another_test\Get_More\audio\ZL8rrh9cEQk.wav,ZL8rrh9cEQk_109.wav
14.914,22.366,7.452,0.8613595366477966,16,A:\A _ Working\Researching\B - AIoT Lab VN\VITOSA\another_test\Get_More\audio\_agW7zGT4nM.wav,_agW7zGT4nM_76.wav
1064.962,1070.622,5.660000000000082,0.8613414764404297,15,A:\A _ Working\Researching\B - AIoT Lab VN\VITOSA\another_test\Get_More\audio\ZL8rrh9cEQk.wav,ZL8rrh9cEQk_110.wav
348.45,354.814,6.364000000000033,0.8612657785415649,15,A:\A _ Working\Researching\B - AIoT Lab VN\VITOSA\another_test\Get_More\audio\fMfos_YBT0o.wav,fMfos_YBT0o_40.wav
1874.882,1887.806,12.923999999999978,0.8612403869628906,13,A:\A _ Working\Researching\B - AIoT Lab VN\VITOSA\another_test\Get_More\audio\jRU0twOCBeQ.wav,jRU0twOCBeQ_59.wav
2368.098,2379.518,11.420000000000073,0.8612027168273926,8,A:\A _ Working\Researching\B - AIoT Lab VN\VITOSA\another_test\Get_More\audio\kr0ypY0jAJI.wav,kr0ypY0jAJI_41.wav
2915.81,2923.07,7.260000000000218,0.8611684441566467,13,A:\A _ Working\Researching\B - AIoT Lab VN\VITOSA\another_test\Get_More\audio\5PJoMB03vwI.wav,5PJoMB03vwI_66.wav
1423.138,1433.982,10.844000000000051,0.8611656427383423,13,A:\A _ Working\Researching\B - AIoT Lab VN\VITOSA\another_test\Get_More\audio\R6g946lCMPs.wav,R6g946lCMPs_111.wav
2862.562,2872.382,9.820000000000164,0.8611242771148682,13,A:\A _ Working\Researching\B - AIoT Lab VN\VITOSA\another_test\Get_More\audio\5RbEHUr5ezA.wav,5RbEHUr5ezA_63.wav
2478.082,2488.222,10.140000000000327,0.8611087799072266,17,A:\A _ Working\Researching\B - AIoT Lab VN\VITOSA\another_test\Get_More\audio\ef_lApT7r54.wav,ef_lApT7r54_60.wav
2652.898,2660.094,7.195999999999913,0.8610842823982239,11,A:\A _ Working\Researching\B - AIoT Lab VN\VITOSA\another_test\Get_More\audio\ONBa0kwBjmQ.wav,ONBa0kwBjmQ_69.wav
2900.482,2912.798,12.315999999999804,0.8610800504684448,13,A:\A _ Working\Researching\B - AIoT Lab VN\VITOSA\another_test\Get_More\audio\RlOmT9AueBw.wav,RlOmT9AueBw_59.wav
532.322,537.79,5.467999999999961,0.8609423637390137,3,A:\A _ Working\Researching\B - AIoT Lab VN\VITOSA\another_test\Get_More\audio\_agW7zGT4nM.wav,_agW7zGT4nM_77.wav
2181.122,2189.95,8.827999999999975,0.8608922362327576,13,A:\A _ Working\Researching\B - AIoT Lab VN\VITOSA\another_test\Get_More\audio\R6g946lCMPs.wav,R6g946lCMPs_112.wav
2333.378,2339.326,5.947999999999865,0.8608723878860474,16,A:\A _ Working\Researching\B - AIoT Lab VN\VITOSA\another_test\Get_More\audio\9D00xkJM2ww.wav,9D00xkJM2ww_74.wav
3170.658,3175.678,5.019999999999982,0.8607808947563171,9,A:\A _ Working\Researching\B - AIoT Lab VN\VITOSA\another_test\Get_More\audio\eUFVxaNfhzA.wav,eUFVxaNfhzA_68.wav
718.434,722.91,4.475999999999999,0.8607324957847595,17,A:\A _ Working\Researching\B - AIoT Lab VN\VITOSA\another_test\Get_More\audio\9D00xkJM2ww.wav,9D00xkJM2ww_75.wav
3579.138,3588.126,8.988000000000284,0.8607007265090942,11,A:\A _ Working\Researching\B - AIoT Lab VN\VITOSA\another_test\Get_More\audio\5RbEHUr5ezA.wav,5RbEHUr5ezA_64.wav
4109.762,4114.686,4.923999999999978,0.8606215119361877,9,A:\A _ Working\Researching\B - AIoT Lab VN\VITOSA\another_test\Get_More\audio\ZL8rrh9cEQk.wav,ZL8rrh9cEQk_111.wav
591.65,593.406,1.7559999999999718,0.860582709312439,19,A:\A _ Working\Researching\B - AIoT Lab VN\VITOSA\another_test\Get_More\audio\Xs286Xdd4Nc.wav,Xs286Xdd4Nc_65.wav
4017.474,4022.046,4.571999999999662,0.8604862093925476,16,A:\A _ Working\Researching\B - AIoT Lab VN\VITOSA\another_test\Get_More\audio\5kfLCjQhB9E.wav,5kfLCjQhB9E_90.wav
2172.994,2175.934,2.9400000000000546,0.8604470491409302,6,A:\A _ Working\Researching\B - AIoT Lab VN\VITOSA\another_test\Get_More\audio\jRU0twOCBeQ.wav,jRU0twOCBeQ_60.wav
917.41,926.622,9.211999999999989,0.8604347705841064,11,A:\A _ Working\Researching\B - AIoT Lab VN\VITOSA\another_test\Get_More\audio\ONBa0kwBjmQ.wav,ONBa0kwBjmQ_70.wav
2512.258,2514.206,1.9480000000003201,0.8604326844215393,19,A:\A _ Working\Researching\B - AIoT Lab VN\VITOSA\another_test\Get_More\audio\5PJoMB03vwI.wav,5PJoMB03vwI_67.wav
3372.738,3378.174,5.436000000000149,0.8604243993759155,18,A:\A _ Working\Researching\B - AIoT Lab VN\VITOSA\another_test\Get_More\audio\ef_lApT7r54.wav,ef_lApT7r54_61.wav
485.41,499.102,13.69199999999995,0.8602966666221619,16,A:\A _ Working\Researching\B - AIoT Lab VN\VITOSA\another_test\Get_More\audio\eUFVxaNfhzA.wav,eUFVxaNfhzA_69.wav
603.298,609.246,5.947999999999979,0.8602911233901978,16,A:\A _ Working\Researching\B - AIoT Lab VN\VITOSA\another_test\Get_More\audio\9D00xkJM2ww.wav,9D00xkJM2ww_76.wav
3267.042,3276.702,9.66000000000031,0.8602347373962402,3,A:\A _ Working\Researching\B - AIoT Lab VN\VITOSA\another_test\Get_More\audio\5kfLCjQhB9E.wav,5kfLCjQhB9E_91.wav
2819.842,2828.67,8.827999999999975,0.8602314591407776,13,A:\A _ Working\Researching\B - AIoT Lab VN\VITOSA\another_test\Get_More\audio\RlOmT9AueBw.wav,RlOmT9AueBw_60.wav
582.594,593.246,10.65199999999993,0.8602199554443359,10,A:\A _ Working\Researching\B - AIoT Lab VN\VITOSA\another_test\Get_More\audio\7kB_BvGGN6s.wav,7kB_BvGGN6s_80.wav
1866.402,1875.198,8.79600000000005,0.8602109551429749,15,A:\A _ Working\Researching\B - AIoT Lab VN\VITOSA\another_test\Get_More\audio\_agW7zGT4nM.wav,_agW7zGT4nM_78.wav
2559.106,2566.622,7.515999999999622,0.8601406216621399,11,A:\A _ Working\Researching\B - AIoT Lab VN\VITOSA\another_test\Get_More\audio\5kfLCjQhB9E.wav,5kfLCjQhB9E_92.wav
552.034,556.542,4.508000000000038,0.8600979447364807,17,A:\A _ Working\Researching\B - AIoT Lab VN\VITOSA\another_test\Get_More\audio\qXHma6XYctI.wav,qXHma6XYctI_110.wav
105.634,109.374,3.739999999999995,0.860061526298523,13,A:\A _ Working\Researching\B - AIoT Lab VN\VITOSA\another_test\Get_More\audio\F0FDCeoa41k.wav,F0FDCeoa41k_63.wav
1760.418,1766.942,6.524000000000115,0.8600597381591797,17,A:\A _ Working\Researching\B - AIoT Lab VN\VITOSA\another_test\Get_More\audio\ef_lApT7r54.wav,ef_lApT7r54_62.wav
13.57,23.358,9.788,0.860044002532959,9,A:\A _ Working\Researching\B - AIoT Lab VN\VITOSA\another_test\Get_More\audio\eUFVxaNfhzA.wav,eUFVxaNfhzA_70.wav
2749.762,2758.366,8.603999999999814,0.8599808216094971,9,A:\A _ Working\Researching\B - AIoT Lab VN\VITOSA\another_test\Get_More\audio\jRU0twOCBeQ.wav,jRU0twOCBeQ_61.wav
986.626,995.934,9.307999999999993,0.8599652051925659,17,A:\A _ Working\Researching\B - AIoT Lab VN\VITOSA\another_test\Get_More\audio\eUFVxaNfhzA.wav,eUFVxaNfhzA_71.wav
879.938,881.95,2.0120000000000573,0.8599095940589905,18,A:\A _ Working\Researching\B - AIoT Lab VN\VITOSA\another_test\Get_More\audio\5RbEHUr5ezA.wav,5RbEHUr5ezA_65.wav
340.866,346.622,5.756000000000029,0.859864354133606,16,A:\A _ Working\Researching\B - AIoT Lab VN\VITOSA\another_test\Get_More\audio\9D00xkJM2ww.wav,9D00xkJM2ww_77.wav
582.722,594.11,11.388000000000034,0.8598520755767822,13,A:\A _ Working\Researching\B - AIoT Lab VN\VITOSA\another_test\Get_More\audio\fMfos_YBT0o.wav,fMfos_YBT0o_41.wav
1116.834,1121.566,4.731999999999971,0.8597871661186218,10,A:\A _ Working\Researching\B - AIoT Lab VN\VITOSA\another_test\Get_More\audio\9D00xkJM2ww.wav,9D00xkJM2ww_78.wav
1123.17,1126.782,3.6119999999998527,0.8597660660743713,13,A:\A _ Working\Researching\B - AIoT Lab VN\VITOSA\another_test\Get_More\audio\w_Fr7m0rntQ.wav,w_Fr7m0rntQ_61.wav
780.162,789.022,8.860000000000014,0.8597486019134521,3,A:\A _ Working\Researching\B - AIoT Lab VN\VITOSA\another_test\Get_More\audio\jRU0twOCBeQ.wav,jRU0twOCBeQ_62.wav
1662.306,1671.262,8.955999999999904,0.8596885204315186,13,A:\A _ Working\Researching\B - AIoT Lab VN\VITOSA\another_test\Get_More\audio\y-6gIUvZ6f4.wav,y-6gIUvZ6f4_63.wav
706.306,712.414,6.107999999999947,0.8595080971717834,3,A:\A _ Working\Researching\B - AIoT Lab VN\VITOSA\another_test\Get_More\audio\hRYWiO-zi5s.wav,hRYWiO-zi5s_6.wav
2068.194,2078.238,10.043999999999869,0.8595026731491089,13,A:\A _ Working\Researching\B - AIoT Lab VN\VITOSA\another_test\Get_More\audio\R6g946lCMPs.wav,R6g946lCMPs_113.wav
2783.842,2793.182,9.33999999999969,0.859498143196106,13,A:\A _ Working\Researching\B - AIoT Lab VN\VITOSA\another_test\Get_More\audio\Xs286Xdd4Nc.wav,Xs286Xdd4Nc_66.wav
3569.506,3577.726,8.220000000000255,0.859442412853241,11,A:\A _ Working\Researching\B - AIoT Lab VN\VITOSA\another_test\Get_More\audio\jRU0twOCBeQ.wav,jRU0twOCBeQ_63.wav
1745.986,1751.966,5.979999999999791,0.8593922853469849,13,A:\A _ Working\Researching\B - AIoT Lab VN\VITOSA\another_test\Get_More\audio\7kB_BvGGN6s.wav,7kB_BvGGN6s_81.wav
1715.714,1722.91,7.19600000000014,0.8592897653579712,13,A:\A _ Working\Researching\B - AIoT Lab VN\VITOSA\another_test\Get_More\audio\R6g946lCMPs.wav,R6g946lCMPs_114.wav
277.154,283.038,5.8840000000000146,0.8592761754989624,9,A:\A _ Working\Researching\B - AIoT Lab VN\VITOSA\another_test\Get_More\audio\RlOmT9AueBw.wav,RlOmT9AueBw_61.wav
664.93,673.438,8.508000000000038,0.8592479825019836,15,A:\A _ Working\Researching\B - AIoT Lab VN\VITOSA\another_test\Get_More\audio\eUFVxaNfhzA.wav,eUFVxaNfhzA_72.wav
3445.41,3450.878,5.468000000000302,0.8592422008514404,3,A:\A _ Working\Researching\B - AIoT Lab VN\VITOSA\another_test\Get_More\audio\hrS5Tdh0VTU.wav,hrS5Tdh0VTU_83.wav
820.194,825.662,5.468000000000075,0.8592332601547241,13,A:\A _ Working\Researching\B - AIoT Lab VN\VITOSA\another_test\Get_More\audio\eUFVxaNfhzA.wav,eUFVxaNfhzA_73.wav
2940.962,2945.598,4.635999999999967,0.8592283725738525,15,A:\A _ Working\Researching\B - AIoT Lab VN\VITOSA\another_test\Get_More\audio\qXHma6XYctI.wav,qXHma6XYctI_111.wav
3075.618,3084.478,8.860000000000127,0.8591246008872986,15,A:\A _ Working\Researching\B - AIoT Lab VN\VITOSA\another_test\Get_More\audio\RlOmT9AueBw.wav,RlOmT9AueBw_62.wav
988.898,996.158,7.259999999999991,0.8590799570083618,13,A:\A _ Working\Researching\B - AIoT Lab VN\VITOSA\another_test\Get_More\audio\Xs286Xdd4Nc.wav,Xs286Xdd4Nc_67.wav
3451.682,3463.902,12.220000000000255,0.8590492010116577,13,A:\A _ Working\Researching\B - AIoT Lab VN\VITOSA\another_test\Get_More\audio\5RbEHUr5ezA.wav,5RbEHUr5ezA_66.wav
3541.41,3546.878,5.468000000000302,0.859036386013031,13,A:\A _ Working\Researching\B - AIoT Lab VN\VITOSA\another_test\Get_More\audio\7kB_BvGGN6s.wav,7kB_BvGGN6s_82.wav
3575.97,3584.158,8.188000000000102,0.859019935131073,2,A:\A _ Working\Researching\B - AIoT Lab VN\VITOSA\another_test\Get_More\audio\qXHma6XYctI.wav,qXHma6XYctI_112.wav
2532.322,2537.47,5.1479999999996835,0.8589667081832886,3,A:\A _ Working\Researching\B - AIoT Lab VN\VITOSA\another_test\Get_More\audio\_agW7zGT4nM.wav,_agW7zGT4nM_79.wav
897.986,909.534,11.548000000000002,0.8589311838150024,6,A:\A _ Working\Researching\B - AIoT Lab VN\VITOSA\another_test\Get_More\audio\fMfos_YBT0o.wav,fMfos_YBT0o_42.wav
1499.49,1504.382,4.892000000000053,0.8589158058166504,16,A:\A _ Working\Researching\B - AIoT Lab VN\VITOSA\another_test\Get_More\audio\ZL8rrh9cEQk.wav,ZL8rrh9cEQk_112.wav
944.354,949.022,4.668000000000006,0.858884334564209,13,A:\A _ Working\Researching\B - AIoT Lab VN\VITOSA\another_test\Get_More\audio\y-6gIUvZ6f4.wav,y-6gIUvZ6f4_64.wav
2620.802,2633.918,13.115999999999985,0.8587710857391357,13,A:\A _ Working\Researching\B - AIoT Lab VN\VITOSA\another_test\Get_More\audio\7kB_BvGGN6s.wav,7kB_BvGGN6s_83.wav
3819.074,3824.83,5.755999999999858,0.8586627840995789,10,A:\A _ Working\Researching\B - AIoT Lab VN\VITOSA\another_test\Get_More\audio\ZL8rrh9cEQk.wav,ZL8rrh9cEQk_113.wav
1043.682,1052.382,8.700000000000045,0.8586533069610596,13,A:\A _ Working\Researching\B - AIoT Lab VN\VITOSA\another_test\Get_More\audio\RlOmT9AueBw.wav,RlOmT9AueBw_63.wav
1831.17,1837.47,6.2999999999999545,0.8586467504501343,16,A:\A _ Working\Researching\B - AIoT Lab VN\VITOSA\another_test\Get_More\audio\F0FDCeoa41k.wav,F0FDCeoa41k_64.wav
3057.058,3066.718,9.659999999999854,0.8586091995239258,13,A:\A _ Working\Researching\B - AIoT Lab VN\VITOSA\another_test\Get_More\audio\R6g946lCMPs.wav,R6g946lCMPs_115.wav
1883.17,1887.646,4.475999999999885,0.8585773706436157,15,A:\A _ Working\Researching\B - AIoT Lab VN\VITOSA\another_test\Get_More\audio\_agW7zGT4nM.wav,_agW7zGT4nM_80.wav
288.642,297.438,8.795999999999992,0.8585543036460876,13,A:\A _ Working\Researching\B - AIoT Lab VN\VITOSA\another_test\Get_More\audio\5kfLCjQhB9E.wav,5kfLCjQhB9E_93.wav
2891.106,2895.838,4.731999999999971,0.8585528135299683,13,A:\A _ Working\Researching\B - AIoT Lab VN\VITOSA\another_test\Get_More\audio\F0FDCeoa41k.wav,F0FDCeoa41k_65.wav
1063.49,1068.094,4.604000000000042,0.8585458993911743,11,A:\A _ Working\Researching\B - AIoT Lab VN\VITOSA\another_test\Get_More\audio\S18XXLEo6uE.wav,S18XXLEo6uE_80.wav
2996.194,3001.566,5.371999999999844,0.8584837317466736,15,A:\A _ Working\Researching\B - AIoT Lab VN\VITOSA\another_test\Get_More\audio\jRU0twOCBeQ.wav,jRU0twOCBeQ_64.wav
3363.298,3370.174,6.876000000000204,0.8584737181663513,13,A:\A _ Working\Researching\B - AIoT Lab VN\VITOSA\another_test\Get_More\audio\Xs286Xdd4Nc.wav,Xs286Xdd4Nc_68.wav
439.042,452.03,12.988,0.8584710359573364,13,A:\A _ Working\Researching\B - AIoT Lab VN\VITOSA\another_test\Get_More\audio\qXHma6XYctI.wav,qXHma6XYctI_113.wav
481.25,484.798,3.548000000000002,0.8584502339363098,13,A:\A _ Working\Researching\B - AIoT Lab VN\VITOSA\another_test\Get_More\audio\5kfLCjQhB9E.wav,5kfLCjQhB9E_94.wav
1697.666,1711.262,13.596000000000004,0.858426034450531,13,A:\A _ Working\Researching\B - AIoT Lab VN\VITOSA\another_test\Get_More\audio\7kB_BvGGN6s.wav,7kB_BvGGN6s_84.wav
1080.77,1087.166,6.395999999999958,0.8584079742431641,3,A:\A _ Working\Researching\B - AIoT Lab VN\VITOSA\another_test\Get_More\audio\w_Fr7m0rntQ.wav,w_Fr7m0rntQ_62.wav
1257.922,1264.03,6.107999999999947,0.8583230972290039,13,A:\A _ Working\Researching\B - AIoT Lab VN\VITOSA\another_test\Get_More\audio\_agW7zGT4nM.wav,_agW7zGT4nM_81.wav
3973.538,3985.278,11.739999999999782,0.8583077192306519,3,A:\A _ Working\Researching\B - AIoT Lab VN\VITOSA\another_test\Get_More\audio\qXHma6XYctI.wav,qXHma6XYctI_114.wav
391.906,400.19,8.283999999999992,0.8581717610359192,17,A:\A _ Working\Researching\B - AIoT Lab VN\VITOSA\another_test\Get_More\audio\3bbPKJQL5Pc.wav,3bbPKJQL5Pc_10.wav
2202.018,2208.318,6.300000000000182,0.8581553101539612,3,A:\A _ Working\Researching\B - AIoT Lab VN\VITOSA\another_test\Get_More\audio\5kfLCjQhB9E.wav,5kfLCjQhB9E_95.wav
106.85,112.99,6.140000000000001,0.8581494092941284,12,A:\A _ Working\Researching\B - AIoT Lab VN\VITOSA\another_test\Get_More\audio\5PJoMB03vwI.wav,5PJoMB03vwI_68.wav
186.114,197.278,11.163999999999987,0.8581244945526123,17,A:\A _ Working\Researching\B - AIoT Lab VN\VITOSA\another_test\Get_More\audio\F0FDCeoa41k.wav,F0FDCeoa41k_66.wav
171.97,176.51,4.539999999999992,0.8581179976463318,17,A:\A _ Working\Researching\B - AIoT Lab VN\VITOSA\another_test\Get_More\audio\Xs286Xdd4Nc.wav,Xs286Xdd4Nc_69.wav
2213.25,2225.47,12.2199999999998,0.8579718470573425,13,A:\A _ Working\Researching\B - AIoT Lab VN\VITOSA\another_test\Get_More\audio\kr0ypY0jAJI.wav,kr0ypY0jAJI_42.wav
3613.186,3619.678,6.491999999999734,0.8578888773918152,16,A:\A _ Working\Researching\B - AIoT Lab VN\VITOSA\another_test\Get_More\audio\5RbEHUr5ezA.wav,5RbEHUr5ezA_67.wav
1817.314,1822.974,5.6599999999998545,0.8578472137451172,13,A:\A _ Working\Researching\B - AIoT Lab VN\VITOSA\another_test\Get_More\audio\5PJoMB03vwI.wav,5PJoMB03vwI_69.wav
2735.49,2746.366,10.876000000000204,0.8578418493270874,12,A:\A _ Working\Researching\B - AIoT Lab VN\VITOSA\another_test\Get_More\audio\S18XXLEo6uE.wav,S18XXLEo6uE_81.wav
465.346,473.854,8.507999999999981,0.8577522039413452,13,A:\A _ Working\Researching\B - AIoT Lab VN\VITOSA\another_test\Get_More\audio\y-6gIUvZ6f4.wav,y-6gIUvZ6f4_65.wav
3416.098,3424.574,8.476000000000113,0.8577089309692383,13,A:\A _ Working\Researching\B - AIoT Lab VN\VITOSA\another_test\Get_More\audio\ONBa0kwBjmQ.wav,ONBa0kwBjmQ_71.wav
3779.49,3786.91,7.420000000000073,0.8576701879501343,17,A:\A _ Working\Researching\B - AIoT Lab VN\VITOSA\another_test\Get_More\audio\5RbEHUr5ezA.wav,5RbEHUr5ezA_68.wav
994.882,999.23,4.34800000000007,0.8576546907424927,9,A:\A _ Working\Researching\B - AIoT Lab VN\VITOSA\another_test\Get_More\audio\R6g946lCMPs.wav,R6g946lCMPs_116.wav
197.826,211.422,13.596000000000004,0.8575939536094666,17,A:\A _ Working\Researching\B - AIoT Lab VN\VITOSA\another_test\Get_More\audio\ONBa0kwBjmQ.wav,ONBa0kwBjmQ_72.wav
389.538,393.758,4.21999999999997,0.8575257062911987,9,A:\A _ Working\Researching\B - AIoT Lab VN\VITOSA\another_test\Get_More\audio\ef_lApT7r54.wav,ef_lApT7r54_63.wav
254.37,260.862,6.492000000000019,0.8574682474136353,15,A:\A _ Working\Researching\B - AIoT Lab VN\VITOSA\another_test\Get_More\audio\hrS5Tdh0VTU.wav,hrS5Tdh0VTU_84.wav
1305.442,1311.806,6.364000000000033,0.8574633002281189,13,A:\A _ Working\Researching\B - AIoT Lab VN\VITOSA\another_test\Get_More\audio\5kfLCjQhB9E.wav,5kfLCjQhB9E_96.wav
3312.642,3319.55,6.9080000000003565,0.857398271560669,9,A:\A _ Working\Researching\B - AIoT Lab VN\VITOSA\another_test\Get_More\audio\_agW7zGT4nM.wav,_agW7zGT4nM_82.wav
3727.202,3732.734,5.531999999999698,0.8573676943778992,17,A:\A _ Working\Researching\B - AIoT Lab VN\VITOSA\another_test\Get_More\audio\5RbEHUr5ezA.wav,5RbEHUr5ezA_69.wav
65.57,74.046,8.476000000000013,0.8573365807533264,13,A:\A _ Working\Researching\B - AIoT Lab VN\VITOSA\another_test\Get_More\audio\ef_lApT7r54.wav,ef_lApT7r54_64.wav
2008.194,2018.27,10.076000000000022,0.8572636246681213,13,A:\A _ Working\Researching\B - AIoT Lab VN\VITOSA\another_test\Get_More\audio\5kfLCjQhB9E.wav,5kfLCjQhB9E_97.wav
626.146,631.87,5.724000000000046,0.8572065830230713,13,A:\A _ Working\Researching\B - AIoT Lab VN\VITOSA\another_test\Get_More\audio\9D00xkJM2ww.wav,9D00xkJM2ww_79.wav
812.61,825.182,12.572000000000003,0.8571973443031311,13,A:\A _ Working\Researching\B - AIoT Lab VN\VITOSA\another_test\Get_More\audio\jRU0twOCBeQ.wav,jRU0twOCBeQ_65.wav
3375.874,3380.862,4.988000000000284,0.8569652438163757,3,A:\A _ Working\Researching\B - AIoT Lab VN\VITOSA\another_test\Get_More\audio\5PJoMB03vwI.wav,5PJoMB03vwI_70.wav
1933.282,1943.038,9.756000000000085,0.8569208383560181,13,A:\A _ Working\Researching\B - AIoT Lab VN\VITOSA\another_test\Get_More\audio\RlOmT9AueBw.wav,RlOmT9AueBw_64.wav
1771.906,1784.414,12.508000000000038,0.8568156361579895,13,A:\A _ Working\Researching\B - AIoT Lab VN\VITOSA\another_test\Get_More\audio\_agW7zGT4nM.wav,_agW7zGT4nM_83.wav
953.314,964.606,11.29200000000003,0.8567913174629211,3,A:\A _ Working\Researching\B - AIoT Lab VN\VITOSA\another_test\Get_More\audio\Xs286Xdd4Nc.wav,Xs286Xdd4Nc_70.wav
815.138,827.006,11.867999999999938,0.8567341566085815,13,A:\A _ Working\Researching\B - AIoT Lab VN\VITOSA\another_test\Get_More\audio\Xs286Xdd4Nc.wav,Xs286Xdd4Nc_71.wav
1805.25,1814.526,9.276000000000067,0.8567251563072205,13,A:\A _ Working\Researching\B - AIoT Lab VN\VITOSA\another_test\Get_More\audio\jRU0twOCBeQ.wav,jRU0twOCBeQ_66.wav
2060.354,2065.662,5.307999999999993,0.8567052483558655,15,A:\A _ Working\Researching\B - AIoT Lab VN\VITOSA\another_test\Get_More\audio\jRU0twOCBeQ.wav,jRU0twOCBeQ_67.wav
400.066,407.838,7.772000000000048,0.8566532135009766,17,A:\A _ Working\Researching\B - AIoT Lab VN\VITOSA\another_test\Get_More\audio\eUFVxaNfhzA.wav,eUFVxaNfhzA_74.wav
2851.906,2862.782,10.876000000000204,0.8566227555274963,13,A:\A _ Working\Researching\B - AIoT Lab VN\VITOSA\another_test\Get_More\audio\y-6gIUvZ6f4.wav,y-6gIUvZ6f4_66.wav
495.746,500.958,5.212000000000046,0.8566170930862427,13,A:\A _ Working\Researching\B - AIoT Lab VN\VITOSA\another_test\Get_More\audio\kr0ypY0jAJI.wav,kr0ypY0jAJI_43.wav
1389.538,1402.43,12.892000000000053,0.8565245866775513,16,A:\A _ Working\Researching\B - AIoT Lab VN\VITOSA\another_test\Get_More\audio\S18XXLEo6uE.wav,S18XXLEo6uE_82.wav
2018.658,2023.294,4.636000000000195,0.8564215898513794,13,A:\A _ Working\Researching\B - AIoT Lab VN\VITOSA\another_test\Get_More\audio\RlOmT9AueBw.wav,RlOmT9AueBw_65.wav
220.386,226.206,5.819999999999993,0.8563536405563354,16,A:\A _ Working\Researching\B - AIoT Lab VN\VITOSA\another_test\Get_More\audio\_agW7zGT4nM.wav,_agW7zGT4nM_84.wav
1995.394,2002.75,7.3559999999999945,0.8563302159309387,13,A:\A _ Working\Researching\B - AIoT Lab VN\VITOSA\another_test\Get_More\audio\5kfLCjQhB9E.wav,5kfLCjQhB9E_98.wav
1272.866,1280.702,7.836000000000013,0.8563209772109985,13,A:\A _ Working\Researching\B - AIoT Lab VN\VITOSA\another_test\Get_More\audio\7kB_BvGGN6s.wav,7kB_BvGGN6s_85.wav
1544.194,1553.95,9.756000000000085,0.856182336807251,13,A:\A _ Working\Researching\B - AIoT Lab VN\VITOSA\another_test\Get_More\audio\qXHma6XYctI.wav,qXHma6XYctI_115.wav
2262.498,2269.982,7.483999999999924,0.8561774492263794,3,A:\A _ Working\Researching\B - AIoT Lab VN\VITOSA\another_test\Get_More\audio\R6g946lCMPs.wav,R6g946lCMPs_117.wav
1039.17,1044.67,5.5,0.8561678528785706,13,A:\A _ Working\Researching\B - AIoT Lab VN\VITOSA\another_test\Get_More\audio\w_Fr7m0rntQ.wav,w_Fr7m0rntQ_63.wav
2913.538,2919.518,5.980000000000018,0.8561253547668457,13,A:\A _ Working\Researching\B - AIoT Lab VN\VITOSA\another_test\Get_More\audio\kr0ypY0jAJI.wav,kr0ypY0jAJI_44.wav
1451.426,1459.582,8.156000000000176,0.8560318946838379,3,A:\A _ Working\Researching\B - AIoT Lab VN\VITOSA\another_test\Get_More\audio\kr0ypY0jAJI.wav,kr0ypY0jAJI_45.wav
3136.13,3146.718,10.587999999999738,0.8559920787811279,13,A:\A _ Working\Researching\B - AIoT Lab VN\VITOSA\another_test\Get_More\audio\hrS5Tdh0VTU.wav,hrS5Tdh0VTU_85.wav
3156.002,3159.358,3.356000000000222,0.8559844493865967,3,A:\A _ Working\Researching\B - AIoT Lab VN\VITOSA\another_test\Get_More\audio\5kfLCjQhB9E.wav,5kfLCjQhB9E_99.wav
2713.73,2722.526,8.795999999999822,0.8559702634811401,13,A:\A _ Working\Researching\B - AIoT Lab VN\VITOSA\another_test\Get_More\audio\jRU0twOCBeQ.wav,jRU0twOCBeQ_68.wav
3256.642,3265.342,8.700000000000273,0.855955958366394,13,A:\A _ Working\Researching\B - AIoT Lab VN\VITOSA\another_test\Get_More\audio\ef_lApT7r54.wav,ef_lApT7r54_65.wav
1072.13,1082.558,10.427999999999884,0.8558905124664307,15,A:\A _ Working\Researching\B - AIoT Lab VN\VITOSA\another_test\Get_More\audio\jRU0twOCBeQ.wav,jRU0twOCBeQ_69.wav
843.714,853.726,10.011999999999944,0.8558743000030518,3,A:\A _ Working\Researching\B - AIoT Lab VN\VITOSA\another_test\Get_More\audio\F0FDCeoa41k.wav,F0FDCeoa41k_67.wav
1114.882,1122.654,7.7719999999999345,0.8558619022369385,16,A:\A _ Working\Researching\B - AIoT Lab VN\VITOSA\another_test\Get_More\audio\ONBa0kwBjmQ.wav,ONBa0kwBjmQ_73.wav
564.418,570.942,6.524000000000001,0.8558201193809509,17,A:\A _ Working\Researching\B - AIoT Lab VN\VITOSA\another_test\Get_More\audio\qXHma6XYctI.wav,qXHma6XYctI_116.wav
1878.37,1885.726,7.356000000000222,0.8557935953140259,13,A:\A _ Working\Researching\B - AIoT Lab VN\VITOSA\another_test\Get_More\audio\w_Fr7m0rntQ.wav,w_Fr7m0rntQ_64.wav
3231.394,3241.502,10.108000000000175,0.855768084526062,13,A:\A _ Working\Researching\B - AIoT Lab VN\VITOSA\another_test\Get_More\audio\5kfLCjQhB9E.wav,5kfLCjQhB9E_100.wav
1733.762,1744.062,10.299999999999955,0.8557589650154114,3,A:\A _ Working\Researching\B - AIoT Lab VN\VITOSA\another_test\Get_More\audio\R6g946lCMPs.wav,R6g946lCMPs_118.wav
51.554,65.182,13.628,0.8557572364807129,13,A:\A _ Working\Researching\B - AIoT Lab VN\VITOSA\another_test\Get_More\audio\hrS5Tdh0VTU.wav,hrS5Tdh0VTU_86.wav
3457.538,3464.222,6.6840000000001965,0.85573410987854,10,A:\A _ Working\Researching\B - AIoT Lab VN\VITOSA\another_test\Get_More\audio\S18XXLEo6uE.wav,S18XXLEo6uE_83.wav
881.058,887.486,6.427999999999997,0.8556739091873169,10,A:\A _ Working\Researching\B - AIoT Lab VN\VITOSA\another_test\Get_More\audio\9D00xkJM2ww.wav,9D00xkJM2ww_80.wav
1739.81,1745.502,5.692000000000007,0.8556725382804871,9,A:\A _ Working\Researching\B - AIoT Lab VN\VITOSA\another_test\Get_More\audio\hrS5Tdh0VTU.wav,hrS5Tdh0VTU_87.wav
1150.274,1159.71,9.43600000000015,0.8556501269340515,15,A:\A _ Working\Researching\B - AIoT Lab VN\VITOSA\another_test\Get_More\audio\S18XXLEo6uE.wav,S18XXLEo6uE_84.wav
2904.002,2909.598,5.596000000000004,0.8555353879928589,13,A:\A _ Working\Researching\B - AIoT Lab VN\VITOSA\another_test\Get_More\audio\9D00xkJM2ww.wav,9D00xkJM2ww_81.wav
96.194,105.726,9.531999999999996,0.8554491996765137,13,A:\A _ Working\Researching\B - AIoT Lab VN\VITOSA\another_test\Get_More\audio\RlOmT9AueBw.wav,RlOmT9AueBw_66.wav
3154.402,3157.918,3.5160000000000764,0.8554471731185913,11,A:\A _ Working\Researching\B - AIoT Lab VN\VITOSA\another_test\Get_More\audio\ZL8rrh9cEQk.wav,ZL8rrh9cEQk_114.wav
3104.29,3109.918,5.628000000000156,0.8554043769836426,13,A:\A _ Working\Researching\B - AIoT Lab VN\VITOSA\another_test\Get_More\audio\9D00xkJM2ww.wav,9D00xkJM2ww_82.wav
3418.018,3429.982,11.963999999999942,0.8553969860076904,13,A:\A _ Working\Researching\B - AIoT Lab VN\VITOSA\another_test\Get_More\audio\S18XXLEo6uE.wav,S18XXLEo6uE_85.wav
3758.082,3765.118,7.036000000000058,0.8553752899169922,10,A:\A _ Working\Researching\B - AIoT Lab VN\VITOSA\another_test\Get_More\audio\ZL8rrh9cEQk.wav,ZL8rrh9cEQk_115.wav
34.85,43.166,8.315999999999995,0.8552623391151428,17,A:\A _ Working\Researching\B - AIoT Lab VN\VITOSA\another_test\Get_More\audio\3bbPKJQL5Pc.wav,3bbPKJQL5Pc_11.wav
1625.25,1631.454,6.203999999999951,0.8551971316337585,13,A:\A _ Working\Researching\B - AIoT Lab VN\VITOSA\another_test\Get_More\audio\7kB_BvGGN6s.wav,7kB_BvGGN6s_86.wav
2289.698,2298.014,8.316000000000258,0.8551495671272278,0,A:\A _ Working\Researching\B - AIoT Lab VN\VITOSA\another_test\Get_More\audio\9D00xkJM2ww.wav,9D00xkJM2ww_83.wav
1440.322,1444.766,4.444000000000187,0.8551414608955383,17,A:\A _ Working\Researching\B - AIoT Lab VN\VITOSA\another_test\Get_More\audio\ZL8rrh9cEQk.wav,ZL8rrh9cEQk_116.wav
3020.386,3028.67,8.284000000000106,0.8551337718963623,15,A:\A _ Working\Researching\B - AIoT Lab VN\VITOSA\another_test\Get_More\audio\jRU0twOCBeQ.wav,jRU0twOCBeQ_70.wav
3605.858,3609.438,3.5799999999999272,0.855132520198822,13,A:\A _ Working\Researching\B - AIoT Lab VN\VITOSA\another_test\Get_More\audio\jRU0twOCBeQ.wav,jRU0twOCBeQ_71.wav
2942.05,2946.91,4.859999999999673,0.8551291823387146,15,A:\A _ Working\Researching\B - AIoT Lab VN\VITOSA\another_test\Get_More\audio\Xs286Xdd4Nc.wav,Xs286Xdd4Nc_72.wav
3809.09,3813.95,4.859999999999673,0.855076014995575,10,A:\A _ Working\Researching\B - AIoT Lab VN\VITOSA\another_test\Get_More\audio\qXHma6XYctI.wav,qXHma6XYctI_117.wav
405.474,414.942,9.468000000000018,0.8549919128417969,13,A:\A _ Working\Researching\B - AIoT Lab VN\VITOSA\another_test\Get_More\audio\kr0ypY0jAJI.wav,kr0ypY0jAJI_46.wav
652.802,662.334,9.531999999999925,0.8548856377601624,13,A:\A _ Working\Researching\B - AIoT Lab VN\VITOSA\another_test\Get_More\audio\5kfLCjQhB9E.wav,5kfLCjQhB9E_101.wav
2865.186,2872.03,6.844000000000051,0.8548564910888672,9,A:\A _ Working\Researching\B - AIoT Lab VN\VITOSA\another_test\Get_More\audio\jRU0twOCBeQ.wav,jRU0twOCBeQ_72.wav
2161.314,2164.862,3.548000000000229,0.8548516035079956,10,A:\A _ Working\Researching\B - AIoT Lab VN\VITOSA\another_test\Get_More\audio\w_Fr7m0rntQ.wav,w_Fr7m0rntQ_65.wav
1107.426,1113.63,6.204000000000178,0.8547458052635193,15,A:\A _ Working\Researching\B - AIoT Lab VN\VITOSA\another_test\Get_More\audio\ZL8rrh9cEQk.wav,ZL8rrh9cEQk_117.wav
485.89,490.238,4.348000000000013,0.8546997308731079,9,A:\A _ Working\Researching\B - AIoT Lab VN\VITOSA\another_test\Get_More\audio\fMfos_YBT0o.wav,fMfos_YBT0o_43.wav
1057.026,1064.638,7.611999999999853,0.8546650409698486,15,A:\A _ Working\Researching\B - AIoT Lab VN\VITOSA\another_test\Get_More\audio\Xs286Xdd4Nc.wav,Xs286Xdd4Nc_73.wav
2710.178,2723.678,13.5,0.854617714881897,17,A:\A _ Working\Researching\B - AIoT Lab VN\VITOSA\another_test\Get_More\audio\9D00xkJM2ww.wav,9D00xkJM2ww_84.wav
655.938,666.878,10.940000000000055,0.8544985055923462,16,A:\A _ Working\Researching\B - AIoT Lab VN\VITOSA\another_test\Get_More\audio\ef_lApT7r54.wav,ef_lApT7r54_66.wav
1738.466,1747.166,8.700000000000045,0.8543965816497803,9,A:\A _ Working\Researching\B - AIoT Lab VN\VITOSA\another_test\Get_More\audio\jRU0twOCBeQ.wav,jRU0twOCBeQ_73.wav
590.754,597.534,6.779999999999973,0.854394793510437,13,A:\A _ Working\Researching\B - AIoT Lab VN\VITOSA\another_test\Get_More\audio\hRYWiO-zi5s.wav,hRYWiO-zi5s_7.wav
953.282,962.206,8.923999999999978,0.8543401956558228,13,A:\A _ Working\Researching\B - AIoT Lab VN\VITOSA\another_test\Get_More\audio\qXHma6XYctI.wav,qXHma6XYctI_118.wav
69.346,74.622,5.275999999999996,0.8543294668197632,3,A:\A _ Working\Researching\B - AIoT Lab VN\VITOSA\another_test\Get_More\audio\Xs286Xdd4Nc.wav,Xs286Xdd4Nc_74.wav
4140.482,4145.342,4.859999999999673,0.8543094396591187,3,A:\A _ Working\Researching\B - AIoT Lab VN\VITOSA\another_test\Get_More\audio\qXHma6XYctI.wav,qXHma6XYctI_119.wav
3002.018,3013.214,11.195999999999913,0.8543006181716919,13,A:\A _ Working\Researching\B - AIoT Lab VN\VITOSA\another_test\Get_More\audio\5kfLCjQhB9E.wav,5kfLCjQhB9E_102.wav
3702.018,3706.75,4.731999999999971,0.8542625308036804,9,A:\A _ Working\Researching\B - AIoT Lab VN\VITOSA\another_test\Get_More\audio\jRU0twOCBeQ.wav,jRU0twOCBeQ_74.wav
962.594,968.574,5.9799999999999045,0.8541629910469055,13,A:\A _ Working\Researching\B - AIoT Lab VN\VITOSA\another_test\Get_More\audio\ONBa0kwBjmQ.wav,ONBa0kwBjmQ_74.wav
2772.45,2783.23,10.7800000000002,0.8541229963302612,13,A:\A _ Working\Researching\B - AIoT Lab VN\VITOSA\another_test\Get_More\audio\5RbEHUr5ezA.wav,5RbEHUr5ezA_70.wav
2735.97,2741.918,5.94800000000032,0.8541006445884705,13,A:\A _ Working\Researching\B - AIoT Lab VN\VITOSA\another_test\Get_More\audio\5RbEHUr5ezA.wav,5RbEHUr5ezA_71.wav
795.49,803.838,8.347999999999956,0.8540759086608887,13,A:\A _ Working\Researching\B - AIoT Lab VN\VITOSA\another_test\Get_More\audio\9D00xkJM2ww.wav,9D00xkJM2ww_85.wav
51.106,56.094,4.9879999999999995,0.854055643081665,13,A:\A _ Working\Researching\B - AIoT Lab VN\VITOSA\another_test\Get_More\audio\ef_lApT7r54.wav,ef_lApT7r54_67.wav
1022.082,1031.102,9.020000000000095,0.8540258407592773,13,A:\A _ Working\Researching\B - AIoT Lab VN\VITOSA\another_test\Get_More\audio\ef_lApT7r54.wav,ef_lApT7r54_68.wav
1999.938,2005.662,5.723999999999933,0.8539937734603882,3,A:\A _ Working\Researching\B - AIoT Lab VN\VITOSA\another_test\Get_More\audio\w_Fr7m0rntQ.wav,w_Fr7m0rntQ_66.wav
3060.93,3065.694,4.764000000000124,0.8539564609527588,13,A:\A _ Working\Researching\B - AIoT Lab VN\VITOSA\another_test\Get_More\audio\ef_lApT7r54.wav,ef_lApT7r54_69.wav
2039.394,2044.19,4.796000000000049,0.8539050817489624,13,A:\A _ Working\Researching\B - AIoT Lab VN\VITOSA\another_test\Get_More\audio\5kfLCjQhB9E.wav,5kfLCjQhB9E_103.wav
3427.138,3438.206,11.068000000000211,0.8538681268692017,17,A:\A _ Working\Researching\B - AIoT Lab VN\VITOSA\another_test\Get_More\audio\F0FDCeoa41k.wav,F0FDCeoa41k_68.wav
913.282,920.926,7.6440000000000055,0.8538335561752319,13,A:\A _ Working\Researching\B - AIoT Lab VN\VITOSA\another_test\Get_More\audio\qXHma6XYctI.wav,qXHma6XYctI_120.wav
258.882,264.35,5.468000000000018,0.8537235260009766,13,A:\A _ Working\Researching\B - AIoT Lab VN\VITOSA\another_test\Get_More\audio\5kfLCjQhB9E.wav,5kfLCjQhB9E_104.wav
2934.306,2939.23,4.923999999999978,0.8536728620529175,13,A:\A _ Working\Researching\B - AIoT Lab VN\VITOSA\another_test\Get_More\audio\ONBa0kwBjmQ.wav,ONBa0kwBjmQ_75.wav
251.49,262.622,11.132000000000005,0.8535788059234619,17,A:\A _ Working\Researching\B - AIoT Lab VN\VITOSA\another_test\Get_More\audio\_agW7zGT4nM.wav,_agW7zGT4nM_85.wav
3513.826,3517.278,3.451999999999771,0.8535635471343994,9,A:\A _ Working\Researching\B - AIoT Lab VN\VITOSA\another_test\Get_More\audio\S18XXLEo6uE.wav,S18XXLEo6uE_86.wav
3233.09,3239.998,6.907999999999902,0.8534429669380188,11,A:\A _ Working\Researching\B - AIoT Lab VN\VITOSA\another_test\Get_More\audio\eUFVxaNfhzA.wav,eUFVxaNfhzA_75.wav
3018.242,3022.782,4.539999999999964,0.8534160852432251,12,A:\A _ Working\Researching\B - AIoT Lab VN\VITOSA\another_test\Get_More\audio\RlOmT9AueBw.wav,RlOmT9AueBw_67.wav
1722.338,1728.222,5.8840000000000146,0.8533568978309631,13,A:\A _ Working\Researching\B - AIoT Lab VN\VITOSA\another_test\Get_More\audio\7kB_BvGGN6s.wav,7kB_BvGGN6s_87.wav
3182.274,3187.582,5.307999999999993,0.8532776236534119,9,A:\A _ Working\Researching\B - AIoT Lab VN\VITOSA\another_test\Get_More\audio\9D00xkJM2ww.wav,9D00xkJM2ww_86.wav
1119.426,1128.318,8.892000000000053,0.8532761335372925,13,A:\A _ Working\Researching\B - AIoT Lab VN\VITOSA\another_test\Get_More\audio\7kB_BvGGN6s.wav,7kB_BvGGN6s_88.wav
4320.098,4323.39,3.292000000000371,0.8532261848449707,13,A:\A _ Working\Researching\B - AIoT Lab VN\VITOSA\another_test\Get_More\audio\R6g946lCMPs.wav,R6g946lCMPs_119.wav
3217.602,3224.51,6.9080000000003565,0.853128969669342,13,A:\A _ Working\Researching\B - AIoT Lab VN\VITOSA\another_test\Get_More\audio\R6g946lCMPs.wav,R6g946lCMPs_120.wav
1069.474,1079.262,9.788000000000011,0.8531099557876587,13,A:\A _ Working\Researching\B - AIoT Lab VN\VITOSA\another_test\Get_More\audio\_agW7zGT4nM.wav,_agW7zGT4nM_86.wav
1022.594,1032.798,10.20399999999995,0.8530263900756836,13,A:\A _ Working\Researching\B - AIoT Lab VN\VITOSA\another_test\Get_More\audio\w_Fr7m0rntQ.wav,w_Fr7m0rntQ_67.wav
118.882,122.366,3.4839999999999947,0.8530199527740479,12,A:\A _ Working\Researching\B - AIoT Lab VN\VITOSA\another_test\Get_More\audio\5kfLCjQhB9E.wav,5kfLCjQhB9E_105.wav
2690.85,2698.974,8.124000000000251,0.852918267250061,13,A:\A _ Working\Researching\B - AIoT Lab VN\VITOSA\another_test\Get_More\audio\S18XXLEo6uE.wav,S18XXLEo6uE_87.wav
1157.314,1165.982,8.667999999999893,0.8528740406036377,3,A:\A _ Working\Researching\B - AIoT Lab VN\VITOSA\another_test\Get_More\audio\5kfLCjQhB9E.wav,5kfLCjQhB9E_106.wav
965.186,968.382,3.1959999999999127,0.8527352809906006,17,A:\A _ Working\Researching\B - AIoT Lab VN\VITOSA\another_test\Get_More\audio\fMfos_YBT0o.wav,fMfos_YBT0o_44.wav
1943.714,1956.99,13.276000000000067,0.8527038097381592,16,A:\A _ Working\Researching\B - AIoT Lab VN\VITOSA\another_test\Get_More\audio\eUFVxaNfhzA.wav,eUFVxaNfhzA_76.wav
1948.162,1957.598,9.435999999999922,0.8526678681373596,13,A:\A _ Working\Researching\B - AIoT Lab VN\VITOSA\another_test\Get_More\audio\RlOmT9AueBw.wav,RlOmT9AueBw_68.wav
2365.058,2372.03,6.972000000000207,0.8526067733764648,3,A:\A _ Working\Researching\B - AIoT Lab VN\VITOSA\another_test\Get_More\audio\ZL8rrh9cEQk.wav,ZL8rrh9cEQk_118.wav
3734.754,3739.71,4.956000000000131,0.852400541305542,10,A:\A _ Working\Researching\B - AIoT Lab VN\VITOSA\another_test\Get_More\audio\ZL8rrh9cEQk.wav,ZL8rrh9cEQk_119.wav
3104.994,3108.19,3.1959999999999127,0.8522491455078125,18,A:\A _ Working\Researching\B - AIoT Lab VN\VITOSA\another_test\Get_More\audio\5kfLCjQhB9E.wav,5kfLCjQhB9E_107.wav
2579.682,2589.662,9.980000000000018,0.8521490097045898,17,A:\A _ Working\Researching\B - AIoT Lab VN\VITOSA\another_test\Get_More\audio\_agW7zGT4nM.wav,_agW7zGT4nM_87.wav
1925.826,1934.942,9.115999999999985,0.8521235585212708,16,A:\A _ Working\Researching\B - AIoT Lab VN\VITOSA\another_test\Get_More\audio\ef_lApT7r54.wav,ef_lApT7r54_70.wav
2186.338,2189.918,3.5799999999999272,0.8520413637161255,13,A:\A _ Working\Researching\B - AIoT Lab VN\VITOSA\another_test\Get_More\audio\5kfLCjQhB9E.wav,5kfLCjQhB9E_108.wav
2957.634,2967.55,9.916000000000167,0.8517467975616455,13,A:\A _ Working\Researching\B - AIoT Lab VN\VITOSA\another_test\Get_More\audio\9D00xkJM2ww.wav,9D00xkJM2ww_87.wav
1088.13,1093.31,5.179999999999836,0.8517016768455505,15,A:\A _ Working\Researching\B - AIoT Lab VN\VITOSA\another_test\Get_More\audio\F0FDCeoa41k.wav,F0FDCeoa41k_69.wav
3632.258,3639.454,7.196000000000367,0.8516843318939209,13,A:\A _ Working\Researching\B - AIoT Lab VN\VITOSA\another_test\Get_More\audio\qXHma6XYctI.wav,qXHma6XYctI_121.wav
2525.122,2537.15,12.028000000000247,0.8516823053359985,13,A:\A _ Working\Researching\B - AIoT Lab VN\VITOSA\another_test\Get_More\audio\qXHma6XYctI.wav,qXHma6XYctI_122.wav
3471.906,3484.254,12.347999999999956,0.851665735244751,13,A:\A _ Working\Researching\B - AIoT Lab VN\VITOSA\another_test\Get_More\audio\5RbEHUr5ezA.wav,5RbEHUr5ezA_72.wav
3009.762,3015.742,5.980000000000018,0.8515558242797852,17,A:\A _ Working\Researching\B - AIoT Lab VN\VITOSA\another_test\Get_More\audio\_agW7zGT4nM.wav,_agW7zGT4nM_88.wav
1921.57,1931.07,9.5,0.8515430092811584,3,A:\A _ Working\Researching\B - AIoT Lab VN\VITOSA\another_test\Get_More\audio\jRU0twOCBeQ.wav,jRU0twOCBeQ_75.wav
1070.242,1077.758,7.516000000000076,0.8515334129333496,13,A:\A _ Working\Researching\B - AIoT Lab VN\VITOSA\another_test\Get_More\audio\eUFVxaNfhzA.wav,eUFVxaNfhzA_77.wav
3077.538,3090.75,13.211999999999989,0.8514779806137085,13,A:\A _ Working\Researching\B - AIoT Lab VN\VITOSA\another_test\Get_More\audio\R6g946lCMPs.wav,R6g946lCMPs_121.wav
3077.538,3089.15,11.61200000000008,0.8514737486839294,13,A:\A _ Working\Researching\B - AIoT Lab VN\VITOSA\another_test\Get_More\audio\_agW7zGT4nM.wav,_agW7zGT4nM_89.wav
1474.21,1477.534,3.324000000000069,0.8512876033782959,17,A:\A _ Working\Researching\B - AIoT Lab VN\VITOSA\another_test\Get_More\audio\R6g946lCMPs.wav,R6g946lCMPs_122.wav
5236.802,5242.974,6.17200000000048,0.8512870073318481,3,A:\A _ Working\Researching\B - AIoT Lab VN\VITOSA\another_test\Get_More\audio\qXHma6XYctI.wav,qXHma6XYctI_123.wav
10.978,19.454,8.476,0.8511557579040527,13,A:\A _ Working\Researching\B - AIoT Lab VN\VITOSA\another_test\Get_More\audio\w_Fr7m0rntQ.wav,w_Fr7m0rntQ_68.wav
990.082,998.398,8.316000000000031,0.851155161857605,16,A:\A _ Working\Researching\B - AIoT Lab VN\VITOSA\another_test\Get_More\audio\hrS5Tdh0VTU.wav,hrS5Tdh0VTU_88.wav
1870.082,1877.15,7.067999999999984,0.8510690927505493,15,A:\A _ Working\Researching\B - AIoT Lab VN\VITOSA\another_test\Get_More\audio\S18XXLEo6uE.wav,S18XXLEo6uE_88.wav
819.746,830.974,11.228000000000065,0.8510431051254272,6,A:\A _ Working\Researching\B - AIoT Lab VN\VITOSA\another_test\Get_More\audio\hRYWiO-zi5s.wav,hRYWiO-zi5s_8.wav
899.906,905.758,5.852000000000089,0.8509966135025024,13,A:\A _ Working\Researching\B - AIoT Lab VN\VITOSA\another_test\Get_More\audio\7kB_BvGGN6s.wav,7kB_BvGGN6s_89.wav
11.906,15.454,3.548,0.8509719371795654,16,A:\A _ Working\Researching\B - AIoT Lab VN\VITOSA\another_test\Get_More\audio\ZL8rrh9cEQk.wav,ZL8rrh9cEQk_120.wav
4146.146,4147.966,1.8200000000006185,0.8509566783905029,19,A:\A _ Working\Researching\B - AIoT Lab VN\VITOSA\another_test\Get_More\audio\5kfLCjQhB9E.wav,5kfLCjQhB9E_109.wav
18.882,30.974,12.091999999999999,0.8509126305580139,13,A:\A _ Working\Researching\B - AIoT Lab VN\VITOSA\another_test\Get_More\audio\pjmlxEfwBCE.wav,pjmlxEfwBCE_3.wav
395.074,407.966,12.891999999999996,0.8506815433502197,13,A:\A _ Working\Researching\B - AIoT Lab VN\VITOSA\another_test\Get_More\audio\ZL8rrh9cEQk.wav,ZL8rrh9cEQk_121.wav
3493.154,3496.158,3.0039999999999054,0.8506699204444885,9,A:\A _ Working\Researching\B - AIoT Lab VN\VITOSA\another_test\Get_More\audio\_agW7zGT4nM.wav,_agW7zGT4nM_90.wav
3427.234,3435.806,8.572000000000116,0.8506656885147095,13,A:\A _ Working\Researching\B - AIoT Lab VN\VITOSA\another_test\Get_More\audio\7kB_BvGGN6s.wav,7kB_BvGGN6s_90.wav
3031.81,3038.11,6.300000000000182,0.8506542444229126,17,A:\A _ Working\Researching\B - AIoT Lab VN\VITOSA\another_test\Get_More\audio\R6g946lCMPs.wav,R6g946lCMPs_123.wav
3722.242,3729.374,7.131999999999607,0.8506119847297668,13,A:\A _ Working\Researching\B - AIoT Lab VN\VITOSA\another_test\Get_More\audio\qXHma6XYctI.wav,qXHma6XYctI_124.wav
611.394,624.158,12.76400000000001,0.8506106734275818,13,A:\A _ Working\Researching\B - AIoT Lab VN\VITOSA\another_test\Get_More\audio\ZL8rrh9cEQk.wav,ZL8rrh9cEQk_122.wav
452.45,458.686,6.23599999999999,0.850548267364502,13,A:\A _ Working\Researching\B - AIoT Lab VN\VITOSA\another_test\Get_More\audio\5kfLCjQhB9E.wav,5kfLCjQhB9E_110.wav
2827.746,2838.398,10.652000000000044,0.8505116105079651,13,A:\A _ Working\Researching\B - AIoT Lab VN\VITOSA\another_test\Get_More\audio\5RbEHUr5ezA.wav,5RbEHUr5ezA_73.wav
2282.562,2294.558,11.996000000000095,0.8504847884178162,13,A:\A _ Working\Researching\B - AIoT Lab VN\VITOSA\another_test\Get_More\audio\5kfLCjQhB9E.wav,5kfLCjQhB9E_111.wav
2110.146,2121.374,11.22799999999961,0.8504543304443359,15,A:\A _ Working\Researching\B - AIoT Lab VN\VITOSA\another_test\Get_More\audio\RlOmT9AueBw.wav,RlOmT9AueBw_69.wav
3194.146,3200.19,6.043999999999869,0.8504504561424255,3,A:\A _ Working\Researching\B - AIoT Lab VN\VITOSA\another_test\Get_More\audio\5kfLCjQhB9E.wav,5kfLCjQhB9E_112.wav
2907.778,2912.574,4.7960000000002765,0.8504068851470947,9,A:\A _ Working\Researching\B - AIoT Lab VN\VITOSA\another_test\Get_More\audio\jRU0twOCBeQ.wav,jRU0twOCBeQ_76.wav
3744.258,3747.07,2.812000000000353,0.8503416180610657,9,A:\A _ Working\Researching\B - AIoT Lab VN\VITOSA\another_test\Get_More\audio\jRU0twOCBeQ.wav,jRU0twOCBeQ_77.wav
11.842,16.958,5.115999999999998,0.8503074645996094,16,A:\A _ Working\Researching\B - AIoT Lab VN\VITOSA\another_test\Get_More\audio\hrS5Tdh0VTU.wav,hrS5Tdh0VTU_89.wav
1852.77,1860.606,7.836000000000013,0.8502986431121826,12,A:\A _ Working\Researching\B - AIoT Lab VN\VITOSA\another_test\Get_More\audio\hrS5Tdh0VTU.wav,hrS5Tdh0VTU_90.wav
1812.578,1823.934,11.355999999999995,0.8502892255783081,13,A:\A _ Working\Researching\B - AIoT Lab VN\VITOSA\another_test\Get_More\audio\R6g946lCMPs.wav,R6g946lCMPs_124.wav
1064.706,1071.678,6.972000000000207,0.8502843976020813,15,A:\A _ Working\Researching\B - AIoT Lab VN\VITOSA\another_test\Get_More\audio\ef_lApT7r54.wav,ef_lApT7r54_71.wav
3035.714,3040.798,5.083999999999833,0.850152850151062,15,A:\A _ Working\Researching\B - AIoT Lab VN\VITOSA\another_test\Get_More\audio\RlOmT9AueBw.wav,RlOmT9AueBw_70.wav
1198.818,1206.302,7.483999999999924,0.8501266241073608,9,A:\A _ Working\Researching\B - AIoT Lab VN\VITOSA\another_test\Get_More\audio\7kB_BvGGN6s.wav,7kB_BvGGN6s_91.wav
3019.522,3027.486,7.963999999999942,0.8501187562942505,13,A:\A _ Working\Researching\B - AIoT Lab VN\VITOSA\another_test\Get_More\audio\5kfLCjQhB9E.wav,5kfLCjQhB9E_113.wav
2038.242,2046.75,8.508000000000038,0.8500102162361145,17,A:\A _ Working\Researching\B - AIoT Lab VN\VITOSA\another_test\Get_More\audio\F0FDCeoa41k.wav,F0FDCeoa41k_70.wav
17.154,20.862,3.7079999999999984,0.8498709201812744,17,A:\A _ Working\Researching\B - AIoT Lab VN\VITOSA\another_test\Get_More\audio\5RbEHUr5ezA.wav,5RbEHUr5ezA_74.wav
5253.442,5258.238,4.7960000000002765,0.8498287200927734,13,A:\A _ Working\Researching\B - AIoT Lab VN\VITOSA\another_test\Get_More\audio\qXHma6XYctI.wav,qXHma6XYctI_125.wav
937.026,944.894,7.868000000000052,0.8498097658157349,13,A:\A _ Working\Researching\B - AIoT Lab VN\VITOSA\another_test\Get_More\audio\jRU0twOCBeQ.wav,jRU0twOCBeQ_78.wav
4402.242,4410.366,8.123999999999796,0.8497106432914734,13,A:\A _ Working\Researching\B - AIoT Lab VN\VITOSA\another_test\Get_More\audio\R6g946lCMPs.wav,R6g946lCMPs_125.wav
602.338,607.934,5.596000000000004,0.8496574759483337,17,A:\A _ Working\Researching\B - AIoT Lab VN\VITOSA\another_test\Get_More\audio\7kB_BvGGN6s.wav,7kB_BvGGN6s_92.wav
432.866,445.79,12.924000000000035,0.8495352268218994,13,A:\A _ Working\Researching\B - AIoT Lab VN\VITOSA\another_test\Get_More\audio\_agW7zGT4nM.wav,_agW7zGT4nM_91.wav
1021.634,1026.974,5.339999999999918,0.8494994640350342,13,A:\A _ Working\Researching\B - AIoT Lab VN\VITOSA\another_test\Get_More\audio\jRU0twOCBeQ.wav,jRU0twOCBeQ_79.wav
2044.226,2049.854,5.627999999999702,0.8494962453842163,3,A:\A _ Working\Researching\B - AIoT Lab VN\VITOSA\another_test\Get_More\audio\w_Fr7m0rntQ.wav,w_Fr7m0rntQ_69.wav
52.482,60.798,8.316000000000003,0.8494855165481567,17,A:\A _ Working\Researching\B - AIoT Lab VN\VITOSA\another_test\Get_More\audio\R6g946lCMPs.wav,R6g946lCMPs_126.wav
1375.81,1385.278,9.468000000000075,0.8494057059288025,3,A:\A _ Working\Researching\B - AIoT Lab VN\VITOSA\another_test\Get_More\audio\_agW7zGT4nM.wav,_agW7zGT4nM_92.wav
2616.386,2621.022,4.635999999999967,0.8493790626525879,15,A:\A _ Working\Researching\B - AIoT Lab VN\VITOSA\another_test\Get_More\audio\_agW7zGT4nM.wav,_agW7zGT4nM_93.wav
1064.034,1071.358,7.323999999999842,0.8492392301559448,13,A:\A _ Working\Researching\B - AIoT Lab VN\VITOSA\another_test\Get_More\audio\7kB_BvGGN6s.wav,7kB_BvGGN6s_93.wav
1066.562,1072.158,5.596000000000004,0.8491941690444946,13,A:\A _ Working\Researching\B - AIoT Lab VN\VITOSA\another_test\Get_More\audio\5PJoMB03vwI.wav,5PJoMB03vwI_71.wav
1804.29,1810.366,6.076000000000022,0.8491787314414978,13,A:\A _ Working\Researching\B - AIoT Lab VN\VITOSA\another_test\Get_More\audio\Xs286Xdd4Nc.wav,Xs286Xdd4Nc_75.wav
747.138,753.598,6.459999999999923,0.8491445183753967,16,A:\A _ Working\Researching\B - AIoT Lab VN\VITOSA\another_test\Get_More\audio\kr0ypY0jAJI.wav,kr0ypY0jAJI_47.wav
2941.026,2947.902,6.876000000000204,0.8491233587265015,13,A:\A _ Working\Researching\B - AIoT Lab VN\VITOSA\another_test\Get_More\audio\kr0ypY0jAJI.wav,kr0ypY0jAJI_48.wav
2138.818,2149.79,10.971999999999753,0.8490707874298096,13,A:\A _ Working\Researching\B - AIoT Lab VN\VITOSA\another_test\Get_More\audio\R6g946lCMPs.wav,R6g946lCMPs_127.wav
2773.314,2779.006,5.692000000000007,0.8490291833877563,13,A:\A _ Working\Researching\B - AIoT Lab VN\VITOSA\another_test\Get_More\audio\7kB_BvGGN6s.wav,7kB_BvGGN6s_94.wav
2176.898,2185.374,8.475999999999658,0.8489190340042114,15,A:\A _ Working\Researching\B - AIoT Lab VN\VITOSA\another_test\Get_More\audio\ZL8rrh9cEQk.wav,ZL8rrh9cEQk_123.wav
949.474,957.118,7.6440000000000055,0.8488407135009766,13,A:\A _ Working\Researching\B - AIoT Lab VN\VITOSA\another_test\Get_More\audio\RlOmT9AueBw.wav,RlOmT9AueBw_71.wav
2595.202,2601.982,6.779999999999745,0.8488397598266602,13,A:\A _ Working\Researching\B - AIoT Lab VN\VITOSA\another_test\Get_More\audio\qXHma6XYctI.wav,qXHma6XYctI_126.wav
3670.69,3677.47,6.779999999999745,0.8487828969955444,9,A:\A _ Working\Researching\B - AIoT Lab VN\VITOSA\another_test\Get_More\audio\jRU0twOCBeQ.wav,jRU0twOCBeQ_80.wav
3441.698,3448.222,6.524000000000342,0.8487452864646912,13,A:\A _ Working\Researching\B - AIoT Lab VN\VITOSA\another_test\Get_More\audio\7kB_BvGGN6s.wav,7kB_BvGGN6s_95.wav
3617.634,3621.054,3.4200000000000728,0.8486499786376953,15,A:\A _ Working\Researching\B - AIoT Lab VN\VITOSA\another_test\Get_More\audio\S18XXLEo6uE.wav,S18XXLEo6uE_89.wav
86.882,92.51,5.628,0.8486382365226746,10,A:\A _ Working\Researching\B - AIoT Lab VN\VITOSA\another_test\Get_More\audio\S18XXLEo6uE.wav,S18XXLEo6uE_90.wav
2881.89,2885.438,3.548000000000229,0.8486306071281433,11,A:\A _ Working\Researching\B - AIoT Lab VN\VITOSA\another_test\Get_More\audio\hrS5Tdh0VTU.wav,hrS5Tdh0VTU_91.wav
2725.378,2734.43,9.05199999999968,0.8485188484191895,13,A:\A _ Working\Researching\B - AIoT Lab VN\VITOSA\another_test\Get_More\audio\7kB_BvGGN6s.wav,7kB_BvGGN6s_96.wav
1175.042,1179.998,4.956000000000131,0.8485118746757507,3,A:\A _ Working\Researching\B - AIoT Lab VN\VITOSA\another_test\Get_More\audio\5kfLCjQhB9E.wav,5kfLCjQhB9E_114.wav
1015.074,1027.806,12.732000000000085,0.8484807014465332,15,A:\A _ Working\Researching\B - AIoT Lab VN\VITOSA\another_test\Get_More\audio\ZL8rrh9cEQk.wav,ZL8rrh9cEQk_124.wav
471.394,478.366,6.97199999999998,0.8484569191932678,13,A:\A _ Working\Researching\B - AIoT Lab VN\VITOSA\another_test\Get_More\audio\_agW7zGT4nM.wav,_agW7zGT4nM_94.wav
1089.762,1098.302,8.539999999999964,0.8484309911727905,13,A:\A _ Working\Researching\B - AIoT Lab VN\VITOSA\another_test\Get_More\audio\RlOmT9AueBw.wav,RlOmT9AueBw_72.wav
2668.162,2681.278,13.115999999999985,0.8483998775482178,13,A:\A _ Working\Researching\B - AIoT Lab VN\VITOSA\another_test\Get_More\audio\Xs286Xdd4Nc.wav,Xs286Xdd4Nc_76.wav
614.21,616.478,2.2679999999999154,0.8483762145042419,7,A:\A _ Working\Researching\B - AIoT Lab VN\VITOSA\another_test\Get_More\audio\F0FDCeoa41k.wav,F0FDCeoa41k_71.wav
2562.722,2568.51,5.788000000000011,0.8483683466911316,3,A:\A _ Working\Researching\B - AIoT Lab VN\VITOSA\another_test\Get_More\audio\hrS5Tdh0VTU.wav,hrS5Tdh0VTU_92.wav
966.946,977.182,10.23599999999999,0.8483429551124573,13,A:\A _ Working\Researching\B - AIoT Lab VN\VITOSA\another_test\Get_More\audio\RlOmT9AueBw.wav,RlOmT9AueBw_73.wav
2410.05,2417.15,7.099999999999909,0.8483105897903442,13,A:\A _ Working\Researching\B - AIoT Lab VN\VITOSA\another_test\Get_More\audio\5RbEHUr5ezA.wav,5RbEHUr5ezA_75.wav
520.706,532.702,11.995999999999981,0.8482407927513123,13,A:\A _ Working\Researching\B - AIoT Lab VN\VITOSA\another_test\Get_More\audio\hRYWiO-zi5s.wav,hRYWiO-zi5s_9.wav
3381.186,3390.814,9.627999999999702,0.8481897115707397,16,A:\A _ Working\Researching\B - AIoT Lab VN\VITOSA\another_test\Get_More\audio\S18XXLEo6uE.wav,S18XXLEo6uE_91.wav
3271.618,3277.662,6.043999999999869,0.8481485247612,6,A:\A _ Working\Researching\B - AIoT Lab VN\VITOSA\another_test\Get_More\audio\_agW7zGT4nM.wav,_agW7zGT4nM_95.wav
1596.994,1605.886,8.892000000000053,0.8480982184410095,13,A:\A _ Working\Researching\B - AIoT Lab VN\VITOSA\another_test\Get_More\audio\qXHma6XYctI.wav,qXHma6XYctI_127.wav
517.57,526.206,8.635999999999967,0.8480032682418823,13,A:\A _ Working\Researching\B - AIoT Lab VN\VITOSA\another_test\Get_More\audio\kr0ypY0jAJI.wav,kr0ypY0jAJI_49.wav
1844.354,1853.726,9.372000000000071,0.8479897975921631,13,A:\A _ Working\Researching\B - AIoT Lab VN\VITOSA\another_test\Get_More\audio\Xs286Xdd4Nc.wav,Xs286Xdd4Nc_77.wav
2655.842,2664.158,8.315999999999804,0.84785395860672,13,A:\A _ Working\Researching\B - AIoT Lab VN\VITOSA\another_test\Get_More\audio\7kB_BvGGN6s.wav,7kB_BvGGN6s_97.wav
3359.618,3365.374,5.755999999999858,0.847804069519043,3,A:\A _ Working\Researching\B - AIoT Lab VN\VITOSA\another_test\Get_More\audio\ef_lApT7r54.wav,ef_lApT7r54_72.wav
1858.53,1870.142,11.61200000000008,0.8477774262428284,13,A:\A _ Working\Researching\B - AIoT Lab VN\VITOSA\another_test\Get_More\audio\R6g946lCMPs.wav,R6g946lCMPs_128.wav
3857.698,3863.774,6.076000000000022,0.8477398157119751,13,A:\A _ Working\Researching\B - AIoT Lab VN\VITOSA\another_test\Get_More\audio\5kfLCjQhB9E.wav,5kfLCjQhB9E_115.wav
1690.402,1693.63,3.2280000000000655,0.847634494304657,6,A:\A _ Working\Researching\B - AIoT Lab VN\VITOSA\another_test\Get_More\audio\R6g946lCMPs.wav,R6g946lCMPs_129.wav
2677.506,2688.798,11.291999999999916,0.8475819826126099,3,A:\A _ Working\Researching\B - AIoT Lab VN\VITOSA\another_test\Get_More\audio\_agW7zGT4nM.wav,_agW7zGT4nM_96.wav
415.426,420.894,5.468000000000018,0.8475289344787598,13,A:\A _ Working\Researching\B - AIoT Lab VN\VITOSA\another_test\Get_More\audio\RlOmT9AueBw.wav,RlOmT9AueBw_74.wav
1545.954,1553.278,7.324000000000069,0.8475187420845032,16,A:\A _ Working\Researching\B - AIoT Lab VN\VITOSA\another_test\Get_More\audio\kr0ypY0jAJI.wav,kr0ypY0jAJI_50.wav
1080.898,1092.894,11.996000000000095,0.847510576248169,13,A:\A _ Working\Researching\B - AIoT Lab VN\VITOSA\another_test\Get_More\audio\R6g946lCMPs.wav,R6g946lCMPs_130.wav
2915.234,2920.03,4.7960000000002765,0.8474372029304504,13,A:\A _ Working\Researching\B - AIoT Lab VN\VITOSA\another_test\Get_More\audio\ef_lApT7r54.wav,ef_lApT7r54_73.wav
985.41,992.414,7.004000000000019,0.8473780155181885,13,A:\A _ Working\Researching\B - AIoT Lab VN\VITOSA\another_test\Get_More\audio\5RbEHUr5ezA.wav,5RbEHUr5ezA_76.wav
2427.97,2436.286,8.316000000000258,0.847352147102356,9,A:\A _ Working\Researching\B - AIoT Lab VN\VITOSA\another_test\Get_More\audio\7kB_BvGGN6s.wav,7kB_BvGGN6s_98.wav
3371.906,3376.446,4.539999999999964,0.8473067283630371,3,A:\A _ Working\Researching\B - AIoT Lab VN\VITOSA\another_test\Get_More\audio\y-6gIUvZ6f4.wav,y-6gIUvZ6f4_67.wav
3273.57,3279.454,5.8840000000000146,0.8472965955734253,13,A:\A _ Working\Researching\B - AIoT Lab VN\VITOSA\another_test\Get_More\audio\hrS5Tdh0VTU.wav,hrS5Tdh0VTU_93.wav
3227.618,3233.854,6.235999999999876,0.8472872972488403,13,A:\A _ Working\Researching\B - AIoT Lab VN\VITOSA\another_test\Get_More\audio\y-6gIUvZ6f4.wav,y-6gIUvZ6f4_68.wav
3651.906,3659.87,7.963999999999942,0.8472179174423218,13,A:\A _ Working\Researching\B - AIoT Lab VN\VITOSA\another_test\Get_More\audio\qXHma6XYctI.wav,qXHma6XYctI_128.wav
3307.138,3314.654,7.516000000000076,0.8471598029136658,13,A:\A _ Working\Researching\B - AIoT Lab VN\VITOSA\another_test\Get_More\audio\hrS5Tdh0VTU.wav,hrS5Tdh0VTU_94.wav
1534.754,1546.91,12.156000000000176,0.8471564054489136,16,A:\A _ Working\Researching\B - AIoT Lab VN\VITOSA\another_test\Get_More\audio\5kfLCjQhB9E.wav,5kfLCjQhB9E_116.wav
3517.378,3526.494,9.115999999999985,0.847131073474884,17,A:\A _ Working\Researching\B - AIoT Lab VN\VITOSA\another_test\Get_More\audio\5RbEHUr5ezA.wav,5RbEHUr5ezA_77.wav
3519.746,3528.158,8.411999999999807,0.8470909595489502,13,A:\A _ Working\Researching\B - AIoT Lab VN\VITOSA\another_test\Get_More\audio\7kB_BvGGN6s.wav,7kB_BvGGN6s_99.wav
3207.97,3218.846,10.876000000000204,0.8470654487609863,17,A:\A _ Working\Researching\B - AIoT Lab VN\VITOSA\another_test\Get_More\audio\eUFVxaNfhzA.wav,eUFVxaNfhzA_78.wav
2736.226,2741.95,5.723999999999705,0.8468995094299316,13,A:\A _ Working\Researching\B - AIoT Lab VN\VITOSA\another_test\Get_More\audio\F0FDCeoa41k.wav,F0FDCeoa41k_72.wav
936.61,944.222,7.611999999999966,0.8468974828720093,13,A:\A _ Working\Researching\B - AIoT Lab VN\VITOSA\another_test\Get_More\audio\7kB_BvGGN6s.wav,7kB_BvGGN6s_100.wav
144.322,154.974,10.651999999999987,0.846820592880249,15,A:\A _ Working\Researching\B - AIoT Lab VN\VITOSA\another_test\Get_More\audio\5kfLCjQhB9E.wav,5kfLCjQhB9E_117.wav
212.962,219.646,6.6839999999999975,0.8467923998832703,16,A:\A _ Working\Researching\B - AIoT Lab VN\VITOSA\another_test\Get_More\audio\pjmlxEfwBCE.wav,pjmlxEfwBCE_4.wav
672.002,679.23,7.2280000000000655,0.8467795848846436,13,A:\A _ Working\Researching\B - AIoT Lab VN\VITOSA\another_test\Get_More\audio\hRYWiO-zi5s.wav,hRYWiO-zi5s_10.wav
2800.386,2806.942,6.55600000000004,0.8467652201652527,9,A:\A _ Working\Researching\B - AIoT Lab VN\VITOSA\another_test\Get_More\audio\ef_lApT7r54.wav,ef_lApT7r54_74.wav
4249.666,4255.23,5.563999999999396,0.846760094165802,13,A:\A _ Working\Researching\B - AIoT Lab VN\VITOSA\another_test\Get_More\audio\R6g946lCMPs.wav,R6g946lCMPs_131.wav
191.394,202.366,10.972000000000008,0.8467548489570618,16,A:\A _ Working\Researching\B - AIoT Lab VN\VITOSA\another_test\Get_More\audio\S18XXLEo6uE.wav,S18XXLEo6uE_92.wav
1941.57,1946.206,4.635999999999967,0.846670389175415,15,A:\A _ Working\Researching\B - AIoT Lab VN\VITOSA\another_test\Get_More\audio\Xs286Xdd4Nc.wav,Xs286Xdd4Nc_78.wav
970.818,975.71,4.892000000000053,0.8466616272926331,9,A:\A _ Working\Researching\B - AIoT Lab VN\VITOSA\another_test\Get_More\audio\ZL8rrh9cEQk.wav,ZL8rrh9cEQk_125.wav
1115.298,1127.71,12.412000000000035,0.8466445803642273,17,A:\A _ Working\Researching\B - AIoT Lab VN\VITOSA\another_test\Get_More\audio\_agW7zGT4nM.wav,_agW7zGT4nM_97.wav
1924.45,1927.358,2.9079999999999018,0.8466200828552246,6,A:\A _ Working\Researching\B - AIoT Lab VN\VITOSA\another_test\Get_More\audio\y-6gIUvZ6f4.wav,y-6gIUvZ6f4_69.wav
473.314,482.494,9.180000000000007,0.8465503454208374,10,A:\A _ Working\Researching\B - AIoT Lab VN\VITOSA\another_test\Get_More\audio\qXHma6XYctI.wav,qXHma6XYctI_129.wav
2095.97,2103.038,7.068000000000211,0.8465210199356079,16,A:\A _ Working\Researching\B - AIoT Lab VN\VITOSA\another_test\Get_More\audio\y-6gIUvZ6f4.wav,y-6gIUvZ6f4_70.wav
2415.81,2419.326,3.5160000000000764,0.8465116024017334,3,A:\A _ Working\Researching\B - AIoT Lab VN\VITOSA\another_test\Get_More\audio\y-6gIUvZ6f4.wav,y-6gIUvZ6f4_71.wav
3020.45,3030.014,9.564000000000306,0.8464279770851135,17,A:\A _ Working\Researching\B - AIoT Lab VN\VITOSA\another_test\Get_More\audio\ONBa0kwBjmQ.wav,ONBa0kwBjmQ_76.wav
232.962,237.886,4.924000000000007,0.8463932275772095,15,A:\A _ Working\Researching\B - AIoT Lab VN\VITOSA\another_test\Get_More\audio\S18XXLEo6uE.wav,S18XXLEo6uE_93.wav
3282.402,3292.35,9.947999999999865,0.8463686108589172,13,A:\A _ Working\Researching\B - AIoT Lab VN\VITOSA\another_test\Get_More\audio\S18XXLEo6uE.wav,S18XXLEo6uE_94.wav
40.898,44.094,3.195999999999998,0.8462404012680054,13,A:\A _ Working\Researching\B - AIoT Lab VN\VITOSA\another_test\Get_More\audio\Xs286Xdd4Nc.wav,Xs286Xdd4Nc_79.wav
4060.514,4063.582,3.0679999999997563,0.8462125062942505,10,A:\A _ Working\Researching\B - AIoT Lab VN\VITOSA\another_test\Get_More\audio\qXHma6XYctI.wav,qXHma6XYctI_130.wav
3615.266,3625.79,10.523999999999887,0.8461800813674927,13,A:\A _ Working\Researching\B - AIoT Lab VN\VITOSA\another_test\Get_More\audio\qXHma6XYctI.wav,qXHma6XYctI_131.wav
1258.37,1264.638,6.268000000000029,0.8461739420890808,10,A:\A _ Working\Researching\B - AIoT Lab VN\VITOSA\another_test\Get_More\audio\7kB_BvGGN6s.wav,7kB_BvGGN6s_101.wav
184.706,189.054,4.348000000000013,0.8461195230484009,13,A:\A _ Working\Researching\B - AIoT Lab VN\VITOSA\another_test\Get_More\audio\y-6gIUvZ6f4.wav,y-6gIUvZ6f4_72.wav
3370.018,3375.806,5.788000000000011,0.8460068106651306,10,A:\A _ Working\Researching\B - AIoT Lab VN\VITOSA\another_test\Get_More\audio\_agW7zGT4nM.wav,_agW7zGT4nM_98.wav
128.29,132.734,4.444000000000017,0.8459966778755188,9,A:\A _ Working\Researching\B - AIoT Lab VN\VITOSA\another_test\Get_More\audio\Xs286Xdd4Nc.wav,Xs286Xdd4Nc_80.wav
1863.97,1866.75,2.7799999999999727,0.8459950685501099,8,A:\A _ Working\Researching\B - AIoT Lab VN\VITOSA\another_test\Get_More\audio\ONBa0kwBjmQ.wav,ONBa0kwBjmQ_77.wav
1190.274,1193.79,3.5160000000000764,0.8459881544113159,9,A:\A _ Working\Researching\B - AIoT Lab VN\VITOSA\another_test\Get_More\audio\F0FDCeoa41k.wav,F0FDCeoa41k_73.wav
2135.298,2138.27,2.9720000000002074,0.8457887172698975,17,A:\A _ Working\Researching\B - AIoT Lab VN\VITOSA\another_test\Get_More\audio\5PJoMB03vwI.wav,5PJoMB03vwI_72.wav
549.538,556.734,7.196000000000026,0.8457508087158203,13,A:\A _ Working\Researching\B - AIoT Lab VN\VITOSA\another_test\Get_More\audio\hRYWiO-zi5s.wav,hRYWiO-zi5s_11.wav
2045.538,2051.102,5.563999999999851,0.8457505702972412,17,A:\A _ Working\Researching\B - AIoT Lab VN\VITOSA\another_test\Get_More\audio\S18XXLEo6uE.wav,S18XXLEo6uE_95.wav
3413.314,3415.774,2.4600000000000364,0.8456622958183289,15,A:\A _ Working\Researching\B - AIoT Lab VN\VITOSA\another_test\Get_More\audio\Xs286Xdd4Nc.wav,Xs286Xdd4Nc_81.wav
1757.314,1765.95,8.635999999999967,0.8456545472145081,10,A:\A _ Working\Researching\B - AIoT Lab VN\VITOSA\another_test\Get_More\audio\eUFVxaNfhzA.wav,eUFVxaNfhzA_79.wav
369.346,373.086,3.740000000000009,0.8455252647399902,3,A:\A _ Working\Researching\B - AIoT Lab VN\VITOSA\another_test\Get_More\audio\y-6gIUvZ6f4.wav,y-6gIUvZ6f4_73.wav
417.186,418.814,1.6280000000000427,0.8454852104187012,19,A:\A _ Working\Researching\B - AIoT Lab VN\VITOSA\another_test\Get_More\audio\w_Fr7m0rntQ.wav,w_Fr7m0rntQ_70.wav
400.578,404.51,3.9320000000000164,0.8453050255775452,9,A:\A _ Working\Researching\B - AIoT Lab VN\VITOSA\another_test\Get_More\audio\5PJoMB03vwI.wav,5PJoMB03vwI_73.wav
1606.242,1616.766,10.524000000000115,0.8452630043029785,13,A:\A _ Working\Researching\B - AIoT Lab VN\VITOSA\another_test\Get_More\audio\7kB_BvGGN6s.wav,7kB_BvGGN6s_102.wav
182.082,187.486,5.403999999999996,0.8452586531639099,16,A:\A _ Working\Researching\B - AIoT Lab VN\VITOSA\another_test\Get_More\audio\ef_lApT7r54.wav,ef_lApT7r54_75.wav
3323.362,3329.054,5.692000000000007,0.8452395796775818,13,A:\A _ Working\Researching\B - AIoT Lab VN\VITOSA\another_test\Get_More\audio\9D00xkJM2ww.wav,9D00xkJM2ww_88.wav
3649.826,3661.502,11.67599999999993,0.8452180624008179,17,A:\A _ Working\Researching\B - AIoT Lab VN\VITOSA\another_test\Get_More\audio\5RbEHUr5ezA.wav,5RbEHUr5ezA_78.wav
2974.466,2978.942,4.476000000000113,0.845125138759613,13,A:\A _ Working\Researching\B - AIoT Lab VN\VITOSA\another_test\Get_More\audio\y-6gIUvZ6f4.wav,y-6gIUvZ6f4_74.wav
911.554,925.374,13.82000000000005,0.8451142311096191,11,A:\A _ Working\Researching\B - AIoT Lab VN\VITOSA\another_test\Get_More\audio\5kfLCjQhB9E.wav,5kfLCjQhB9E_118.wav
399.234,410.046,10.812000000000012,0.8450972437858582,11,A:\A _ Working\Researching\B - AIoT Lab VN\VITOSA\another_test\Get_More\audio\7kB_BvGGN6s.wav,7kB_BvGGN6s_103.wav
194.498,204.926,10.427999999999997,0.8449566960334778,7,A:\A _ Working\Researching\B - AIoT Lab VN\VITOSA\another_test\Get_More\audio\R6g946lCMPs.wav,R6g946lCMPs_132.wav
3026.978,3037.63,10.652000000000044,0.8449239134788513,15,A:\A _ Working\Researching\B - AIoT Lab VN\VITOSA\another_test\Get_More\audio\ZL8rrh9cEQk.wav,ZL8rrh9cEQk_126.wav
3016.13,3026.366,10.235999999999876,0.8449016213417053,13,A:\A _ Working\Researching\B - AIoT Lab VN\VITOSA\another_test\Get_More\audio\ef_lApT7r54.wav,ef_lApT7r54_76.wav
2450.306,2457.47,7.16399999999976,0.8448114991188049,9,A:\A _ Working\Researching\B - AIoT Lab VN\VITOSA\another_test\Get_More\audio\hrS5Tdh0VTU.wav,hrS5Tdh0VTU_95.wav
2676.45,2683.678,7.2280000000000655,0.8447726964950562,13,A:\A _ Working\Researching\B - AIoT Lab VN\VITOSA\another_test\Get_More\audio\qXHma6XYctI.wav,qXHma6XYctI_132.wav
2846.658,2853.278,6.619999999999891,0.8447651863098145,13,A:\A _ Working\Researching\B - AIoT Lab VN\VITOSA\another_test\Get_More\audio\5RbEHUr5ezA.wav,5RbEHUr5ezA_79.wav
370.018,375.87,5.852000000000032,0.8447353839874268,7,A:\A _ Working\Researching\B - AIoT Lab VN\VITOSA\another_test\Get_More\audio\5RbEHUr5ezA.wav,5RbEHUr5ezA_80.wav
2488.898,2494.11,5.211999999999989,0.8447171449661255,13,A:\A _ Working\Researching\B - AIoT Lab VN\VITOSA\another_test\Get_More\audio\9D00xkJM2ww.wav,9D00xkJM2ww_89.wav
1243.33,1254.238,10.90800000000013,0.8447142243385315,3,A:\A _ Working\Researching\B - AIoT Lab VN\VITOSA\another_test\Get_More\audio\5kfLCjQhB9E.wav,5kfLCjQhB9E_119.wav
847.522,852.894,5.371999999999957,0.8446063995361328,7,A:\A _ Working\Researching\B - AIoT Lab VN\VITOSA\another_test\Get_More\audio\R6g946lCMPs.wav,R6g946lCMPs_133.wav
1904.546,1914.526,9.980000000000018,0.8445412516593933,15,A:\A _ Working\Researching\B - AIoT Lab VN\VITOSA\another_test\Get_More\audio\qXHma6XYctI.wav,qXHma6XYctI_133.wav
2844.61,2852.414,7.804000000000087,0.844478964805603,15,A:\A _ Working\Researching\B - AIoT Lab VN\VITOSA\another_test\Get_More\audio\ef_lApT7r54.wav,ef_lApT7r54_77.wav
3036.258,3045.374,9.115999999999985,0.8444656729698181,13,A:\A _ Working\Researching\B - AIoT Lab VN\VITOSA\another_test\Get_More\audio\5kfLCjQhB9E.wav,5kfLCjQhB9E_120.wav
646.626,652.926,6.300000000000068,0.8444421887397766,13,A:\A _ Working\Researching\B - AIoT Lab VN\VITOSA\another_test\Get_More\audio\hRYWiO-zi5s.wav,hRYWiO-zi5s_12.wav
2625.314,2634.398,9.084000000000287,0.8444013595581055,13,A:\A _ Working\Researching\B - AIoT Lab VN\VITOSA\another_test\Get_More\audio\qXHma6XYctI.wav,qXHma6XYctI_134.wav
3354.274,3359.934,5.660000000000309,0.8443388938903809,13,A:\A _ Working\Researching\B - AIoT Lab VN\VITOSA\another_test\Get_More\audio\9D00xkJM2ww.wav,9D00xkJM2ww_90.wav
1614.594,1626.046,11.451999999999998,0.8442724347114563,13,A:\A _ Working\Researching\B - AIoT Lab VN\VITOSA\another_test\Get_More\audio\5kfLCjQhB9E.wav,5kfLCjQhB9E_121.wav
1135.938,1140.222,4.283999999999878,0.8442512154579163,17,A:\A _ Working\Researching\B - AIoT Lab VN\VITOSA\another_test\Get_More\audio\S18XXLEo6uE.wav,S18XXLEo6uE_96.wav
5112.738,5119.134,6.395999999999731,0.8442068696022034,17,A:\A _ Working\Researching\B - AIoT Lab VN\VITOSA\another_test\Get_More\audio\qXHma6XYctI.wav,qXHma6XYctI_135.wav
284.706,296.83,12.123999999999967,0.8441510796546936,11,A:\A _ Working\Researching\B - AIoT Lab VN\VITOSA\another_test\Get_More\audio\5PJoMB03vwI.wav,5PJoMB03vwI_74.wav
3022.818,3029.086,6.267999999999574,0.8440907597541809,17,A:\A _ Working\Researching\B - AIoT Lab VN\VITOSA\another_test\Get_More\audio\S18XXLEo6uE.wav,S18XXLEo6uE_97.wav
905.73,909.278,3.548000000000002,0.843974232673645,16,A:\A _ Working\Researching\B - AIoT Lab VN\VITOSA\another_test\Get_More\audio\F0FDCeoa41k.wav,F0FDCeoa41k_74.wav
2657.634,2670.526,12.891999999999825,0.8438111543655396,13,A:\A _ Working\Researching\B - AIoT Lab VN\VITOSA\another_test\Get_More\audio\qXHma6XYctI.wav,qXHma6XYctI_136.wav
3001.794,3010.366,8.572000000000116,0.8438085317611694,17,A:\A _ Working\Researching\B - AIoT Lab VN\VITOSA\another_test\Get_More\audio\ONBa0kwBjmQ.wav,ONBa0kwBjmQ_78.wav
1898.53,1902.43,3.900000000000091,0.8437837958335876,10,A:\A _ Working\Researching\B - AIoT Lab VN\VITOSA\another_test\Get_More\audio\R6g946lCMPs.wav,R6g946lCMPs_134.wav
1168.034,1175.422,7.38799999999992,0.8437584638595581,16,A:\A _ Working\Researching\B - AIoT Lab VN\VITOSA\another_test\Get_More\audio\S18XXLEo6uE.wav,S18XXLEo6uE_98.wav
3016.642,3024.478,7.83600000000024,0.8437419533729553,17,A:\A _ Working\Researching\B - AIoT Lab VN\VITOSA\another_test\Get_More\audio\F0FDCeoa41k.wav,F0FDCeoa41k_75.wav
1482.498,1490.27,7.7719999999999345,0.8436787128448486,17,A:\A _ Working\Researching\B - AIoT Lab VN\VITOSA\another_test\Get_More\audio\qXHma6XYctI.wav,qXHma6XYctI_137.wav
1088.578,1093.214,4.635999999999967,0.8436445593833923,13,A:\A _ Working\Researching\B - AIoT Lab VN\VITOSA\another_test\Get_More\audio\7kB_BvGGN6s.wav,7kB_BvGGN6s_104.wav
2458.69,2464.798,6.10799999999972,0.8436420559883118,15,A:\A _ Working\Researching\B - AIoT Lab VN\VITOSA\another_test\Get_More\audio\y-6gIUvZ6f4.wav,y-6gIUvZ6f4_75.wav
667.362,675.998,8.636000000000081,0.843632698059082,13,A:\A _ Working\Researching\B - AIoT Lab VN\VITOSA\another_test\Get_More\audio\5kfLCjQhB9E.wav,5kfLCjQhB9E_122.wav
3484.514,3494.494,9.980000000000018,0.8434867262840271,13,A:\A _ Working\Researching\B - AIoT Lab VN\VITOSA\another_test\Get_More\audio\7kB_BvGGN6s.wav,7kB_BvGGN6s_105.wav
115.01,125.598,10.587999999999994,0.8434758186340332,10,A:\A _ Working\Researching\B - AIoT Lab VN\VITOSA\another_test\Get_More\audio\3bbPKJQL5Pc.wav,3bbPKJQL5Pc_12.wav
2946.466,2955.326,8.860000000000127,0.8434017896652222,17,A:\A _ Working\Researching\B - AIoT Lab VN\VITOSA\another_test\Get_More\audio\F0FDCeoa41k.wav,F0FDCeoa41k_76.wav
2028.802,2038.526,9.72400000000016,0.8432986736297607,15,A:\A _ Working\Researching\B - AIoT Lab VN\VITOSA\another_test\Get_More\audio\jRU0twOCBeQ.wav,jRU0twOCBeQ_81.wav
230.594,237.31,6.716000000000008,0.8432264924049377,13,A:\A _ Working\Researching\B - AIoT Lab VN\VITOSA\another_test\Get_More\audio\ef_lApT7r54.wav,ef_lApT7r54_78.wav
857.026,863.262,6.23599999999999,0.8431212902069092,15,A:\A _ Working\Researching\B - AIoT Lab VN\VITOSA\another_test\Get_More\audio\5kfLCjQhB9E.wav,5kfLCjQhB9E_123.wav
120.546,127.678,7.131999999999991,0.8430463075637817,16,A:\A _ Working\Researching\B - AIoT Lab VN\VITOSA\another_test\Get_More\audio\9D00xkJM2ww.wav,9D00xkJM2ww_91.wav
2961.57,2970.686,9.115999999999985,0.8430154919624329,15,A:\A _ Working\Researching\B - AIoT Lab VN\VITOSA\another_test\Get_More\audio\qXHma6XYctI.wav,qXHma6XYctI_138.wav
3504.258,3509.214,4.956000000000131,0.8428096175193787,15,A:\A _ Working\Researching\B - AIoT Lab VN\VITOSA\another_test\Get_More\audio\jRU0twOCBeQ.wav,jRU0twOCBeQ_82.wav
2375.938,2384.99,9.05199999999968,0.8428047895431519,16,A:\A _ Working\Researching\B - AIoT Lab VN\VITOSA\another_test\Get_More\audio\9D00xkJM2ww.wav,9D00xkJM2ww_92.wav
193.602,196.222,2.6200000000000045,0.8427780270576477,7,A:\A _ Working\Researching\B - AIoT Lab VN\VITOSA\another_test\Get_More\audio\5kfLCjQhB9E.wav,5kfLCjQhB9E_124.wav
3545.186,3549.374,4.187999999999647,0.8427654504776001,8,A:\A _ Working\Researching\B - AIoT Lab VN\VITOSA\another_test\Get_More\audio\5kfLCjQhB9E.wav,5kfLCjQhB9E_125.wav
508.738,514.91,6.171999999999969,0.8427082896232605,7,A:\A _ Working\Researching\B - AIoT Lab VN\VITOSA\another_test\Get_More\audio\7kB_BvGGN6s.wav,7kB_BvGGN6s_106.wav
3170.818,3177.534,6.7159999999998945,0.8426525592803955,9,A:\A _ Working\Researching\B - AIoT Lab VN\VITOSA\another_test\Get_More\audio\ONBa0kwBjmQ.wav,ONBa0kwBjmQ_79.wav
176.866,187.326,10.45999999999998,0.8426411151885986,7,A:\A _ Working\Researching\B - AIoT Lab VN\VITOSA\another_test\Get_More\audio\3bbPKJQL5Pc.wav,3bbPKJQL5Pc_13.wav
1816.866,1825.118,8.251999999999953,0.8426234126091003,13,A:\A _ Working\Researching\B - AIoT Lab VN\VITOSA\another_test\Get_More\audio\hrS5Tdh0VTU.wav,hrS5Tdh0VTU_96.wav
1805.314,1811.134,5.819999999999936,0.8426085114479065,13,A:\A _ Working\Researching\B - AIoT Lab VN\VITOSA\another_test\Get_More\audio\7kB_BvGGN6s.wav,7kB_BvGGN6s_107.wav
3055.938,3058.654,2.7159999999998945,0.8426074385643005,15,A:\A _ Working\Researching\B - AIoT Lab VN\VITOSA\another_test\Get_More\audio\RlOmT9AueBw.wav,RlOmT9AueBw_75.wav
90.05,92.222,2.171999999999997,0.842562735080719,17,A:\A _ Working\Researching\B - AIoT Lab VN\VITOSA\another_test\Get_More\audio\eUFVxaNfhzA.wav,eUFVxaNfhzA_80.wav
4356.322,4365.63,9.307999999999993,0.842526912689209,13,A:\A _ Working\Researching\B - AIoT Lab VN\VITOSA\another_test\Get_More\audio\R6g946lCMPs.wav,R6g946lCMPs_135.wav
229.986,235.262,5.2760000000000105,0.8425242900848389,16,A:\A _ Working\Researching\B - AIoT Lab VN\VITOSA\another_test\Get_More\audio\3bbPKJQL5Pc.wav,3bbPKJQL5Pc_14.wav
2118.53,2126.814,8.28399999999965,0.8424562215805054,16,A:\A _ Working\Researching\B - AIoT Lab VN\VITOSA\another_test\Get_More\audio\jRU0twOCBeQ.wav,jRU0twOCBeQ_83.wav
1804.386,1811.422,7.036000000000058,0.8424438238143921,13,A:\A _ Working\Researching\B - AIoT Lab VN\VITOSA\another_test\Get_More\audio\qXHma6XYctI.wav,qXHma6XYctI_139.wav
1774.21,1782.782,8.571999999999889,0.8423693180084229,13,A:\A _ Working\Researching\B - AIoT Lab VN\VITOSA\another_test\Get_More\audio\jRU0twOCBeQ.wav,jRU0twOCBeQ_84.wav
2390.498,2397.566,7.067999999999756,0.8423683643341064,13,A:\A _ Working\Researching\B - AIoT Lab VN\VITOSA\another_test\Get_More\audio\9D00xkJM2ww.wav,9D00xkJM2ww_93.wav
2851.298,2859.39,8.092000000000098,0.8422583341598511,9,A:\A _ Working\Researching\B - AIoT Lab VN\VITOSA\another_test\Get_More\audio\jRU0twOCBeQ.wav,jRU0twOCBeQ_85.wav
3541.282,3547.422,6.139999999999873,0.8422439694404602,17,A:\A _ Working\Researching\B - AIoT Lab VN\VITOSA\another_test\Get_More\audio\_agW7zGT4nM.wav,_agW7zGT4nM_99.wav
1150.85,1154.942,4.092000000000098,0.8421611189842224,13,A:\A _ Working\Researching\B - AIoT Lab VN\VITOSA\another_test\Get_More\audio\RlOmT9AueBw.wav,RlOmT9AueBw_76.wav
225.506,233.79,8.283999999999992,0.842132568359375,13,A:\A _ Working\Researching\B - AIoT Lab VN\VITOSA\another_test\Get_More\audio\7kB_BvGGN6s.wav,7kB_BvGGN6s_108.wav
1101.826,1107.742,5.91599999999994,0.8420808911323547,13,A:\A _ Working\Researching\B - AIoT Lab VN\VITOSA\another_test\Get_More\audio\w_Fr7m0rntQ.wav,w_Fr7m0rntQ_71.wav
141.666,154.494,12.828000000000003,0.8420261740684509,13,A:\A _ Working\Researching\B - AIoT Lab VN\VITOSA\another_test\Get_More\audio\ONBa0kwBjmQ.wav,ONBa0kwBjmQ_80.wav
53.858,57.502,3.6440000000000055,0.8420250415802002,17,A:\A _ Working\Researching\B - AIoT Lab VN\VITOSA\another_test\Get_More\audio\jRU0twOCBeQ.wav,jRU0twOCBeQ_86.wav
3456.066,3469.054,12.988000000000284,0.8419867157936096,16,A:\A _ Working\Researching\B - AIoT Lab VN\VITOSA\another_test\Get_More\audio\5kfLCjQhB9E.wav,5kfLCjQhB9E_126.wav
618.018,629.95,11.932000000000016,0.8419429063796997,13,A:\A _ Working\Researching\B - AIoT Lab VN\VITOSA\another_test\Get_More\audio\hRYWiO-zi5s.wav,hRYWiO-zi5s_13.wav
2550.05,2561.182,11.131999999999607,0.8419343829154968,13,A:\A _ Working\Researching\B - AIoT Lab VN\VITOSA\another_test\Get_More\audio\qXHma6XYctI.wav,qXHma6XYctI_140.wav
710.818,717.374,6.55600000000004,0.8417792320251465,1,A:\A _ Working\Researching\B - AIoT Lab VN\VITOSA\another_test\Get_More\audio\eUFVxaNfhzA.wav,eUFVxaNfhzA_81.wav
998.274,1003.358,5.083999999999946,0.8415610790252686,17,A:\A _ Working\Researching\B - AIoT Lab VN\VITOSA\another_test\Get_More\audio\ONBa0kwBjmQ.wav,ONBa0kwBjmQ_81.wav
1061.666,1069.022,7.3559999999999945,0.8415597677230835,13,A:\A _ Working\Researching\B - AIoT Lab VN\VITOSA\another_test\Get_More\audio\RlOmT9AueBw.wav,RlOmT9AueBw_77.wav
3470.882,3476.958,6.076000000000022,0.8415155410766602,3,A:\A _ Working\Researching\B - AIoT Lab VN\VITOSA\another_test\Get_More\audio\S18XXLEo6uE.wav,S18XXLEo6uE_99.wav
3454.466,3461.79,7.324000000000069,0.84151291847229,13,A:\A _ Working\Researching\B - AIoT Lab VN\VITOSA\another_test\Get_More\audio\7kB_BvGGN6s.wav,7kB_BvGGN6s_109.wav
2454.914,2461.47,6.555999999999585,0.8414040803909302,15,A:\A _ Working\Researching\B - AIoT Lab VN\VITOSA\another_test\Get_More\audio\ef_lApT7r54.wav,ef_lApT7r54_79.wav
1158.562,1164.286,5.72400000000016,0.8413673043251038,7,A:\A _ Working\Researching\B - AIoT Lab VN\VITOSA\another_test\Get_More\audio\_agW7zGT4nM.wav,_agW7zGT4nM_100.wav
1234.05,1239.198,5.148000000000138,0.8413503766059875,15,A:\A _ Working\Researching\B - AIoT Lab VN\VITOSA\another_test\Get_More\audio\RlOmT9AueBw.wav,RlOmT9AueBw_78.wav
1906.338,1913.726,7.388000000000147,0.841298520565033,13,A:\A _ Working\Researching\B - AIoT Lab VN\VITOSA\another_test\Get_More\audio\F0FDCeoa41k.wav,F0FDCeoa41k_77.wav
1800.77,1812.446,11.67599999999993,0.841292142868042,16,A:\A _ Working\Researching\B - AIoT Lab VN\VITOSA\another_test\Get_More\audio\9D00xkJM2ww.wav,9D00xkJM2ww_94.wav
2957.474,2968.83,11.355999999999767,0.8412753343582153,13,A:\A _ Working\Researching\B - AIoT Lab VN\VITOSA\another_test\Get_More\audio\kr0ypY0jAJI.wav,kr0ypY0jAJI_51.wav
1951.906,1960.158,8.251999999999953,0.8412508964538574,15,A:\A _ Working\Researching\B - AIoT Lab VN\VITOSA\another_test\Get_More\audio\Xs286Xdd4Nc.wav,Xs286Xdd4Nc_82.wav
1746.946,1755.678,8.732000000000198,0.8412418365478516,13,A:\A _ Working\Researching\B - AIoT Lab VN\VITOSA\another_test\Get_More\audio\F0FDCeoa41k.wav,F0FDCeoa41k_78.wav
1617.826,1625.182,7.3559999999999945,0.8411620259284973,13,A:\A _ Working\Researching\B - AIoT Lab VN\VITOSA\another_test\Get_More\audio\eUFVxaNfhzA.wav,eUFVxaNfhzA_82.wav
227.618,233.406,5.788000000000011,0.841065526008606,9,A:\A _ Working\Researching\B - AIoT Lab VN\VITOSA\another_test\Get_More\audio\hrS5Tdh0VTU.wav,hrS5Tdh0VTU_97.wav
2016.066,2026.718,10.652000000000044,0.8410178422927856,16,A:\A _ Working\Researching\B - AIoT Lab VN\VITOSA\another_test\Get_More\audio\y-6gIUvZ6f4.wav,y-6gIUvZ6f4_76.wav
141.442,147.838,6.395999999999987,0.8410009741783142,13,A:\A _ Working\Researching\B - AIoT Lab VN\VITOSA\another_test\Get_More\audio\S18XXLEo6uE.wav,S18XXLEo6uE_100.wav
3752.546,3760.542,7.996000000000095,0.8409980535507202,13,A:\A _ Working\Researching\B - AIoT Lab VN\VITOSA\another_test\Get_More\audio\5kfLCjQhB9E.wav,5kfLCjQhB9E_127.wav
3411.65,3418.334,6.683999999999742,0.8409280776977539,16,A:\A _ Working\Researching\B - AIoT Lab VN\VITOSA\another_test\Get_More\audio\R6g946lCMPs.wav,R6g946lCMPs_136.wav
132.642,143.198,10.556000000000012,0.8408581614494324,10,A:\A _ Working\Researching\B - AIoT Lab VN\VITOSA\another_test\Get_More\audio\R6g946lCMPs.wav,R6g946lCMPs_137.wav
2803.554,2813.566,10.011999999999716,0.8407419919967651,13,A:\A _ Working\Researching\B - AIoT Lab VN\VITOSA\another_test\Get_More\audio\Xs286Xdd4Nc.wav,Xs286Xdd4Nc_83.wav
2767.298,2772.99,5.692000000000007,0.8406352400779724,13,A:\A _ Working\Researching\B - AIoT Lab VN\VITOSA\another_test\Get_More\audio\RlOmT9AueBw.wav,RlOmT9AueBw_79.wav
784.738,790.462,5.723999999999933,0.8406327366828918,13,A:\A _ Working\Researching\B - AIoT Lab VN\VITOSA\another_test\Get_More\audio\qXHma6XYctI.wav,qXHma6XYctI_141.wav
969.57,978.59,9.019999999999982,0.8406060934066772,13,A:\A _ Working\Researching\B - AIoT Lab VN\VITOSA\another_test\Get_More\audio\7kB_BvGGN6s.wav,7kB_BvGGN6s_110.wav
27.298,33.214,5.916,0.8404964208602905,13,A:\A _ Working\Researching\B - AIoT Lab VN\VITOSA\another_test\Get_More\audio\ONBa0kwBjmQ.wav,ONBa0kwBjmQ_82.wav
2170.754,2180.414,9.66000000000031,0.8403233885765076,13,A:\A _ Working\Researching\B - AIoT Lab VN\VITOSA\another_test\Get_More\audio\5kfLCjQhB9E.wav,5kfLCjQhB9E_128.wav
3173.666,3186.462,12.795999999999822,0.8402624726295471,13,A:\A _ Working\Researching\B - AIoT Lab VN\VITOSA\another_test\Get_More\audio\y-6gIUvZ6f4.wav,y-6gIUvZ6f4_77.wav
38.946,45.118,6.172000000000004,0.8402273654937744,10,A:\A _ Working\Researching\B - AIoT Lab VN\VITOSA\another_test\Get_More\audio\R6g946lCMPs.wav,R6g946lCMPs_138.wav
1488.034,1493.086,5.051999999999907,0.840206503868103,13,A:\A _ Working\Researching\B - AIoT Lab VN\VITOSA\another_test\Get_More\audio\kr0ypY0jAJI.wav,kr0ypY0jAJI_52.wav
114.914,119.774,4.859999999999999,0.8401364684104919,13,A:\A _ Working\Researching\B - AIoT Lab VN\VITOSA\another_test\Get_More\audio\hrS5Tdh0VTU.wav,hrS5Tdh0VTU_98.wav
3394.114,3399.422,5.307999999999993,0.8400726318359375,9,A:\A _ Working\Researching\B - AIoT Lab VN\VITOSA\another_test\Get_More\audio\hrS5Tdh0VTU.wav,hrS5Tdh0VTU_99.wav
247.586,252.862,5.275999999999982,0.8399879932403564,13,A:\A _ Working\Researching\B - AIoT Lab VN\VITOSA\another_test\Get_More\audio\R6g946lCMPs.wav,R6g946lCMPs_139.wav
3303.01,3306.59,3.5799999999999272,0.839931845664978,13,A:\A _ Working\Researching\B - AIoT Lab VN\VITOSA\another_test\Get_More\audio\ONBa0kwBjmQ.wav,ONBa0kwBjmQ_83.wav
2616.066,2623.134,7.068000000000211,0.8399235606193542,13,A:\A _ Working\Researching\B - AIoT Lab VN\VITOSA\another_test\Get_More\audio\y-6gIUvZ6f4.wav,y-6gIUvZ6f4_78.wav
1788.578,1793.726,5.148000000000138,0.8399103879928589,13,A:\A _ Working\Researching\B - AIoT Lab VN\VITOSA\another_test\Get_More\audio\hrS5Tdh0VTU.wav,hrS5Tdh0VTU_100.wav
183.426,187.87,4.444000000000017,0.839888334274292,16,A:\A _ Working\Researching\B - AIoT Lab VN\VITOSA\another_test\Get_More\audio\9D00xkJM2ww.wav,9D00xkJM2ww_95.wav
2049.57,2060.446,10.875999999999749,0.839860200881958,13,A:\A _ Working\Researching\B - AIoT Lab VN\VITOSA\another_test\Get_More\audio\R6g946lCMPs.wav,R6g946lCMPs_140.wav
2107.586,2120.99,13.403999999999996,0.8398079872131348,16,A:\A _ Working\Researching\B - AIoT Lab VN\VITOSA\another_test\Get_More\audio\_agW7zGT4nM.wav,_agW7zGT4nM_101.wav
517.218,521.438,4.220000000000027,0.8397769927978516,9,A:\A _ Working\Researching\B - AIoT Lab VN\VITOSA\another_test\Get_More\audio\ef_lApT7r54.wav,ef_lApT7r54_80.wav
3679.522,3688.222,8.700000000000273,0.8397766351699829,13,A:\A _ Working\Researching\B - AIoT Lab VN\VITOSA\another_test\Get_More\audio\qXHma6XYctI.wav,qXHma6XYctI_142.wav
3533.57,3541.95,8.379999999999654,0.8397671580314636,15,A:\A _ Working\Researching\B - AIoT Lab VN\VITOSA\another_test\Get_More\audio\RlOmT9AueBw.wav,RlOmT9AueBw_80.wav
3715.298,3723.038,7.7400000000002365,0.8396562933921814,3,A:\A _ Working\Researching\B - AIoT Lab VN\VITOSA\another_test\Get_More\audio\5kfLCjQhB9E.wav,5kfLCjQhB9E_129.wav
2993.442,2999.294,5.851999999999862,0.8396292924880981,15,A:\A _ Working\Researching\B - AIoT Lab VN\VITOSA\another_test\Get_More\audio\ZL8rrh9cEQk.wav,ZL8rrh9cEQk_127.wav
2917.954,2924.414,6.460000000000036,0.8396227955818176,9,A:\A _ Working\Researching\B - AIoT Lab VN\VITOSA\another_test\Get_More\audio\jRU0twOCBeQ.wav,jRU0twOCBeQ_87.wav
3305.378,3316.478,11.099999999999909,0.8395215272903442,13,A:\A _ Working\Researching\B - AIoT Lab VN\VITOSA\another_test\Get_More\audio\ef_lApT7r54.wav,ef_lApT7r54_81.wav
796.354,802.43,6.075999999999908,0.8395098447799683,11,A:\A _ Working\Researching\B - AIoT Lab VN\VITOSA\another_test\Get_More\audio\hRYWiO-zi5s.wav,hRYWiO-zi5s_14.wav
1369.442,1376.638,7.195999999999913,0.8394948840141296,13,A:\A _ Working\Researching\B - AIoT Lab VN\VITOSA\another_test\Get_More\audio\kr0ypY0jAJI.wav,kr0ypY0jAJI_53.wav
2927.042,2934.43,7.38799999999992,0.839179515838623,15,A:\A _ Working\Researching\B - AIoT Lab VN\VITOSA\another_test\Get_More\audio\Xs286Xdd4Nc.wav,Xs286Xdd4Nc_84.wav
3473.474,3477.758,4.283999999999651,0.8391761779785156,16,A:\A _ Working\Researching\B - AIoT Lab VN\VITOSA\another_test\Get_More\audio\w_Fr7m0rntQ.wav,w_Fr7m0rntQ_72.wav
3583.202,3589.214,6.011999999999716,0.8391004204750061,13,A:\A _ Working\Researching\B - AIoT Lab VN\VITOSA\another_test\Get_More\audio\hrS5Tdh0VTU.wav,hrS5Tdh0VTU_101.wav
796.546,805.022,8.475999999999999,0.8390739560127258,13,A:\A _ Working\Researching\B - AIoT Lab VN\VITOSA\another_test\Get_More\audio\jRU0twOCBeQ.wav,jRU0twOCBeQ_88.wav
2523.426,2532.158,8.731999999999971,0.8389370441436768,13,A:\A _ Working\Researching\B - AIoT Lab VN\VITOSA\another_test\Get_More\audio\hrS5Tdh0VTU.wav,hrS5Tdh0VTU_102.wav
1894.978,1900.574,5.596000000000004,0.8389329314231873,13,A:\A _ Working\Researching\B - AIoT Lab VN\VITOSA\another_test\Get_More\audio\jRU0twOCBeQ.wav,jRU0twOCBeQ_89.wav
1387.522,1394.75,7.2280000000000655,0.8389120697975159,16,A:\A _ Working\Researching\B - AIoT Lab VN\VITOSA\another_test\Get_More\audio\9D00xkJM2ww.wav,9D00xkJM2ww_96.wav
4137.442,4145.438,7.996000000000095,0.8388177156448364,13,A:\A _ Working\Researching\B - AIoT Lab VN\VITOSA\another_test\Get_More\audio\R6g946lCMPs.wav,R6g946lCMPs_141.wav
3232.706,3243.294,10.587999999999738,0.8387974500656128,16,A:\A _ Working\Researching\B - AIoT Lab VN\VITOSA\another_test\Get_More\audio\ZL8rrh9cEQk.wav,ZL8rrh9cEQk_128.wav
2759.298,2766.462,7.164000000000215,0.8387802839279175,13,A:\A _ Working\Researching\B - AIoT Lab VN\VITOSA\another_test\Get_More\audio\5RbEHUr5ezA.wav,5RbEHUr5ezA_81.wav
2838.338,2849.15,10.811999999999898,0.8386812210083008,15,A:\A _ Working\Researching\B - AIoT Lab VN\VITOSA\another_test\Get_More\audio\qXHma6XYctI.wav,qXHma6XYctI_143.wav
843.618,857.054,13.435999999999922,0.8385886549949646,13,A:\A _ Working\Researching\B - AIoT Lab VN\VITOSA\another_test\Get_More\audio\hRYWiO-zi5s.wav,hRYWiO-zi5s_15.wav
405.538,407.39,1.8519999999999754,0.8385765552520752,18,A:\A _ Working\Researching\B - AIoT Lab VN\VITOSA\another_test\Get_More\audio\F0FDCeoa41k.wav,F0FDCeoa41k_79.wav
2989.218,2996.19,6.972000000000207,0.838524580001831,3,A:\A _ Working\Researching\B - AIoT Lab VN\VITOSA\another_test\Get_More\audio\5kfLCjQhB9E.wav,5kfLCjQhB9E_130.wav
2714.882,2723.774,8.891999999999825,0.8384438157081604,13,A:\A _ Working\Researching\B - AIoT Lab VN\VITOSA\another_test\Get_More\audio\y-6gIUvZ6f4.wav,y-6gIUvZ6f4_79.wav
2188.61,2196.734,8.123999999999796,0.8384143114089966,16,A:\A _ Working\Researching\B - AIoT Lab VN\VITOSA\another_test\Get_More\audio\_agW7zGT4nM.wav,_agW7zGT4nM_102.wav
1659.266,1669.886,10.61999999999989,0.8384094834327698,16,A:\A _ Working\Researching\B - AIoT Lab VN\VITOSA\another_test\Get_More\audio\eUFVxaNfhzA.wav,eUFVxaNfhzA_83.wav
3011.202,3024.318,13.115999999999985,0.8384021520614624,13,A:\A _ Working\Researching\B - AIoT Lab VN\VITOSA\another_test\Get_More\audio\9D00xkJM2ww.wav,9D00xkJM2ww_97.wav
1836.61,1841.374,4.764000000000124,0.838351309299469,13,A:\A _ Working\Researching\B - AIoT Lab VN\VITOSA\another_test\Get_More\audio\y-6gIUvZ6f4.wav,y-6gIUvZ6f4_80.wav
2461.794,2470.302,8.508000000000266,0.8383404016494751,16,A:\A _ Working\Researching\B - AIoT Lab VN\VITOSA\another_test\Get_More\audio\w_Fr7m0rntQ.wav,w_Fr7m0rntQ_73.wav
953.09,959.87,6.779999999999973,0.8383280038833618,13,A:\A _ Working\Researching\B - AIoT Lab VN\VITOSA\another_test\Get_More\audio\hrS5Tdh0VTU.wav,hrS5Tdh0VTU_103.wav
1041.026,1050.846,9.819999999999936,0.8383127450942993,13,A:\A _ Working\Researching\B - AIoT Lab VN\VITOSA\another_test\Get_More\audio\5PJoMB03vwI.wav,5PJoMB03vwI_75.wav
3152.482,3159.006,6.523999999999887,0.838288426399231,10,A:\A _ Working\Researching\B - AIoT Lab VN\VITOSA\another_test\Get_More\audio\9D00xkJM2ww.wav,9D00xkJM2ww_98.wav
3105.314,3111.742,6.428000000000338,0.8382490277290344,13,A:\A _ Working\Researching\B - AIoT Lab VN\VITOSA\another_test\Get_More\audio\hrS5Tdh0VTU.wav,hrS5Tdh0VTU_104.wav
1452.034,1464.158,12.123999999999796,0.8382032513618469,13,A:\A _ Working\Researching\B - AIoT Lab VN\VITOSA\another_test\Get_More\audio\qXHma6XYctI.wav,qXHma6XYctI_144.wav
834.498,840.318,5.819999999999936,0.8381626605987549,13,A:\A _ Working\Researching\B - AIoT Lab VN\VITOSA\another_test\Get_More\audio\qXHma6XYctI.wav,qXHma6XYctI_145.wav
3743.778,3750.91,7.132000000000062,0.8380377292633057,17,A:\A _ Working\Researching\B - AIoT Lab VN\VITOSA\another_test\Get_More\audio\RlOmT9AueBw.wav,RlOmT9AueBw_81.wav
3414.85,3420.254,5.403999999999996,0.8379987478256226,17,A:\A _ Working\Researching\B - AIoT Lab VN\VITOSA\another_test\Get_More\audio\F0FDCeoa41k.wav,F0FDCeoa41k_80.wav
3594.978,3601.63,6.652000000000044,0.8379746079444885,13,A:\A _ Working\Researching\B - AIoT Lab VN\VITOSA\another_test\Get_More\audio\qXHma6XYctI.wav,qXHma6XYctI_146.wav
1328.418,1335.422,7.004000000000133,0.83796226978302,13,A:\A _ Working\Researching\B - AIoT Lab VN\VITOSA\another_test\Get_More\audio\5kfLCjQhB9E.wav,5kfLCjQhB9E_131.wav
3293.506,3306.814,13.307999999999993,0.8379619717597961,13,A:\A _ Working\Researching\B - AIoT Lab VN\VITOSA\another_test\Get_More\audio\7kB_BvGGN6s.wav,7kB_BvGGN6s_111.wav
678.402,686.59,8.187999999999988,0.8378593921661377,17,A:\A _ Working\Researching\B - AIoT Lab VN\VITOSA\another_test\Get_More\audio\9D00xkJM2ww.wav,9D00xkJM2ww_99.wav
178.466,191.838,13.371999999999986,0.8378317356109619,17,A:\A _ Working\Researching\B - AIoT Lab VN\VITOSA\another_test\Get_More\audio\w_Fr7m0rntQ.wav,w_Fr7m0rntQ_74.wav
1811.554,1821.406,9.851999999999862,0.83781498670578,16,A:\A _ Working\Researching\B - AIoT Lab VN\VITOSA\another_test\Get_More\audio\ZL8rrh9cEQk.wav,ZL8rrh9cEQk_129.wav
2073.154,2083.71,10.55600000000004,0.8377975225448608,15,A:\A _ Working\Researching\B - AIoT Lab VN\VITOSA\another_test\Get_More\audio\RlOmT9AueBw.wav,RlOmT9AueBw_82.wav
1243.426,1252.03,8.604000000000042,0.8377625942230225,13,A:\A _ Working\Researching\B - AIoT Lab VN\VITOSA\another_test\Get_More\audio\w_Fr7m0rntQ.wav,w_Fr7m0rntQ_75.wav
936.162,942.27,6.107999999999947,0.837650716304779,9,A:\A _ Working\Researching\B - AIoT Lab VN\VITOSA\another_test\Get_More\audio\R6g946lCMPs.wav,R6g946lCMPs_142.wav
4653.378,4657.406,4.028000000000247,0.837648868560791,7,A:\A _ Working\Researching\B - AIoT Lab VN\VITOSA\another_test\Get_More\audio\qXHma6XYctI.wav,qXHma6XYctI_147.wav
2933.858,2938.686,4.8279999999999745,0.8375034332275391,13,A:\A _ Working\Researching\B - AIoT Lab VN\VITOSA\another_test\Get_More\audio\w_Fr7m0rntQ.wav,w_Fr7m0rntQ_76.wav
721.506,734.942,13.436000000000035,0.8374184370040894,16,A:\A _ Working\Researching\B - AIoT Lab VN\VITOSA\another_test\Get_More\audio\ef_lApT7r54.wav,ef_lApT7r54_82.wav
3151.842,3154.078,2.2359999999998763,0.8373026847839355,17,A:\A _ Working\Researching\B - AIoT Lab VN\VITOSA\another_test\Get_More\audio\kr0ypY0jAJI.wav,kr0ypY0jAJI_54.wav
2341.474,2344.382,2.9079999999999018,0.837295413017273,3,A:\A _ Working\Researching\B - AIoT Lab VN\VITOSA\another_test\Get_More\audio\5kfLCjQhB9E.wav,5kfLCjQhB9E_132.wav
1762.85,1767.646,4.796000000000049,0.8372510671615601,17,A:\A _ Working\Researching\B - AIoT Lab VN\VITOSA\another_test\Get_More\audio\ONBa0kwBjmQ.wav,ONBa0kwBjmQ_84.wav
2102.242,2110.27,8.027999999999793,0.8372159004211426,16,A:\A _ Working\Researching\B - AIoT Lab VN\VITOSA\another_test\Get_More\audio\jRU0twOCBeQ.wav,jRU0twOCBeQ_90.wav
497.634,505.022,7.387999999999977,0.8371807336807251,13,A:\A _ Working\Researching\B - AIoT Lab VN\VITOSA\another_test\Get_More\audio\fMfos_YBT0o.wav,fMfos_YBT0o_45.wav
2900.962,2908.542,7.579999999999927,0.8370910882949829,15,A:\A _ Working\Researching\B - AIoT Lab VN\VITOSA\another_test\Get_More\audio\y-6gIUvZ6f4.wav,y-6gIUvZ6f4_81.wav
427.138,433.246,6.108000000000004,0.8370552659034729,9,A:\A _ Working\Researching\B - AIoT Lab VN\VITOSA\another_test\Get_More\audio\fMfos_YBT0o.wav,fMfos_YBT0o_46.wav
1701.794,1712.126,10.33199999999988,0.8370227217674255,15,A:\A _ Working\Researching\B - AIoT Lab VN\VITOSA\another_test\Get_More\audio\y-6gIUvZ6f4.wav,y-6gIUvZ6f4_82.wav
2663.33,2673.31,9.980000000000018,0.8369956016540527,15,A:\A _ Working\Researching\B - AIoT Lab VN\VITOSA\another_test\Get_More\audio\S18XXLEo6uE.wav,S18XXLEo6uE_101.wav
2953.282,2960.446,7.16399999999976,0.8369855880737305,17,A:\A _ Working\Researching\B - AIoT Lab VN\VITOSA\another_test\Get_More\audio\5PJoMB03vwI.wav,5PJoMB03vwI_76.wav
3513.826,3521.182,7.355999999999767,0.8369649648666382,10,A:\A _ Working\Researching\B - AIoT Lab VN\VITOSA\another_test\Get_More\audio\_agW7zGT4nM.wav,_agW7zGT4nM_103.wav
21.314,27.518,6.204000000000001,0.8369464874267578,10,A:\A _ Working\Researching\B - AIoT Lab VN\VITOSA\another_test\Get_More\audio\3bbPKJQL5Pc.wav,3bbPKJQL5Pc_15.wav
1708.994,1715.774,6.779999999999973,0.8368949890136719,10,A:\A _ Working\Researching\B - AIoT Lab VN\VITOSA\another_test\Get_More\audio\qXHma6XYctI.wav,qXHma6XYctI_148.wav
878.562,886.238,7.676000000000045,0.836785078048706,9,A:\A _ Working\Researching\B - AIoT Lab VN\VITOSA\another_test\Get_More\audio\F0FDCeoa41k.wav,F0FDCeoa41k_81.wav
802.626,806.462,3.8360000000000127,0.8367668986320496,3,A:\A _ Working\Researching\B - AIoT Lab VN\VITOSA\another_test\Get_More\audio\Xs286Xdd4Nc.wav,Xs286Xdd4Nc_85.wav
241.634,255.294,13.660000000000025,0.8367139101028442,16,A:\A _ Working\Researching\B - AIoT Lab VN\VITOSA\another_test\Get_More\audio\RlOmT9AueBw.wav,RlOmT9AueBw_83.wav
2707.49,2714.238,6.748000000000047,0.8366901874542236,13,A:\A _ Working\Researching\B - AIoT Lab VN\VITOSA\another_test\Get_More\audio\7kB_BvGGN6s.wav,7kB_BvGGN6s_112.wav
1032.002,1036.51,4.508000000000038,0.8366893529891968,9,A:\A _ Working\Researching\B - AIoT Lab VN\VITOSA\another_test\Get_More\audio\jRU0twOCBeQ.wav,jRU0twOCBeQ_91.wav
2842.786,2847.934,5.148000000000138,0.8366726636886597,9,A:\A _ Working\Researching\B - AIoT Lab VN\VITOSA\another_test\Get_More\audio\Xs286Xdd4Nc.wav,Xs286Xdd4Nc_86.wav
2314.338,2322.398,8.059999999999945,0.8365938067436218,16,A:\A _ Working\Researching\B - AIoT Lab VN\VITOSA\another_test\Get_More\audio\eUFVxaNfhzA.wav,eUFVxaNfhzA_84.wav
10.434,14.782,4.348000000000001,0.8365358114242554,13,A:\A _ Working\Researching\B - AIoT Lab VN\VITOSA\another_test\Get_More\audio\ef_lApT7r54.wav,ef_lApT7r54_83.wav
2589.89,2594.654,4.764000000000124,0.8365298509597778,17,A:\A _ Working\Researching\B - AIoT Lab VN\VITOSA\another_test\Get_More\audio\5RbEHUr5ezA.wav,5RbEHUr5ezA_82.wav
2045.89,2054.686,8.79600000000005,0.836471438407898,15,A:\A _ Working\Researching\B - AIoT Lab VN\VITOSA\another_test\Get_More\audio\jRU0twOCBeQ.wav,jRU0twOCBeQ_92.wav
2989.73,2999.582,9.851999999999862,0.8364108800888062,17,A:\A _ Working\Researching\B - AIoT Lab VN\VITOSA\another_test\Get_More\audio\F0FDCeoa41k.wav,F0FDCeoa41k_82.wav
3352.258,3360.702,8.444000000000415,0.8363205790519714,13,A:\A _ Working\Researching\B - AIoT Lab VN\VITOSA\another_test\Get_More\audio\7kB_BvGGN6s.wav,7kB_BvGGN6s_113.wav
754.274,761.118,6.844000000000051,0.8362080454826355,15,A:\A _ Working\Researching\B - AIoT Lab VN\VITOSA\another_test\Get_More\audio\5kfLCjQhB9E.wav,5kfLCjQhB9E_133.wav
3553.858,3560.062,6.2039999999997235,0.8362060785293579,3,A:\A _ Working\Researching\B - AIoT Lab VN\VITOSA\another_test\Get_More\audio\hrS5Tdh0VTU.wav,hrS5Tdh0VTU_105.wav
165.73,173.662,7.932000000000016,0.836166262626648,13,A:\A _ Working\Researching\B - AIoT Lab VN\VITOSA\another_test\Get_More\audio\ef_lApT7r54.wav,ef_lApT7r54_84.wav
513.154,518.814,5.659999999999968,0.8361449241638184,13,A:\A _ Working\Researching\B - AIoT Lab VN\VITOSA\another_test\Get_More\audio\5PJoMB03vwI.wav,5PJoMB03vwI_77.wav
564.802,576.99,12.187999999999988,0.8361068964004517,16,A:\A _ Working\Researching\B - AIoT Lab VN\VITOSA\another_test\Get_More\audio\kr0ypY0jAJI.wav,kr0ypY0jAJI_55.wav
2781.378,2787.774,6.395999999999731,0.836095929145813,11,A:\A _ Working\Researching\B - AIoT Lab VN\VITOSA\another_test\Get_More\audio\qXHma6XYctI.wav,qXHma6XYctI_149.wav
2589.442,2599.582,10.139999999999873,0.8359978795051575,15,A:\A _ Working\Researching\B - AIoT Lab VN\VITOSA\another_test\Get_More\audio\ONBa0kwBjmQ.wav,ONBa0kwBjmQ_85.wav
1127.074,1131.838,4.763999999999896,0.8359771966934204,13,A:\A _ Working\Researching\B - AIoT Lab VN\VITOSA\another_test\Get_More\audio\5kfLCjQhB9E.wav,5kfLCjQhB9E_134.wav
811.842,819.774,7.932000000000016,0.8359628915786743,13,A:\A _ Working\Researching\B - AIoT Lab VN\VITOSA\another_test\Get_More\audio\R6g946lCMPs.wav,R6g946lCMPs_143.wav
1963.81,1975.166,11.355999999999995,0.8359483480453491,17,A:\A _ Working\Researching\B - AIoT Lab VN\VITOSA\another_test\Get_More\audio\F0FDCeoa41k.wav,F0FDCeoa41k_83.wav
1590.338,1595.71,5.372000000000071,0.8357758522033691,13,A:\A _ Working\Researching\B - AIoT Lab VN\VITOSA\another_test\Get_More\audio\R6g946lCMPs.wav,R6g946lCMPs_144.wav
1727.778,1735.614,7.836000000000013,0.8357467651367188,15,A:\A _ Working\Researching\B - AIoT Lab VN\VITOSA\another_test\Get_More\audio\ef_lApT7r54.wav,ef_lApT7r54_85.wav
1006.658,1014.046,7.388000000000034,0.8356749415397644,13,A:\A _ Working\Researching\B - AIoT Lab VN\VITOSA\another_test\Get_More\audio\R6g946lCMPs.wav,R6g946lCMPs_145.wav
333.474,343.486,10.012,0.8356466293334961,11,A:\A _ Working\Researching\B - AIoT Lab VN\VITOSA\another_test\Get_More\audio\5PJoMB03vwI.wav,5PJoMB03vwI_78.wav
1856.418,1859.774,3.3559999999999945,0.8356359004974365,13,A:\A _ Working\Researching\B - AIoT Lab VN\VITOSA\another_test\Get_More\audio\RlOmT9AueBw.wav,RlOmT9AueBw_84.wav
2042.882,2056.798,13.915999999999713,0.835598349571228,17,A:\A _ Working\Researching\B - AIoT Lab VN\VITOSA\another_test\Get_More\audio\RlOmT9AueBw.wav,RlOmT9AueBw_85.wav
1285.282,1296.766,11.484000000000151,0.8355627655982971,13,A:\A _ Working\Researching\B - AIoT Lab VN\VITOSA\another_test\Get_More\audio\ef_lApT7r54.wav,ef_lApT7r54_86.wav
2797.314,2806.878,9.564000000000306,0.8355603218078613,11,A:\A _ Working\Researching\B - AIoT Lab VN\VITOSA\another_test\Get_More\audio\qXHma6XYctI.wav,qXHma6XYctI_150.wav
2426.466,2436.638,10.172000000000025,0.8355234265327454,16,A:\A _ Working\Researching\B - AIoT Lab VN\VITOSA\another_test\Get_More\audio\5RbEHUr5ezA.wav,5RbEHUr5ezA_83.wav
776.93,783.326,6.396000000000072,0.835497260093689,11,A:\A _ Working\Researching\B - AIoT Lab VN\VITOSA\another_test\Get_More\audio\hRYWiO-zi5s.wav,hRYWiO-zi5s_16.wav
3418.434,3423.55,5.1159999999999854,0.8354650735855103,3,A:\A _ Working\Researching\B - AIoT Lab VN\VITOSA\another_test\Get_More\audio\hrS5Tdh0VTU.wav,hrS5Tdh0VTU_106.wav
829.954,843.006,13.052000000000021,0.8353325724601746,16,A:\A _ Working\Researching\B - AIoT Lab VN\VITOSA\another_test\Get_More\audio\S18XXLEo6uE.wav,S18XXLEo6uE_102.wav
1445.922,1454.558,8.635999999999967,0.8352035284042358,13,A:\A _ Working\Researching\B - AIoT Lab VN\VITOSA\another_test\Get_More\audio\_agW7zGT4nM.wav,_agW7zGT4nM_104.wav
802.786,806.494,3.7080000000000837,0.835131049156189,8,A:\A _ Working\Researching\B - AIoT Lab VN\VITOSA\another_test\Get_More\audio\eUFVxaNfhzA.wav,eUFVxaNfhzA_85.wav
1606.082,1610.622,4.539999999999964,0.8351252675056458,13,A:\A _ Working\Researching\B - AIoT Lab VN\VITOSA\another_test\Get_More\audio\R6g946lCMPs.wav,R6g946lCMPs_146.wav
2973.794,2979.902,6.108000000000175,0.8350575566291809,13,A:\A _ Working\Researching\B - AIoT Lab VN\VITOSA\another_test\Get_More\audio\9D00xkJM2ww.wav,9D00xkJM2ww_100.wav
2994.178,2999.294,5.1159999999999854,0.8350508213043213,10,A:\A _ Working\Researching\B - AIoT Lab VN\VITOSA\another_test\Get_More\audio\w_Fr7m0rntQ.wav,w_Fr7m0rntQ_77.wav
2891.554,2899.678,8.123999999999796,0.835020124912262,13,A:\A _ Working\Researching\B - AIoT Lab VN\VITOSA\another_test\Get_More\audio\hrS5Tdh0VTU.wav,hrS5Tdh0VTU_107.wav
532.354,543.23,10.875999999999976,0.834891140460968,17,A:\A _ Working\Researching\B - AIoT Lab VN\VITOSA\another_test\Get_More\audio\5RbEHUr5ezA.wav,5RbEHUr5ezA_84.wav
3056.642,3069.15,12.508000000000266,0.8348215818405151,15,A:\A _ Working\Researching\B - AIoT Lab VN\VITOSA\another_test\Get_More\audio\jRU0twOCBeQ.wav,jRU0twOCBeQ_93.wav
12.354,18.046,5.692,0.8347797393798828,13,A:\A _ Working\Researching\B - AIoT Lab VN\VITOSA\another_test\Get_More\audio\qXHma6XYctI.wav,qXHma6XYctI_151.wav
401.57,409.982,8.412000000000035,0.8347592353820801,13,A:\A _ Working\Researching\B - AIoT Lab VN\VITOSA\another_test\Get_More\audio\qXHma6XYctI.wav,qXHma6XYctI_152.wav
3017.282,3022.078,4.795999999999822,0.8346834182739258,17,A:\A _ Working\Researching\B - AIoT Lab VN\VITOSA\another_test\Get_More\audio\hrS5Tdh0VTU.wav,hrS5Tdh0VTU_108.wav
144.194,150.142,5.9480000000000075,0.8346362113952637,13,A:\A _ Working\Researching\B - AIoT Lab VN\VITOSA\another_test\Get_More\audio\3bbPKJQL5Pc.wav,3bbPKJQL5Pc_16.wav
280.194,287.486,7.291999999999973,0.8345838189125061,13,A:\A _ Working\Researching\B - AIoT Lab VN\VITOSA\another_test\Get_More\audio\y-6gIUvZ6f4.wav,y-6gIUvZ6f4_83.wav
1949.474,1955.966,6.491999999999962,0.8345491886138916,9,A:\A _ Working\Researching\B - AIoT Lab VN\VITOSA\another_test\Get_More\audio\R6g946lCMPs.wav,R6g946lCMPs_147.wav
1216.642,1225.822,9.179999999999836,0.834495484828949,15,A:\A _ Working\Researching\B - AIoT Lab VN\VITOSA\another_test\Get_More\audio\RlOmT9AueBw.wav,RlOmT9AueBw_86.wav
3149.122,3152.574,3.4520000000002256,0.8342516422271729,3,A:\A _ Working\Researching\B - AIoT Lab VN\VITOSA\another_test\Get_More\audio\S18XXLEo6uE.wav,S18XXLEo6uE_103.wav
1165.762,1172.51,6.748000000000047,0.8339301943778992,9,A:\A _ Working\Researching\B - AIoT Lab VN\VITOSA\another_test\Get_More\audio\7kB_BvGGN6s.wav,7kB_BvGGN6s_114.wav
3828.898,3839.806,10.907999999999902,0.8339027166366577,10,A:\A _ Working\Researching\B - AIoT Lab VN\VITOSA\another_test\Get_More\audio\qXHma6XYctI.wav,qXHma6XYctI_153.wav
3258.882,3265.342,6.460000000000036,0.8338989615440369,13,A:\A _ Working\Researching\B - AIoT Lab VN\VITOSA\another_test\Get_More\audio\y-6gIUvZ6f4.wav,y-6gIUvZ6f4_84.wav
2304.226,2312.83,8.603999999999814,0.833828866481781,3,A:\A _ Working\Researching\B - AIoT Lab VN\VITOSA\another_test\Get_More\audio\9D00xkJM2ww.wav,9D00xkJM2ww_101.wav
3649.186,3661.886,12.699999999999818,0.8337669372558594,17,A:\A _ Working\Researching\B - AIoT Lab VN\VITOSA\another_test\Get_More\audio\w_Fr7m0rntQ.wav,w_Fr7m0rntQ_78.wav
1974.242,1978.558,4.316000000000031,0.8337243795394897,16,A:\A _ Working\Researching\B - AIoT Lab VN\VITOSA\another_test\Get_More\audio\eUFVxaNfhzA.wav,eUFVxaNfhzA_86.wav
1907.714,1911.614,3.900000000000091,0.8337181806564331,9,A:\A _ Working\Researching\B - AIoT Lab VN\VITOSA\another_test\Get_More\audio\w_Fr7m0rntQ.wav,w_Fr7m0rntQ_79.wav
3373.634,3387.486,13.851999999999862,0.8336297869682312,16,A:\A _ Working\Researching\B - AIoT Lab VN\VITOSA\another_test\Get_More\audio\5kfLCjQhB9E.wav,5kfLCjQhB9E_135.wav
614.21,618.302,4.0919999999999845,0.8336140513420105,17,A:\A _ Working\Researching\B - AIoT Lab VN\VITOSA\another_test\Get_More\audio\7kB_BvGGN6s.wav,7kB_BvGGN6s_115.wav
3589.666,3595.262,5.596000000000004,0.8335001468658447,17,A:\A _ Working\Researching\B - AIoT Lab VN\VITOSA\another_test\Get_More\audio\7kB_BvGGN6s.wav,7kB_BvGGN6s_116.wav
1314.37,1319.294,4.9240000000002055,0.8334736227989197,3,A:\A _ Working\Researching\B - AIoT Lab VN\VITOSA\another_test\Get_More\audio\y-6gIUvZ6f4.wav,y-6gIUvZ6f4_85.wav
3281.154,3286.174,5.019999999999982,0.833389163017273,13,A:\A _ Working\Researching\B - AIoT Lab VN\VITOSA\another_test\Get_More\audio\ONBa0kwBjmQ.wav,ONBa0kwBjmQ_86.wav
2872.194,2883.518,11.32400000000007,0.8333660364151001,13,A:\A _ Working\Researching\B - AIoT Lab VN\VITOSA\another_test\Get_More\audio\7kB_BvGGN6s.wav,7kB_BvGGN6s_117.wav
1409.57,1416.926,7.3559999999999945,0.8333162665367126,15,A:\A _ Working\Researching\B - AIoT Lab VN\VITOSA\another_test\Get_More\audio\ZL8rrh9cEQk.wav,ZL8rrh9cEQk_130.wav
3431.33,3442.398,11.068000000000211,0.8332234621047974,13,A:\A _ Working\Researching\B - AIoT Lab VN\VITOSA\another_test\Get_More\audio\5kfLCjQhB9E.wav,5kfLCjQhB9E_136.wav
2881.25,2886.11,4.860000000000127,0.8332157135009766,15,A:\A _ Working\Researching\B - AIoT Lab VN\VITOSA\another_test\Get_More\audio\eUFVxaNfhzA.wav,eUFVxaNfhzA_87.wav
1417.442,1430.622,13.180000000000064,0.8330801725387573,16,A:\A _ Working\Researching\B - AIoT Lab VN\VITOSA\another_test\Get_More\audio\eUFVxaNfhzA.wav,eUFVxaNfhzA_88.wav
3588.162,3597.95,9.788000000000011,0.8329547643661499,17,A:\A _ Working\Researching\B - AIoT Lab VN\VITOSA\another_test\Get_More\audio\ONBa0kwBjmQ.wav,ONBa0kwBjmQ_87.wav
416.29,425.214,8.923999999999978,0.832892656326294,16,A:\A _ Working\Researching\B - AIoT Lab VN\VITOSA\another_test\Get_More\audio\3bbPKJQL5Pc.wav,3bbPKJQL5Pc_17.wav
2823.33,2832.894,9.56399999999985,0.8328693509101868,13,A:\A _ Working\Researching\B - AIoT Lab VN\VITOSA\another_test\Get_More\audio\w_Fr7m0rntQ.wav,w_Fr7m0rntQ_80.wav
1729.954,1738.974,9.019999999999982,0.8328145742416382,16,A:\A _ Working\Researching\B - AIoT Lab VN\VITOSA\another_test\Get_More\audio\5kfLCjQhB9E.wav,5kfLCjQhB9E_137.wav
1485.506,1489.854,4.347999999999956,0.8327926993370056,3,A:\A _ Working\Researching\B - AIoT Lab VN\VITOSA\another_test\Get_More\audio\ZL8rrh9cEQk.wav,ZL8rrh9cEQk_131.wav
1012.93,1017.214,4.2840000000001055,0.8327081203460693,13,A:\A _ Working\Researching\B - AIoT Lab VN\VITOSA\another_test\Get_More\audio\w_Fr7m0rntQ.wav,w_Fr7m0rntQ_81.wav
2651.202,2663.55,12.347999999999956,0.8325110673904419,17,A:\A _ Working\Researching\B - AIoT Lab VN\VITOSA\another_test\Get_More\audio\5RbEHUr5ezA.wav,5RbEHUr5ezA_85.wav
677.218,680.606,3.3880000000000337,0.8324836492538452,9,A:\A _ Working\Researching\B - AIoT Lab VN\VITOSA\another_test\Get_More\audio\ZL8rrh9cEQk.wav,ZL8rrh9cEQk_132.wav
1931.074,1941.214,10.139999999999873,0.8324457406997681,13,A:\A _ Working\Researching\B - AIoT Lab VN\VITOSA\another_test\Get_More\audio\5RbEHUr5ezA.wav,5RbEHUr5ezA_86.wav
2784.642,2790.238,5.596000000000004,0.8323956727981567,13,A:\A _ Working\Researching\B - AIoT Lab VN\VITOSA\another_test\Get_More\audio\RlOmT9AueBw.wav,RlOmT9AueBw_87.wav
321.41,324.638,3.227999999999952,0.8323363065719604,10,A:\A _ Working\Researching\B - AIoT Lab VN\VITOSA\another_test\Get_More\audio\hrS5Tdh0VTU.wav,hrS5Tdh0VTU_109.wav
869.122,876.382,7.259999999999991,0.8322974443435669,17,A:\A _ Working\Researching\B - AIoT Lab VN\VITOSA\another_test\Get_More\audio\hRYWiO-zi5s.wav,hRYWiO-zi5s_17.wav
1022.242,1029.278,7.036000000000058,0.8322592973709106,16,A:\A _ Working\Researching\B - AIoT Lab VN\VITOSA\another_test\Get_More\audio\kr0ypY0jAJI.wav,kr0ypY0jAJI_56.wav
1937.09,1946.814,9.72400000000016,0.8322309255599976,13,A:\A _ Working\Researching\B - AIoT Lab VN\VITOSA\another_test\Get_More\audio\jRU0twOCBeQ.wav,jRU0twOCBeQ_94.wav
2984.13,2989.374,5.243999999999687,0.832075297832489,15,A:\A _ Working\Researching\B - AIoT Lab VN\VITOSA\another_test\Get_More\audio\RlOmT9AueBw.wav,RlOmT9AueBw_88.wav
633.154,635.71,2.55600000000004,0.8319991230964661,16,A:\A _ Working\Researching\B - AIoT Lab VN\VITOSA\another_test\Get_More\audio\S18XXLEo6uE.wav,S18XXLEo6uE_104.wav
162.882,167.742,4.859999999999985,0.831976056098938,13,A:\A _ Working\Researching\B - AIoT Lab VN\VITOSA\another_test\Get_More\audio\R6g946lCMPs.wav,R6g946lCMPs_148.wav
3393.058,3406.75,13.692000000000007,0.8319151401519775,15,A:\A _ Working\Researching\B - AIoT Lab VN\VITOSA\another_test\Get_More\audio\Xs286Xdd4Nc.wav,Xs286Xdd4Nc_87.wav
775.97,784.318,8.347999999999956,0.8318705558776855,16,A:\A _ Working\Researching\B - AIoT Lab VN\VITOSA\another_test\Get_More\audio\S18XXLEo6uE.wav,S18XXLEo6uE_105.wav
579.01,592.158,13.148000000000025,0.8318691253662109,13,A:\A _ Working\Researching\B - AIoT Lab VN\VITOSA\another_test\Get_More\audio\pjmlxEfwBCE.wav,pjmlxEfwBCE_5.wav
2095.97,2105.054,9.084000000000287,0.8317286968231201,10,A:\A _ Working\Researching\B - AIoT Lab VN\VITOSA\another_test\Get_More\audio\w_Fr7m0rntQ.wav,w_Fr7m0rntQ_82.wav
965.922,977.086,11.163999999999987,0.8317275643348694,17,A:\A _ Working\Researching\B - AIoT Lab VN\VITOSA\another_test\Get_More\audio\y-6gIUvZ6f4.wav,y-6gIUvZ6f4_86.wav
2875.746,2880.798,5.05199999999968,0.8316789865493774,13,A:\A _ Working\Researching\B - AIoT Lab VN\VITOSA\another_test\Get_More\audio\qXHma6XYctI.wav,qXHma6XYctI_154.wav
151.874,155.006,3.132000000000005,0.8316348791122437,17,A:\A _ Working\Researching\B - AIoT Lab VN\VITOSA\another_test\Get_More\audio\_agW7zGT4nM.wav,_agW7zGT4nM_105.wav
3830.946,3844.094,13.148000000000138,0.8315917253494263,13,A:\A _ Working\Researching\B - AIoT Lab VN\VITOSA\another_test\Get_More\audio\R6g946lCMPs.wav,R6g946lCMPs_149.wav
2975.138,2982.334,7.195999999999913,0.8314900398254395,13,A:\A _ Working\Researching\B - AIoT Lab VN\VITOSA\another_test\Get_More\audio\R6g946lCMPs.wav,R6g946lCMPs_150.wav
2068.834,2081.982,13.148000000000138,0.8314636945724487,13,A:\A _ Working\Researching\B - AIoT Lab VN\VITOSA\another_test\Get_More\audio\5kfLCjQhB9E.wav,5kfLCjQhB9E_138.wav
997.314,1007.646,10.331999999999994,0.8314527273178101,13,A:\A _ Working\Researching\B - AIoT Lab VN\VITOSA\another_test\Get_More\audio\fMfos_YBT0o.wav,fMfos_YBT0o_47.wav
3217.026,3221.054,4.028000000000247,0.831451416015625,13,A:\A _ Working\Researching\B - AIoT Lab VN\VITOSA\another_test\Get_More\audio\ONBa0kwBjmQ.wav,ONBa0kwBjmQ_88.wav
2108.898,2120.702,11.804000000000087,0.8313570618629456,13,A:\A _ Working\Researching\B - AIoT Lab VN\VITOSA\another_test\Get_More\audio\7kB_BvGGN6s.wav,7kB_BvGGN6s_118.wav
1802.498,1806.91,4.412000000000035,0.831261932849884,13,A:\A _ Working\Researching\B - AIoT Lab VN\VITOSA\another_test\Get_More\audio\R6g946lCMPs.wav,R6g946lCMPs_151.wav
2546.146,2557.406,11.259999999999764,0.8311879634857178,16,A:\A _ Working\Researching\B - AIoT Lab VN\VITOSA\another_test\Get_More\audio\9D00xkJM2ww.wav,9D00xkJM2ww_102.wav
1823.01,1830.366,7.3559999999999945,0.8311878442764282,13,A:\A _ Working\Researching\B - AIoT Lab VN\VITOSA\another_test\Get_More\audio\7kB_BvGGN6s.wav,7kB_BvGGN6s_119.wav
447.074,455.454,8.379999999999995,0.8311801552772522,16,A:\A _ Working\Researching\B - AIoT Lab VN\VITOSA\another_test\Get_More\audio\kr0ypY0jAJI.wav,kr0ypY0jAJI_57.wav
3201.826,3213.79,11.963999999999942,0.8311766386032104,13,A:\A _ Working\Researching\B - AIoT Lab VN\VITOSA\another_test\Get_More\audio\_agW7zGT4nM.wav,_agW7zGT4nM_106.wav
2427.266,2435.518,8.251999999999953,0.8310957551002502,13,A:\A _ Working\Researching\B - AIoT Lab VN\VITOSA\another_test\Get_More\audio\9D00xkJM2ww.wav,9D00xkJM2ww_103.wav
3001.762,3010.526,8.763999999999669,0.8310390114784241,15,A:\A _ Working\Researching\B - AIoT Lab VN\VITOSA\another_test\Get_More\audio\qXHma6XYctI.wav,qXHma6XYctI_155.wav
1333.25,1336.926,3.675999999999931,0.830940306186676,16,A:\A _ Working\Researching\B - AIoT Lab VN\VITOSA\another_test\Get_More\audio\R6g946lCMPs.wav,R6g946lCMPs_152.wav
3668.482,3676.51,8.028000000000247,0.8309361338615417,17,A:\A _ Working\Researching\B - AIoT Lab VN\VITOSA\another_test\Get_More\audio\5RbEHUr5ezA.wav,5RbEHUr5ezA_87.wav
1387.746,1393.502,5.755999999999858,0.8307765126228333,13,A:\A _ Working\Researching\B - AIoT Lab VN\VITOSA\another_test\Get_More\audio\kr0ypY0jAJI.wav,kr0ypY0jAJI_58.wav
164.866,173.342,8.475999999999999,0.8307490348815918,13,A:\A _ Working\Researching\B - AIoT Lab VN\VITOSA\another_test\Get_More\audio\hrS5Tdh0VTU.wav,hrS5Tdh0VTU_110.wav
4229.154,4241.502,12.347999999999956,0.8306714296340942,13,A:\A _ Working\Researching\B - AIoT Lab VN\VITOSA\another_test\Get_More\audio\R6g946lCMPs.wav,R6g946lCMPs_153.wav
274.37,284.958,10.588000000000022,0.8304567933082581,16,A:\A _ Working\Researching\B - AIoT Lab VN\VITOSA\another_test\Get_More\audio\pjmlxEfwBCE.wav,pjmlxEfwBCE_6.wav
986.754,991.422,4.668000000000006,0.8304430246353149,13,A:\A _ Working\Researching\B - AIoT Lab VN\VITOSA\another_test\Get_More\audio\RlOmT9AueBw.wav,RlOmT9AueBw_89.wav
3654.146,3664.702,10.55600000000004,0.8304129838943481,10,A:\A _ Working\Researching\B - AIoT Lab VN\VITOSA\another_test\Get_More\audio\ZL8rrh9cEQk.wav,ZL8rrh9cEQk_133.wav
215.394,223.262,7.867999999999995,0.830378532409668,13,A:\A _ Working\Researching\B - AIoT Lab VN\VITOSA\another_test\Get_More\audio\R6g946lCMPs.wav,R6g946lCMPs_154.wav
3157.986,3170.718,12.731999999999971,0.8303324580192566,13,A:\A _ Working\Researching\B - AIoT Lab VN\VITOSA\another_test\Get_More\audio\ef_lApT7r54.wav,ef_lApT7r54_87.wav
2435.234,2444.222,8.988000000000284,0.830330491065979,15,A:\A _ Working\Researching\B - AIoT Lab VN\VITOSA\another_test\Get_More\audio\ef_lApT7r54.wav,ef_lApT7r54_88.wav
302.818,316.35,13.532000000000039,0.8303231000900269,13,A:\A _ Working\Researching\B - AIoT Lab VN\VITOSA\another_test\Get_More\audio\fMfos_YBT0o.wav,fMfos_YBT0o_48.wav
3479.81,3486.654,6.844000000000051,0.8302462697029114,15,A:\A _ Working\Researching\B - AIoT Lab VN\VITOSA\another_test\Get_More\audio\jRU0twOCBeQ.wav,jRU0twOCBeQ_95.wav
1740.898,1752.414,11.516000000000076,0.830173134803772,17,A:\A _ Working\Researching\B - AIoT Lab VN\VITOSA\another_test\Get_More\audio\ef_lApT7r54.wav,ef_lApT7r54_89.wav
1099.714,1111.294,11.580000000000155,0.8301586508750916,13,A:\A _ Working\Researching\B - AIoT Lab VN\VITOSA\another_test\Get_More\audio\7kB_BvGGN6s.wav,7kB_BvGGN6s_120.wav
205.154,215.678,10.524000000000001,0.8301518559455872,17,A:\A _ Working\Researching\B - AIoT Lab VN\VITOSA\another_test\Get_More\audio\F0FDCeoa41k.wav,F0FDCeoa41k_84.wav
433.922,442.814,8.891999999999996,0.8300070762634277,16,A:\A _ Working\Researching\B - AIoT Lab VN\VITOSA\another_test\Get_More\audio\R6g946lCMPs.wav,R6g946lCMPs_155.wav
3450.786,3458.75,7.963999999999942,0.8299521207809448,10,A:\A _ Working\Researching\B - AIoT Lab VN\VITOSA\another_test\Get_More\audio\Xs286Xdd4Nc.wav,Xs286Xdd4Nc_88.wav
1777.346,1782.494,5.147999999999911,0.8299518823623657,15,A:\A _ Working\Researching\B - AIoT Lab VN\VITOSA\another_test\Get_More\audio\ONBa0kwBjmQ.wav,ONBa0kwBjmQ_89.wav
333.346,337.694,4.348000000000013,0.8299233317375183,9,A:\A _ Working\Researching\B - AIoT Lab VN\VITOSA\another_test\Get_More\audio\5kfLCjQhB9E.wav,5kfLCjQhB9E_139.wav
779.138,784.83,5.692000000000007,0.8299180865287781,7,A:\A _ Working\Researching\B - AIoT Lab VN\VITOSA\another_test\Get_More\audio\5RbEHUr5ezA.wav,5RbEHUr5ezA_88.wav
455.298,459.678,4.3799999999999955,0.8298760652542114,8,A:\A _ Working\Researching\B - AIoT Lab VN\VITOSA\another_test\Get_More\audio\pjmlxEfwBCE.wav,pjmlxEfwBCE_7.wav
1183.554,1190.814,7.259999999999991,0.8298676013946533,9,A:\A _ Working\Researching\B - AIoT Lab VN\VITOSA\another_test\Get_More\audio\7kB_BvGGN6s.wav,7kB_BvGGN6s_121.wav
3596.578,3602.174,5.596000000000004,0.8297179937362671,11,A:\A _ Working\Researching\B - AIoT Lab VN\VITOSA\another_test\Get_More\audio\w_Fr7m0rntQ.wav,w_Fr7m0rntQ_83.wav
2002.306,2007.582,5.276000000000067,0.829701840877533,15,A:\A _ Working\Researching\B - AIoT Lab VN\VITOSA\another_test\Get_More\audio\F0FDCeoa41k.wav,F0FDCeoa41k_85.wav
4284.13,4295.55,11.420000000000073,0.8295721411705017,17,A:\A _ Working\Researching\B - AIoT Lab VN\VITOSA\another_test\Get_More\audio\R6g946lCMPs.wav,R6g946lCMPs_156.wav
1842.146,1848.51,6.364000000000033,0.8295670747756958,15,A:\A _ Working\Researching\B - AIoT Lab VN\VITOSA\another_test\Get_More\audio\qXHma6XYctI.wav,qXHma6XYctI_156.wav
1712.066,1720.926,8.8599999999999,0.8294932842254639,16,A:\A _ Working\Researching\B - AIoT Lab VN\VITOSA\another_test\Get_More\audio\RlOmT9AueBw.wav,RlOmT9AueBw_90.wav
1660.546,1669.15,8.604000000000042,0.8293735980987549,13,A:\A _ Working\Researching\B - AIoT Lab VN\VITOSA\another_test\Get_More\audio\7kB_BvGGN6s.wav,7kB_BvGGN6s_122.wav
3473.058,3483.646,10.588000000000193,0.8293104767799377,16,A:\A _ Working\Researching\B - AIoT Lab VN\VITOSA\another_test\Get_More\audio\R6g946lCMPs.wav,R6g946lCMPs_157.wav
2640.994,2648.286,7.291999999999916,0.8293012976646423,13,A:\A _ Working\Researching\B - AIoT Lab VN\VITOSA\another_test\Get_More\audio\7kB_BvGGN6s.wav,7kB_BvGGN6s_123.wav
2963.906,2977.854,13.947999999999865,0.8291811347007751,13,A:\A _ Working\Researching\B - AIoT Lab VN\VITOSA\another_test\Get_More\audio\ef_lApT7r54.wav,ef_lApT7r54_90.wav
115.618,118.782,3.1640000000000015,0.8291646242141724,8,A:\A _ Working\Researching\B - AIoT Lab VN\VITOSA\another_test\Get_More\audio\ef_lApT7r54.wav,ef_lApT7r54_91.wav
1456.61,1458.398,1.788000000000011,0.8291187882423401,7,A:\A _ Working\Researching\B - AIoT Lab VN\VITOSA\another_test\Get_More\audio\F0FDCeoa41k.wav,F0FDCeoa41k_86.wav
462.178,468.158,5.980000000000018,0.8290919065475464,13,A:\A _ Working\Researching\B - AIoT Lab VN\VITOSA\another_test\Get_More\audio\kr0ypY0jAJI.wav,kr0ypY0jAJI_59.wav
1506.306,1516.766,10.460000000000036,0.8290494680404663,13,A:\A _ Working\Researching\B - AIoT Lab VN\VITOSA\another_test\Get_More\audio\R6g946lCMPs.wav,R6g946lCMPs_158.wav
1070.658,1083.55,12.892000000000053,0.8290346264839172,15,A:\A _ Working\Researching\B - AIoT Lab VN\VITOSA\another_test\Get_More\audio\Xs286Xdd4Nc.wav,Xs286Xdd4Nc_89.wav
3505.442,3519.038,13.596000000000004,0.8290234804153442,15,A:\A _ Working\Researching\B - AIoT Lab VN\VITOSA\another_test\Get_More\audio\RlOmT9AueBw.wav,RlOmT9AueBw_91.wav
2071.01,2078.91,7.899999999999636,0.8289368152618408,15,A:\A _ Working\Researching\B - AIoT Lab VN\VITOSA\another_test\Get_More\audio\jRU0twOCBeQ.wav,jRU0twOCBeQ_96.wav
3342.274,3351.198,8.923999999999978,0.8286789059638977,13,A:\A _ Working\Researching\B - AIoT Lab VN\VITOSA\another_test\Get_More\audio\ef_lApT7r54.wav,ef_lApT7r54_92.wav
3850.498,3856.67,6.1720000000000255,0.8285868167877197,10,A:\A _ Working\Researching\B - AIoT Lab VN\VITOSA\another_test\Get_More\audio\qXHma6XYctI.wav,qXHma6XYctI_157.wav
3477.41,3481.886,4.476000000000113,0.8285372257232666,11,A:\A _ Working\Researching\B - AIoT Lab VN\VITOSA\another_test\Get_More\audio\ONBa0kwBjmQ.wav,ONBa0kwBjmQ_90.wav
1391.298,1400.702,9.403999999999996,0.8284077644348145,3,A:\A _ Working\Researching\B - AIoT Lab VN\VITOSA\another_test\Get_More\audio\_agW7zGT4nM.wav,_agW7zGT4nM_107.wav
2557.602,2565.886,8.284000000000106,0.8283408880233765,13,A:\A _ Working\Researching\B - AIoT Lab VN\VITOSA\another_test\Get_More\audio\y-6gIUvZ6f4.wav,y-6gIUvZ6f4_87.wav
331.458,337.758,6.2999999999999545,0.8281847834587097,13,A:\A _ Working\Researching\B - AIoT Lab VN\VITOSA\another_test\Get_More\audio\_agW7zGT4nM.wav,_agW7zGT4nM_108.wav
2096.77,2102.622,5.851999999999862,0.8281635046005249,15,A:\A _ Working\Researching\B - AIoT Lab VN\VITOSA\another_test\Get_More\audio\RlOmT9AueBw.wav,RlOmT9AueBw_92.wav
905.794,910.302,4.508000000000038,0.8280313014984131,3,A:\A _ Working\Researching\B - AIoT Lab VN\VITOSA\another_test\Get_More\audio\hRYWiO-zi5s.wav,hRYWiO-zi5s_18.wav
2664.578,2669.63,5.052000000000135,0.8279869556427002,13,A:\A _ Working\Researching\B - AIoT Lab VN\VITOSA\another_test\Get_More\audio\y-6gIUvZ6f4.wav,y-6gIUvZ6f4_88.wav
3335.138,3344.702,9.564000000000306,0.8279632329940796,15,A:\A _ Working\Researching\B - AIoT Lab VN\VITOSA\another_test\Get_More\audio\5PJoMB03vwI.wav,5PJoMB03vwI_79.wav
3499.234,3501.246,2.012000000000171,0.82793128490448,9,A:\A _ Working\Researching\B - AIoT Lab VN\VITOSA\another_test\Get_More\audio\hrS5Tdh0VTU.wav,hrS5Tdh0VTU_111.wav
803.266,807.998,4.732000000000085,0.8278566598892212,9,A:\A _ Working\Researching\B - AIoT Lab VN\VITOSA\another_test\Get_More\audio\7kB_BvGGN6s.wav,7kB_BvGGN6s_124.wav
1256.994,1261.118,4.124000000000024,0.8276978135108948,13,A:\A _ Working\Researching\B - AIoT Lab VN\VITOSA\another_test\Get_More\audio\5PJoMB03vwI.wav,5PJoMB03vwI_80.wav
2098.786,2110.11,11.32400000000007,0.8276745676994324,15,A:\A _ Working\Researching\B - AIoT Lab VN\VITOSA\another_test\Get_More\audio\5PJoMB03vwI.wav,5PJoMB03vwI_81.wav
3090.05,3096.478,6.427999999999884,0.8275893926620483,15,A:\A _ Working\Researching\B - AIoT Lab VN\VITOSA\another_test\Get_More\audio\S18XXLEo6uE.wav,S18XXLEo6uE_106.wav
2278.85,2290.11,11.260000000000218,0.8275576233863831,16,A:\A _ Working\Researching\B - AIoT Lab VN\VITOSA\another_test\Get_More\audio\7kB_BvGGN6s.wav,7kB_BvGGN6s_125.wav
3455.266,3462.206,6.940000000000055,0.8273894786834717,16,A:\A _ Working\Researching\B - AIoT Lab VN\VITOSA\another_test\Get_More\audio\w_Fr7m0rntQ.wav,w_Fr7m0rntQ_84.wav
2067.33,2080.318,12.988000000000284,0.8273798823356628,16,A:\A _ Working\Researching\B - AIoT Lab VN\VITOSA\another_test\Get_More\audio\_agW7zGT4nM.wav,_agW7zGT4nM_109.wav
4606.21,4611.038,4.82799999999952,0.8273478746414185,12,A:\A _ Working\Researching\B - AIoT Lab VN\VITOSA\another_test\Get_More\audio\qXHma6XYctI.wav,qXHma6XYctI_158.wav
1597.378,1603.006,5.628000000000156,0.8271862268447876,13,A:\A _ Working\Researching\B - AIoT Lab VN\VITOSA\another_test\Get_More\audio\5kfLCjQhB9E.wav,5kfLCjQhB9E_140.wav
2072.802,2084.862,12.059999999999945,0.8271670341491699,17,A:\A _ Working\Researching\B - AIoT Lab VN\VITOSA\another_test\Get_More\audio\5PJoMB03vwI.wav,5PJoMB03vwI_82.wav
2471.97,2479.55,7.580000000000382,0.8271142840385437,15,A:\A _ Working\Researching\B - AIoT Lab VN\VITOSA\another_test\Get_More\audio\y-6gIUvZ6f4.wav,y-6gIUvZ6f4_89.wav
229.058,238.622,9.564000000000021,0.8270549774169922,10,A:\A _ Working\Researching\B - AIoT Lab VN\VITOSA\another_test\Get_More\audio\ZL8rrh9cEQk.wav,ZL8rrh9cEQk_134.wav
3017.986,3023.774,5.788000000000011,0.8269490003585815,15,A:\A _ Working\Researching\B - AIoT Lab VN\VITOSA\another_test\Get_More\audio\w_Fr7m0rntQ.wav,w_Fr7m0rntQ_85.wav
878.53,885.31,6.779999999999973,0.8269073963165283,17,A:\A _ Working\Researching\B - AIoT Lab VN\VITOSA\another_test\Get_More\audio\eUFVxaNfhzA.wav,eUFVxaNfhzA_89.wav
471.33,476.926,5.596000000000004,0.8268832564353943,13,A:\A _ Working\Researching\B - AIoT Lab VN\VITOSA\another_test\Get_More\audio\ZL8rrh9cEQk.wav,ZL8rrh9cEQk_135.wav
1028.802,1031.838,3.036000000000058,0.8266746997833252,13,A:\A _ Working\Researching\B - AIoT Lab VN\VITOSA\another_test\Get_More\audio\_agW7zGT4nM.wav,_agW7zGT4nM_110.wav
370.658,375.582,4.923999999999978,0.8266559839248657,13,A:\A _ Working\Researching\B - AIoT Lab VN\VITOSA\another_test\Get_More\audio\qXHma6XYctI.wav,qXHma6XYctI_159.wav
1135.266,1139.39,4.124000000000024,0.8266398906707764,9,A:\A _ Working\Researching\B - AIoT Lab VN\VITOSA\another_test\Get_More\audio\y-6gIUvZ6f4.wav,y-6gIUvZ6f4_90.wav
1969.538,1977.95,8.412000000000035,0.826390266418457,15,A:\A _ Working\Researching\B - AIoT Lab VN\VITOSA\another_test\Get_More\audio\Xs286Xdd4Nc.wav,Xs286Xdd4Nc_90.wav
1719.554,1727.614,8.059999999999945,0.82636559009552,15,A:\A _ Working\Researching\B - AIoT Lab VN\VITOSA\another_test\Get_More\audio\y-6gIUvZ6f4.wav,y-6gIUvZ6f4_91.wav
1186.242,1192.126,5.8840000000000146,0.8263068199157715,13,A:\A _ Working\Researching\B - AIoT Lab VN\VITOSA\another_test\Get_More\audio\5kfLCjQhB9E.wav,5kfLCjQhB9E_141.wav
2383.938,2397.054,13.115999999999985,0.8263065814971924,13,A:\A _ Working\Researching\B - AIoT Lab VN\VITOSA\another_test\Get_More\audio\7kB_BvGGN6s.wav,7kB_BvGGN6s_126.wav
2909.154,2914.75,5.596000000000004,0.826225757598877,3,A:\A _ Working\Researching\B - AIoT Lab VN\VITOSA\another_test\Get_More\audio\qXHma6XYctI.wav,qXHma6XYctI_160.wav
3253.218,3258.846,5.628000000000156,0.826046884059906,16,A:\A _ Working\Researching\B - AIoT Lab VN\VITOSA\another_test\Get_More\audio\ZL8rrh9cEQk.wav,ZL8rrh9cEQk_136.wav
1599.138,1612.926,13.788000000000011,0.8260164260864258,16,A:\A _ Working\Researching\B - AIoT Lab VN\VITOSA\another_test\Get_More\audio\5RbEHUr5ezA.wav,5RbEHUr5ezA_89.wav
436.738,445.95,9.211999999999989,0.8259916305541992,13,A:\A _ Working\Researching\B - AIoT Lab VN\VITOSA\another_test\Get_More\audio\3bbPKJQL5Pc.wav,3bbPKJQL5Pc_18.wav
218.114,223.294,5.180000000000007,0.8259597420692444,3,A:\A _ Working\Researching\B - AIoT Lab VN\VITOSA\another_test\Get_More\audio\5PJoMB03vwI.wav,5PJoMB03vwI_83.wav
9.826,15.166,5.34,0.825914740562439,17,A:\A _ Working\Researching\B - AIoT Lab VN\VITOSA\another_test\Get_More\audio\F0FDCeoa41k.wav,F0FDCeoa41k_87.wav
3326.338,3336.382,10.043999999999869,0.8258950710296631,13,A:\A _ Working\Researching\B - AIoT Lab VN\VITOSA\another_test\Get_More\audio\S18XXLEo6uE.wav,S18XXLEo6uE_107.wav
1163.874,1171.358,7.483999999999924,0.825825035572052,17,A:\A _ Working\Researching\B - AIoT Lab VN\VITOSA\another_test\Get_More\audio\5PJoMB03vwI.wav,5PJoMB03vwI_84.wav
2642.658,2647.39,4.731999999999971,0.8257392048835754,15,A:\A _ Working\Researching\B - AIoT Lab VN\VITOSA\another_test\Get_More\audio\ZL8rrh9cEQk.wav,ZL8rrh9cEQk_137.wav
830.082,833.79,3.70799999999997,0.825577974319458,3,A:\A _ Working\Researching\B - AIoT Lab VN\VITOSA\another_test\Get_More\audio\9D00xkJM2ww.wav,9D00xkJM2ww_104.wav
2520.162,2529.406,9.244000000000142,0.8254997730255127,16,A:\A _ Working\Researching\B - AIoT Lab VN\VITOSA\another_test\Get_More\audio\kr0ypY0jAJI.wav,kr0ypY0jAJI_60.wav
1413.058,1421.63,8.572000000000116,0.8253185153007507,3,A:\A _ Working\Researching\B - AIoT Lab VN\VITOSA\another_test\Get_More\audio\_agW7zGT4nM.wav,_agW7zGT4nM_111.wav
1056.706,1062.654,5.948000000000093,0.825290858745575,13,A:\A _ Working\Researching\B - AIoT Lab VN\VITOSA\another_test\Get_More\audio\eUFVxaNfhzA.wav,eUFVxaNfhzA_90.wav
2220.706,2227.39,6.683999999999742,0.8252555131912231,15,A:\A _ Working\Researching\B - AIoT Lab VN\VITOSA\another_test\Get_More\audio\ZL8rrh9cEQk.wav,ZL8rrh9cEQk_138.wav
3522.818,3528.414,5.596000000000004,0.8251561522483826,15,A:\A _ Working\Researching\B - AIoT Lab VN\VITOSA\another_test\Get_More\audio\jRU0twOCBeQ.wav,jRU0twOCBeQ_97.wav
4525.058,4538.91,13.851999999999862,0.8251421451568604,10,A:\A _ Working\Researching\B - AIoT Lab VN\VITOSA\another_test\Get_More\audio\qXHma6XYctI.wav,qXHma6XYctI_161.wav
1802.114,1810.142,8.02800000000002,0.8250765800476074,13,A:\A _ Working\Researching\B - AIoT Lab VN\VITOSA\another_test\Get_More\audio\hrS5Tdh0VTU.wav,hrS5Tdh0VTU_112.wav
2325.73,2339.006,13.27599999999984,0.825046181678772,15,A:\A _ Working\Researching\B - AIoT Lab VN\VITOSA\another_test\Get_More\audio\7kB_BvGGN6s.wav,7kB_BvGGN6s_127.wav
3116.93,3124.67,7.7400000000002365,0.8250324726104736,11,A:\A _ Working\Researching\B - AIoT Lab VN\VITOSA\another_test\Get_More\audio\eUFVxaNfhzA.wav,eUFVxaNfhzA_91.wav
2569.026,2581.534,12.508000000000266,0.8247345089912415,15,A:\A _ Working\Researching\B - AIoT Lab VN\VITOSA\another_test\Get_More\audio\ONBa0kwBjmQ.wav,ONBa0kwBjmQ_91.wav
3080.418,3094.014,13.596000000000004,0.8247131705284119,13,A:\A _ Working\Researching\B - AIoT Lab VN\VITOSA\another_test\Get_More\audio\y-6gIUvZ6f4.wav,y-6gIUvZ6f4_92.wav
1548.13,1552.318,4.1879999999998745,0.8245908617973328,16,A:\A _ Working\Researching\B - AIoT Lab VN\VITOSA\another_test\Get_More\audio\5RbEHUr5ezA.wav,5RbEHUr5ezA_90.wav
2846.562,2860.158,13.596000000000004,0.8245257139205933,13,A:\A _ Working\Researching\B - AIoT Lab VN\VITOSA\another_test\Get_More\audio\w_Fr7m0rntQ.wav,w_Fr7m0rntQ_86.wav
1191.394,1196.318,4.923999999999978,0.8244929909706116,15,A:\A _ Working\Researching\B - AIoT Lab VN\VITOSA\another_test\Get_More\audio\5PJoMB03vwI.wav,5PJoMB03vwI_85.wav
3120.61,3125.726,5.1159999999999854,0.8244398832321167,13,A:\A _ Working\Researching\B - AIoT Lab VN\VITOSA\another_test\Get_More\audio\5kfLCjQhB9E.wav,5kfLCjQhB9E_142.wav
679.17,682.206,3.036000000000058,0.8244382739067078,0,A:\A _ Working\Researching\B - AIoT Lab VN\VITOSA\another_test\Get_More\audio\S18XXLEo6uE.wav,S18XXLEo6uE_108.wav
3449.73,3455.07,5.3400000000001455,0.8244031071662903,13,A:\A _ Working\Researching\B - AIoT Lab VN\VITOSA\another_test\Get_More\audio\ONBa0kwBjmQ.wav,ONBa0kwBjmQ_92.wav
1765.378,1771.582,6.204000000000178,0.8243813514709473,13,A:\A _ Working\Researching\B - AIoT Lab VN\VITOSA\another_test\Get_More\audio\F0FDCeoa41k.wav,F0FDCeoa41k_88.wav
1223.746,1230.942,7.195999999999913,0.8243544697761536,13,A:\A _ Working\Researching\B - AIoT Lab VN\VITOSA\another_test\Get_More\audio\5kfLCjQhB9E.wav,5kfLCjQhB9E_143.wav
265.954,271.614,5.659999999999968,0.8243241310119629,10,A:\A _ Working\Researching\B - AIoT Lab VN\VITOSA\another_test\Get_More\audio\3bbPKJQL5Pc.wav,3bbPKJQL5Pc_19.wav
1472.354,1477.118,4.763999999999896,0.8243110179901123,13,A:\A _ Working\Researching\B - AIoT Lab VN\VITOSA\another_test\Get_More\audio\qXHma6XYctI.wav,qXHma6XYctI_162.wav
86.85,91.198,4.347999999999999,0.8242558240890503,13,A:\A _ Working\Researching\B - AIoT Lab VN\VITOSA\another_test\Get_More\audio\qXHma6XYctI.wav,qXHma6XYctI_163.wav
2648.994,2655.006,6.011999999999716,0.8242517709732056,15,A:\A _ Working\Researching\B - AIoT Lab VN\VITOSA\another_test\Get_More\audio\S18XXLEo6uE.wav,S18XXLEo6uE_109.wav
2763.874,2777.47,13.596000000000004,0.824181079864502,13,A:\A _ Working\Researching\B - AIoT Lab VN\VITOSA\another_test\Get_More\audio\y-6gIUvZ6f4.wav,y-6gIUvZ6f4_93.wav
2231.234,2240.158,8.923999999999978,0.8241118788719177,13,A:\A _ Working\Researching\B - AIoT Lab VN\VITOSA\another_test\Get_More\audio\kr0ypY0jAJI.wav,kr0ypY0jAJI_61.wav
2878.338,2882.654,4.3159999999998035,0.824048638343811,9,A:\A _ Working\Researching\B - AIoT Lab VN\VITOSA\another_test\Get_More\audio\5PJoMB03vwI.wav,5PJoMB03vwI_86.wav
1092.066,1101.214,9.14799999999991,0.8239800930023193,16,A:\A _ Working\Researching\B - AIoT Lab VN\VITOSA\another_test\Get_More\audio\5kfLCjQhB9E.wav,5kfLCjQhB9E_144.wav
3346.274,3349.79,3.5160000000000764,0.8237344026565552,13,A:\A _ Working\Researching\B - AIoT Lab VN\VITOSA\another_test\Get_More\audio\y-6gIUvZ6f4.wav,y-6gIUvZ6f4_94.wav
198.434,206.974,8.539999999999992,0.8237172365188599,13,A:\A _ Working\Researching\B - AIoT Lab VN\VITOSA\another_test\Get_More\audio\qXHma6XYctI.wav,qXHma6XYctI_164.wav
1057.634,1066.91,9.276000000000067,0.8236920237541199,15,A:\A _ Working\Researching\B - AIoT Lab VN\VITOSA\another_test\Get_More\audio\jRU0twOCBeQ.wav,jRU0twOCBeQ_98.wav
903.746,913.15,9.403999999999996,0.8236916661262512,13,A:\A _ Working\Researching\B - AIoT Lab VN\VITOSA\another_test\Get_More\audio\R6g946lCMPs.wav,R6g946lCMPs_159.wav
2633.186,2642.622,9.435999999999694,0.8235951066017151,15,A:\A _ Working\Researching\B - AIoT Lab VN\VITOSA\another_test\Get_More\audio\_agW7zGT4nM.wav,_agW7zGT4nM_112.wav
3126.594,3130.494,3.900000000000091,0.8235816359519958,10,A:\A _ Working\Researching\B - AIoT Lab VN\VITOSA\another_test\Get_More\audio\w_Fr7m0rntQ.wav,w_Fr7m0rntQ_87.wav
2127.49,2133.118,5.628000000000156,0.8235151767730713,13,A:\A _ Working\Researching\B - AIoT Lab VN\VITOSA\another_test\Get_More\audio\R6g946lCMPs.wav,R6g946lCMPs_160.wav
52.674,60.606,7.932000000000002,0.823506236076355,13,A:\A _ Working\Researching\B - AIoT Lab VN\VITOSA\another_test\Get_More\audio\9D00xkJM2ww.wav,9D00xkJM2ww_105.wav
1864.194,1873.982,9.788000000000011,0.8234699964523315,15,A:\A _ Working\Researching\B - AIoT Lab VN\VITOSA\another_test\Get_More\audio\qXHma6XYctI.wav,qXHma6XYctI_165.wav
627.33,631.774,4.44399999999996,0.8234460353851318,13,A:\A _ Working\Researching\B - AIoT Lab VN\VITOSA\another_test\Get_More\audio\7kB_BvGGN6s.wav,7kB_BvGGN6s_128.wav
3583.842,3593.31,9.467999999999847,0.8231728076934814,13,A:\A _ Working\Researching\B - AIoT Lab VN\VITOSA\another_test\Get_More\audio\R6g946lCMPs.wav,R6g946lCMPs_161.wav
2978.786,2989.278,10.491999999999734,0.8231459856033325,10,A:\A _ Working\Researching\B - AIoT Lab VN\VITOSA\another_test\Get_More\audio\Xs286Xdd4Nc.wav,Xs286Xdd4Nc_91.wav
1010.498,1015.262,4.763999999999896,0.8228667974472046,17,A:\A _ Working\Researching\B - AIoT Lab VN\VITOSA\another_test\Get_More\audio\ONBa0kwBjmQ.wav,ONBa0kwBjmQ_93.wav
693.378,696.446,3.0679999999999836,0.8228488564491272,13,A:\A _ Working\Researching\B - AIoT Lab VN\VITOSA\another_test\Get_More\audio\fMfos_YBT0o.wav,fMfos_YBT0o_49.wav
3265.954,3271.998,6.043999999999869,0.8227699995040894,13,A:\A _ Working\Researching\B - AIoT Lab VN\VITOSA\another_test\Get_More\audio\eUFVxaNfhzA.wav,eUFVxaNfhzA_92.wav
2943.17,2949.47,6.299999999999727,0.8227413892745972,9,A:\A _ Working\Researching\B - AIoT Lab VN\VITOSA\another_test\Get_More\audio\jRU0twOCBeQ.wav,jRU0twOCBeQ_99.wav
3034.69,3041.63,6.940000000000055,0.8227379322052002,13,A:\A _ Working\Researching\B - AIoT Lab VN\VITOSA\another_test\Get_More\audio\y-6gIUvZ6f4.wav,y-6gIUvZ6f4_95.wav
2826.402,2831.998,5.596000000000004,0.822708010673523,15,A:\A _ Working\Researching\B - AIoT Lab VN\VITOSA\another_test\Get_More\audio\ef_lApT7r54.wav,ef_lApT7r54_93.wav
3485.954,3492.766,6.811999999999898,0.8226610422134399,15,A:\A _ Working\Researching\B - AIoT Lab VN\VITOSA\another_test\Get_More\audio\5kfLCjQhB9E.wav,5kfLCjQhB9E_145.wav
476.226,480.51,4.283999999999992,0.8226499557495117,13,A:\A _ Working\Researching\B - AIoT Lab VN\VITOSA\another_test\Get_More\audio\R6g946lCMPs.wav,R6g946lCMPs_162.wav
2281.058,2288.542,7.483999999999924,0.8225942850112915,13,A:\A _ Working\Researching\B - AIoT Lab VN\VITOSA\another_test\Get_More\audio\kr0ypY0jAJI.wav,kr0ypY0jAJI_62.wav
1122.018,1130.974,8.955999999999904,0.822493314743042,15,A:\A _ Working\Researching\B - AIoT Lab VN\VITOSA\another_test\Get_More\audio\jRU0twOCBeQ.wav,jRU0twOCBeQ_100.wav
985.154,988.67,3.5159999999999627,0.8223822712898254,17,A:\A _ Working\Researching\B - AIoT Lab VN\VITOSA\another_test\Get_More\audio\y-6gIUvZ6f4.wav,y-6gIUvZ6f4_96.wav
1528.002,1538.014,10.011999999999944,0.8223770260810852,13,A:\A _ Working\Researching\B - AIoT Lab VN\VITOSA\another_test\Get_More\audio\7kB_BvGGN6s.wav,7kB_BvGGN6s_129.wav
2928.674,2934.334,5.6599999999998545,0.8223716020584106,9,A:\A _ Working\Researching\B - AIoT Lab VN\VITOSA\another_test\Get_More\audio\ZL8rrh9cEQk.wav,ZL8rrh9cEQk_139.wav
1184.546,1194.174,9.627999999999929,0.8220990896224976,10,A:\A _ Working\Researching\B - AIoT Lab VN\VITOSA\another_test\Get_More\audio\w_Fr7m0rntQ.wav,w_Fr7m0rntQ_88.wav
3071.682,3081.438,9.756000000000313,0.8220870494842529,15,A:\A _ Working\Researching\B - AIoT Lab VN\VITOSA\another_test\Get_More\audio\S18XXLEo6uE.wav,S18XXLEo6uE_110.wav
394.754,404.126,9.371999999999957,0.8220636248588562,13,A:\A _ Working\Researching\B - AIoT Lab VN\VITOSA\another_test\Get_More\audio\fMfos_YBT0o.wav,fMfos_YBT0o_50.wav
1026.754,1040.35,13.596000000000004,0.8220149874687195,15,A:\A _ Working\Researching\B - AIoT Lab VN\VITOSA\another_test\Get_More\audio\F0FDCeoa41k.wav,F0FDCeoa41k_89.wav
3409.346,3415.038,5.692000000000007,0.821990966796875,13,A:\A _ Working\Researching\B - AIoT Lab VN\VITOSA\another_test\Get_More\audio\7kB_BvGGN6s.wav,7kB_BvGGN6s_130.wav
288.61,292.638,4.027999999999963,0.8218998312950134,13,A:\A _ Working\Researching\B - AIoT Lab VN\VITOSA\another_test\Get_More\audio\_agW7zGT4nM.wav,_agW7zGT4nM_113.wav
2502.466,2515.326,12.860000000000127,0.8218404054641724,13,A:\A _ Working\Researching\B - AIoT Lab VN\VITOSA\another_test\Get_More\audio\hrS5Tdh0VTU.wav,hrS5Tdh0VTU_113.wav
3648.098,3653.95,5.851999999999862,0.8217681646347046,3,A:\A _ Working\Researching\B - AIoT Lab VN\VITOSA\another_test\Get_More\audio\RlOmT9AueBw.wav,RlOmT9AueBw_93.wav
3321.314,3332.574,11.260000000000218,0.8216467499732971,13,A:\A _ Working\Researching\B - AIoT Lab VN\VITOSA\another_test\Get_More\audio\y-6gIUvZ6f4.wav,y-6gIUvZ6f4_97.wav
2230.85,2240.286,9.43600000000015,0.821246862411499,16,A:\A _ Working\Researching\B - AIoT Lab VN\VITOSA\another_test\Get_More\audio\_agW7zGT4nM.wav,_agW7zGT4nM_114.wav
967.778,978.75,10.97199999999998,0.8212381601333618,13,A:\A _ Working\Researching\B - AIoT Lab VN\VITOSA\another_test\Get_More\audio\hrS5Tdh0VTU.wav,hrS5Tdh0VTU_114.wav
3116.962,3130.622,13.659999999999854,0.8211950063705444,13,A:\A _ Working\Researching\B - AIoT Lab VN\VITOSA\another_test\Get_More\audio\y-6gIUvZ6f4.wav,y-6gIUvZ6f4_98.wav
3833.314,3838.334,5.019999999999982,0.8211699724197388,10,A:\A _ Working\Researching\B - AIoT Lab VN\VITOSA\another_test\Get_More\audio\ZL8rrh9cEQk.wav,ZL8rrh9cEQk_140.wav
3007.074,3011.966,4.891999999999825,0.8210936784744263,15,A:\A _ Working\Researching\B - AIoT Lab VN\VITOSA\another_test\Get_More\audio\jRU0twOCBeQ.wav,jRU0twOCBeQ_101.wav
1867.298,1870.942,3.6440000000000055,0.8209855556488037,16,A:\A _ Working\Researching\B - AIoT Lab VN\VITOSA\another_test\Get_More\audio\ZL8rrh9cEQk.wav,ZL8rrh9cEQk_141.wav
364.514,368.126,3.6119999999999663,0.8208995461463928,13,A:\A _ Working\Researching\B - AIoT Lab VN\VITOSA\another_test\Get_More\audio\5kfLCjQhB9E.wav,5kfLCjQhB9E_146.wav
1120.738,1129.79,9.051999999999907,0.8208782076835632,15,A:\A _ Working\Researching\B - AIoT Lab VN\VITOSA\another_test\Get_More\audio\S18XXLEo6uE.wav,S18XXLEo6uE_111.wav
4022.594,4032.414,9.820000000000164,0.8208627104759216,10,A:\A _ Working\Researching\B - AIoT Lab VN\VITOSA\another_test\Get_More\audio\qXHma6XYctI.wav,qXHma6XYctI_166.wav
3474.402,3478.334,3.931999999999789,0.8208291530609131,13,A:\A _ Working\Researching\B - AIoT Lab VN\VITOSA\another_test\Get_More\audio\7kB_BvGGN6s.wav,7kB_BvGGN6s_131.wav
2153.218,2163.998,10.7800000000002,0.8207502961158752,13,A:\A _ Working\Researching\B - AIoT Lab VN\VITOSA\another_test\Get_More\audio\5kfLCjQhB9E.wav,5kfLCjQhB9E_147.wav
2956.642,2968.318,11.676000000000386,0.8207189440727234,15,A:\A _ Working\Researching\B - AIoT Lab VN\VITOSA\another_test\Get_More\audio\Xs286Xdd4Nc.wav,Xs286Xdd4Nc_92.wav
3145.346,3151.102,5.755999999999858,0.8205618262290955,13,A:\A _ Working\Researching\B - AIoT Lab VN\VITOSA\another_test\Get_More\audio\_agW7zGT4nM.wav,_agW7zGT4nM_115.wav
2891.874,2905.086,13.211999999999989,0.8205395936965942,11,A:\A _ Working\Researching\B - AIoT Lab VN\VITOSA\another_test\Get_More\audio\eUFVxaNfhzA.wav,eUFVxaNfhzA_93.wav
1355.202,1360.382,5.180000000000064,0.8205248117446899,3,A:\A _ Working\Researching\B - AIoT Lab VN\VITOSA\another_test\Get_More\audio\_agW7zGT4nM.wav,_agW7zGT4nM_116.wav
4753.442,4756.254,2.811999999999898,0.820370078086853,13,A:\A _ Working\Researching\B - AIoT Lab VN\VITOSA\another_test\Get_More\audio\qXHma6XYctI.wav,qXHma6XYctI_167.wav
2972.418,2983.262,10.844000000000051,0.8201110363006592,15,A:\A _ Working\Researching\B - AIoT Lab VN\VITOSA\another_test\Get_More\audio\F0FDCeoa41k.wav,F0FDCeoa41k_90.wav
3325.762,3331.838,6.076000000000022,0.8200827836990356,3,A:\A _ Working\Researching\B - AIoT Lab VN\VITOSA\another_test\Get_More\audio\ef_lApT7r54.wav,ef_lApT7r54_94.wav
745.698,749.694,3.995999999999981,0.8200309872627258,17,A:\A _ Working\Researching\B - AIoT Lab VN\VITOSA\another_test\Get_More\audio\eUFVxaNfhzA.wav,eUFVxaNfhzA_94.wav
